LRU序号,最后修改时间_AsiaShanghai,距审计日天数,类别,路径,大小_字节,治理状态,治理优先级,静态引用文件数,引用样例_最多3个,Last_materially_modified,建议治理动作,误删风险,说明
1,2026-04-06T11:50:44+08:00,119.81,代码,strategy/__init__.py,0,保留：稳定包标记,P4,0,,,确认包导出与安装语义；通常保留,低,mtime 对稳定包标记的治理价值有限
2,2026-04-06T11:50:44+08:00,119.81,代码,live/__init__.py,0,保留：稳定包标记,P4,0,,,确认包导出与安装语义；通常保留,低,mtime 对稳定包标记的治理价值有限
3,2026-06-26T20:09:00+08:00,38.46,工程配置,scripts/x86_live_env_audit.sh,1953,已治理：2026-07-27,P4,1,project.md,,进入近期监控；保留当前 operational entrypoint,高,引用有效且 bash 语法校验通过
4,2026-06-26T20:09:27+08:00,38.46,工程配置,scripts/x86_live_benchmark.sh,3261,已治理：2026-07-27,P4,1,project.md,,进入近期监控；保留当前 operational entrypoint,高,引用有效且 bash 语法校验通过
5,2026-06-26T20:22:04+08:00,38.45,工程配置,scripts/x86_live_soak.sh,1965,已治理：2026-07-27,P4,1,project.md,,进入近期监控；保留当前 operational entrypoint,高,引用有效且 bash 语法校验通过
6,2026-06-27T13:04:52+08:00,37.76,测试,tests/test_adverse_markout_hybrid_pause.py,1676,保留：回归/合同测试,P2,0,,,确认仍保护当前实现或冻结身份；只随对应代码原子退役,中,测试零静态引用属正常，不是删除证据
7,2026-06-29T02:47:20+08:00,36.19,测试,tests/test_l2_depth_dedup.py,989,保留：回归/合同测试,P2,0,,,确认仍保护当前实现或冻结身份；只随对应代码原子退役,中,测试零静态引用属正常，不是删除证据
8,2026-06-29T08:46:21+08:00,35.94,代码,models/alpha_hypothesis_registry.py,12382,已治理：2026-07-27,P4,0,,,保留为 diagnostic registry；不得代替 experiment manifest,高,当前 roadmap 仍保留其诊断职责
9,2026-06-29T21:14:58+08:00,35.42,代码,models/backtest_utils.py,1782,已治理：2026-07-27,P4,4,models/backtest.py | models/backtest_ml.py | models/backtest_tick.py,,保留共享 utility；合并前先迁移全部调用方,高,多个回测入口仍导入
10,2026-06-29T21:18:13+08:00,35.41,代码,bench/bench_quote_core.py,5468,已治理：2026-07-27,P4,1,cpp/README.md,,保留当前 benchmark；结果必须附环境身份,高,当前 C++ 文档引用
11,2026-06-29T21:18:22+08:00,35.41,代码,bench/bench_tick_replay.py,7264,已治理：2026-07-27,P4,1,cpp/README.md,,保留当前 benchmark；结果必须附环境身份,高,当前 C++ 文档引用
12,2026-06-30T21:58:13+08:00,34.39,代码,models/audit/__init__.py,70,保留：稳定包标记,P4,0,,,确认包导出与安装语义；通常保留,低,mtime 对稳定包标记的治理价值有限
13,2026-07-06T12:30:35+08:00,28.78,代码,narrowgate/__init__.py,327,保留：稳定包标记,P4,0,,,确认包导出与安装语义；通常保留,低,mtime 对稳定包标记的治理价值有限
14,2026-07-06T12:31:16+08:00,28.78,代码,examples/order_level_score_demo.py,1203,已治理：2026-07-27,P4,4,.github/workflows/ci.yml | README.md | README.zh-CN.md,,保留 public/CI example；随 CLI contract 复核,高,CI 与双语 README 均有消费者
15,2026-07-06T12:31:44+08:00,28.78,工程配置,Dockerfile,719,已治理：2026-07-27,P4,1,.devcontainer/devcontainer.json,,保留 packaging smoke；镜像构建变更时复核,中,Python 3.11 满足项目 >=3.10 契约
16,2026-07-06T12:31:44+08:00,28.78,代码,.devcontainer/devcontainer.json,454,待复核：旧 mtime 当前语义未确认,P2,0,,,检查 imports/CLI/tests/config/artifact manifests 与 superseding 结论后再分类,中,年龄只决定复核顺序；零静态引用也不构成删除授权
17,2026-07-06T12:33:24+08:00,28.78,代码,data/__init__.py,54,保留：稳定包标记,P4,0,,,确认包导出与安装语义；通常保留,低,mtime 对稳定包标记的治理价值有限
18,2026-07-06T12:33:24+08:00,28.78,代码,features/__init__.py,68,保留：稳定包标记,P4,0,,,确认包导出与安装语义；通常保留,低,mtime 对稳定包标记的治理价值有限
19,2026-07-06T12:33:24+08:00,28.78,代码,models/__init__.py,61,保留：稳定包标记,P4,0,,,确认包导出与安装语义；通常保留,低,mtime 对稳定包标记的治理价值有限
20,2026-07-06T12:35:26+08:00,28.78,代码,narrowgate/__main__.py,79,已治理：2026-07-27,P4,0,,,保留动态 python -m narrowgate entrypoint,高,.venv CLI help 校验通过；静态零引用属正常
21,2026-07-08T17:53:08+08:00,26.56,测试,tests/test_live_replace_throttle.py,6071,保留：回归/合同测试,P2,0,,,确认仍保护当前实现或冻结身份；只随对应代码原子退役,中,测试零静态引用属正常，不是删除证据
22,2026-07-11T10:11:53+08:00,23.88,测试,tests/test_bybit_reference_download.py,4573,保留：回归/合同测试,P2,0,,,确认仍保护当前实现或冻结身份；只随对应代码原子退役,中,测试零静态引用属正常，不是删除证据
23,2026-07-11T10:12:15+08:00,23.88,代码,data/download_bybit_reference.py,15046,已治理：2026-07-27,P4,3,pipeline.py | tests/test_bitget_reference_features.py | tests/test_bybit_reference_download.py,,保留为 Bybit spot/perp 历史 archive 重建入口,高,formal external feature pipeline 与测试仍依赖
24,2026-07-11T12:36:53+08:00,23.78,代码,data/download_okx_archive.py,7624,已治理：2026-07-27,P4,2,pipeline.py | tests/test_okx_reference.py,,保留为 OKX UTC+8 双源日 archive 下载入口,高,formal pipeline 仍需它重建 UTC good day
25,2026-07-11T13:09:57+08:00,23.75,代码,market_fusion.py,5641,已治理：2026-07-27,P4,12,Dockerfile | Makefile | project.md,,保留为 venue-aware market identity 权威模块,高,live、data、strategy、model 和 tests 广泛依赖
26,2026-07-11T14:41:03+08:00,23.69,代码,strategy/global_reference.py,9300,已治理：2026-07-27,P4,5,project.md | research/families/f04_external_market_alpha/docs/global_market_reference_review_memo_20260711.md | research/families/f07_active_order_continuation/docs/state_conditioned_market_making_literature_map_20260718.md,,保留当前 live-shadow global reference state builder,高,SignalEngine 生成且 live main 消费；2-of-3、freshness、basis 与冲突状态受测试保护
27,2026-07-11T14:41:03+08:00,23.69,测试,tests/test_global_reference.py,5799,保留：回归/合同测试,P2,0,,,确认仍保护当前实现或冻结身份；只随对应代码原子退役,中,测试零静态引用属正常，不是删除证据
28,2026-07-11T16:20:23+08:00,23.62,代码,live/venues/__init__.py,495,保留：稳定包标记,P4,0,,,确认包导出与安装语义；通常保留,低,mtime 对稳定包标记的治理价值有限
29,2026-07-11T16:41:41+08:00,23.61,代码,scripts/preflight_external_venues.py,3320,已治理：2026-07-27,P4,3,README.md | README.zh-CN.md | docs/market_data.md,,保留 public-only external connector preflight,高,无账户或订单权限；CLI 与六源/global-flow 契约有效
30,2026-07-11T16:45:04+08:00,23.6,代码,scripts/configure_public_reference_ws.py,7921,已治理：2026-07-27,P4,1,docs/market_data.md,,保留六条公开 WS source 的原子配置迁移工具,高,当前模板 dry-run 无差异；备份和原子替换路径仍有运维价值
31,2026-07-11T22:29:20+08:00,23.37,代码,research/system_engineering/audit/receive_time_tape.py,18042,已治理：2026-07-27,P4,7,research/families/f05_fill_quality_quote_ev/audit/fill_toxicity.py | research/families/f08_side_taker_lifecycle/audit/historical_live_aggtrade_parity.py | research/families/f08_side_taker_lifecycle/audit/live_taker_flow_parity.py,,保留 receive/feature-ready latency 与 leader-survival 权威审计实现,高,多个 causal audit 和 market-tape test 仍直接调用
32,2026-07-11T23:20:23+08:00,23.33,代码,cpp/narrowgate_cpp/global_flow.hpp,6802,已治理：2026-07-27,P4,2,cpp/narrowgate_cpp/bindings.cpp | cpp/narrowgate_cpp/global_flow.cpp,,保留 native global-flow ABI 与 fixed-capacity state contract,高,C++ implementation/binding 和 Python parity tests 共同依赖
33,2026-07-11T23:20:23+08:00,23.33,代码,cpp/narrowgate_cpp/global_flow.cpp,12447,已治理：2026-07-27,P4,0,,,保留 native fixed-array global-flow 热路径实现,高,live strict profile、bindings 与 parity tests 使用
34,2026-07-11T23:41:38+08:00,23.32,测试,tests/test_live_runtime_profile.py,2773,保留：回归/合同测试,P2,0,,,确认仍保护当前实现或冻结身份；只随对应代码原子退役,中,测试零静态引用属正常，不是删除证据
35,2026-07-11T23:45:04+08:00,23.31,代码,bench/bench_global_flow_batch.py,6928,已治理：2026-07-27,P4,3,README.md | README.zh-CN.md | research/system_engineering/docs/native_global_flow_batch_soak_20260711.md,,保留环境标记的 native/Python global-flow benchmark,高,当前文档和 regression path 使用；性能结论仍须绑定环境身份
36,2026-07-11T23:55:58+08:00,23.31,测试,tests/test_live_soak_analysis.py,1215,保留：回归/合同测试,P2,0,,,确认仍保护当前实现或冻结身份；只随对应代码原子退役,中,测试零静态引用属正常，不是删除证据
37,2026-07-12T01:09:31+08:00,23.25,测试,tests/test_multi_market_policy.py,3684,保留：回归/合同测试,P2,0,,,确认仍保护当前实现或冻结身份；只随对应代码原子退役,中,测试零静态引用属正常，不是删除证据
38,2026-07-12T01:14:22+08:00,23.25,代码,strategy/multi_market_policy.py,11922,已治理：2026-07-27,P4,2,models/backtest_tick.py | tests/test_multi_market_policy.py,,保留默认 no-op 的 multi-market policy 研究边界,高,replay 与 tests 仍依赖；存在不代表具 live promotion 权限
39,2026-07-12T01:48:17+08:00,23.23,代码,strategy/campaign_repair.py,11054,已治理：2026-07-27,P4,10,models/backtest_tick.py | research/families/f01_fixed_parameter_racing/campaign_outcome_replay_audit.py | research/families/f09_campaign_action_uplift/audit/campaign_repair_probability.py,,保留 causal campaign-repair feature/model 与 history contract,高,formal replay 和 campaign audit 仍直接消费；预测不自动授权 action
40,2026-07-12T02:08:18+08:00,23.21,测试,tests/test_campaign_repair.py,3552,保留：回归/合同测试,P2,0,,,确认仍保护当前实现或冻结身份；只随对应代码原子退役,中,测试零静态引用属正常，不是删除证据
41,2026-07-12T09:23:28+08:00,22.91,代码,research/families/f09_campaign_action_uplift/audit/post_fill_stop_add_paired.py,16375,受保护：历史/冻结证据,P4,2,research/governance/migrations/layout_v2.json | tests/test_post_fill_stop_add_paired.py,,保留为已关闭 stop-add family 的冻结 paired-report 复现器,中,不具当前 promotion 权限；删除需先退役 campaign-outcome 中对应历史 arm
42,2026-07-12T13:50:17+08:00,22.73,代码,scripts/configure_receive_time_capture.py,6804,已治理：2026-07-27,P4,2,scripts/run_bounded_receive_time_capture.sh | tests/test_configure_receive_time_capture.py,,保留 bounded receive-time capture 的原子配置工具,高,当前 supervisor 和测试直接依赖
43,2026-07-12T13:50:29+08:00,22.73,测试,tests/test_configure_receive_time_capture.py,1810,保留：回归/合同测试,P2,0,,,确认仍保护当前实现或冻结身份；只随对应代码原子退役,中,测试零静态引用属正常，不是删除证据
44,2026-07-12T13:56:43+08:00,22.72,代码,strategy/global_flow.py,21298,已治理：2026-07-27,P4,12,bench/bench_global_flow_batch.py | models/backtest_tick.py | project.md,,保留 Python/native 共用 GlobalFlowState 权威接口,高,live SignalEngine、replay、benchmark 和 parity tests 均依赖
45,2026-07-12T13:56:43+08:00,22.72,测试,tests/test_global_flow.py,6102,保留：回归/合同测试,P2,0,,,确认仍保护当前实现或冻结身份；只随对应代码原子退役,中,测试零静态引用属正常，不是删除证据
46,2026-07-14T15:06:41+08:00,20.67,代码,research/families/f09_campaign_action_uplift/causal_path_features.py,13509,已治理：2026-07-27,P4,10,docs/audit_entrypoints_20260630.md | models/backtest_tick.py | research/families/f09_campaign_action_uplift/audit/enrich_safe_add_rearm_paths.py,,保留 shock/refill/recovery 的共享 causal path 实现,高,formal replay 与多个 action panel 使用；所有事件受 decision timestamp 截止
47,2026-07-15T00:30:19+08:00,20.28,代码,strategy/state_conditioned_quote_policy.py,18120,已治理：2026-07-27,P4,12,models/backtest_tick.py | models/replay_policies.py | project.md,,保留 strict artifact gating 与 baseline fallback runtime,高,active 模式要求 promotion identity；默认/不支持状态回退 baseline
48,2026-07-15T20:29:41+08:00,19.45,测试,tests/test_alpha_evidence_units.py,1362,保留：回归/合同测试,P4,0,,,确认仍保护当前实现或冻结身份；只随对应代码原子退役,中,测试零静态引用属正常，不是删除证据
49,2026-07-15T23:04:12+08:00,19.34,代码,research/system_engineering/audit/rest_latency_calibration.py,5816,已治理：2026-07-27,P4,2,research/governance/migrations/layout_v2.json | tests/test_rest_latency_calibration.py,,保留 new/cancel ACK latency artifact 校准入口,高,queue/lifecycle replay 仍需环境绑定分布
50,2026-07-17T05:52:25+08:00,18.06,代码,research/families/f09_campaign_action_uplift/audit/post_fill_response_kernel.py,34682,已治理：2026-07-27,P4,2,research/governance/migrations/layout_v2.json | tests/test_post_fill_response_kernel.py,,保留 research-only Hawkes/response diagnostic fitter,中,输出固定为 research_only；启用 runtime 前仍须通过 paired action evidence
51,2026-07-17T07:18:49+08:00,18.0,测试,tests/test_common_side_policy.py,2424,保留：回归/合同测试,P4,0,,,确认仍保护当前实现或冻结身份；只随对应代码原子退役,中,测试零静态引用属正常，不是删除证据
52,2026-07-17T13:52:20+08:00,17.72,代码,models/queue_calibration.py,38418,已治理：2026-07-27,P4,5,models/backtest_config.py | models/backtest_ml.py | models/backtest_tick.py,,保留 strict queue artifact loader、validator 与 regime lookup,高,formal replay 仍依赖 q0.70 artifact identity
53,2026-07-17T14:37:56+08:00,17.69,代码,live/venues/bybit.py,22283,已治理：2026-07-27,P4,1,tests/test_bybit_reference.py,,保留 Bybit public spot/perp WS/REST reference adapter,高,live external source factory 和回归测试使用
54,2026-07-17T14:37:56+08:00,17.69,代码,live/venues/okx.py,21116,已治理：2026-07-27,P4,1,tests/test_okx_reference.py,,保留 OKX public spot/perp WS/REST reference adapter,高,live external source factory 和回归测试使用
55,2026-07-17T14:39:34+08:00,17.69,代码,requirements.txt,218,待复核：进入 LRU 中段,P3,1,project.md,,按消费者、单位、时钟、baseline 与研究身份检查是否同步,高,mtime 不是过期证明
56,2026-07-17T14:47:05+08:00,17.69,测试,tests/test_cpp_signal_features.py,6409,保留：回归/合同测试,P4,1,.github/workflows/ci.yml,,确认仍保护当前实现或冻结身份；只随对应代码原子退役,高,测试零静态引用属正常，不是删除证据
57,2026-07-17T14:47:05+08:00,17.69,测试,tests/test_cpp_global_flow.py,9237,保留：回归/合同测试,P4,0,,,确认仍保护当前实现或冻结身份；只随对应代码原子退役,中,测试零静态引用属正常，不是删除证据
58,2026-07-17T14:52:26+08:00,17.68,测试,tests/test_cpp_tick_replay_golden_parity.py,4759,保留：回归/合同测试,P4,1,docs/dev/ci.md,,确认仍保护当前实现或冻结身份；只随对应代码原子退役,高,测试零静态引用属正常，不是删除证据
59,2026-07-17T14:59:41+08:00,17.68,代码,bench/bench_live_path.py,13769,已治理：2026-07-27,P4,3,project.md | scripts/x86_live_benchmark.sh | scripts/x86_live_soak.sh,,保留 native live-path boundary benchmark,高,结果必须绑定 host/build/profile identity
60,2026-07-17T17:30:13+08:00,17.57,工程配置,examples/live_dry_run_config.yaml,1426,已治理：2026-07-27,P4,1,docs/ops/live_dry_run.md,,保留 no-order dry-run 配置示例,高,operations guide 直接引用且 strict config 可加载
61,2026-07-17T17:31:08+08:00,17.57,代码,live/venues/common.py,9764,已治理：2026-07-27,P4,6,live/venues/bitget.py | live/venues/bybit.py | live/venues/okx.py,,保留同步 callback 的 tape normalization 与 bounded recorder primitives,高,已回滚 worker dispatcher；三个 venue adapters 仍共享当前实现
62,2026-07-17T17:31:08+08:00,17.57,测试,tests/test_live_fill_cooldown_policy.py,5420,保留：回归/合同测试,P4,0,,,确认仍保护当前实现或冻结身份；只随对应代码原子退役,中,测试零静态引用属正常，不是删除证据
63,2026-07-17T17:32:38+08:00,17.57,测试,tests/test_bitget_reference.py,9392,保留：回归/合同测试,P4,0,,,确认仍保护当前实现或冻结身份；只随对应代码原子退役,中,测试零静态引用属正常，不是删除证据
64,2026-07-17T17:32:38+08:00,17.57,测试,tests/test_bybit_reference.py,6655,保留：回归/合同测试,P4,0,,,确认仍保护当前实现或冻结身份；只随对应代码原子退役,中,测试零静态引用属正常，不是删除证据
65,2026-07-17T17:33:23+08:00,17.57,代码,bench/bench_live_routing_bridge.py,2912,已治理：2026-07-27,P4,3,project.md | scripts/x86_live_benchmark.sh | scripts/x86_live_soak.sh,,保留 compact tuple pybind boundary microbenchmark,高,旧 dict ABI 已删除；当前 compact benchmark 可运行且结果须绑定环境
66,2026-07-17T17:59:14+08:00,17.55,代码,models/quote_context_batch.py,14737,已治理：2026-07-27,P4,2,research/families/f04_external_market_alpha/cross_market_shock_audit.py | research/families/f05_fill_quality_quote_ev/train_quote_ev.py,,保留 quote context batch materialization helper,高,current shock audit 与 quote-EV shadow training 使用
67,2026-07-17T17:59:14+08:00,17.55,代码,models/alpha_evidence_ledger.py,36888,已治理：2026-07-27,P4,3,docs/audit_entrypoints_20260630.md | docs/codebase_architecture_20260705.md | tests/test_alpha_evidence_units.py,,保留 fill-level alpha evidence diagnostic ledger,高,不是参数 optimizer；单位契约与 CLI 通过
68,2026-07-17T17:59:38+08:00,17.55,测试,tests/test_bitget_reference_features.py,5058,保留：回归/合同测试,P4,0,,,确认仍保护当前实现或冻结身份；只随对应代码原子退役,中,测试零静态引用属正常，不是删除证据
69,2026-07-17T22:14:24+08:00,17.38,测试,tests/test_audit_loaders.py,882,保留：回归/合同测试,P4,0,,,确认仍保护当前实现或冻结身份；只随对应代码原子退役,中,测试零静态引用属正常，不是删除证据
70,2026-07-17T22:18:23+08:00,17.37,测试,tests/test_adaptive_controls.py,7248,保留：回归/合同测试,P4,0,,,确认仍保护当前实现或冻结身份；只随对应代码原子退役,中,测试零静态引用属正常，不是删除证据
71,2026-07-17T23:06:46+08:00,17.34,测试,tests/test_tick_ab_registry.py,1855,保留：回归/合同测试,P4,0,,,确认仍保护当前实现或冻结身份；只随对应代码原子退役,中,测试零静态引用属正常，不是删除证据
72,2026-07-17T23:07:19+08:00,17.34,代码,models/audit/support.py,6372,被引用内容同步审计,P2,9,research/families/f01_fixed_parameter_racing/campaign_outcome_replay_audit.py | research/families/f04_external_market_alpha/audit/external_venue_shadow_panel.py | research/families/f05_fill_quality_quote_ev/audit/fill_toxicity.py,,沿引用样例核对接口、结论和命令；修正文档或迁移调用方,高,有消费者，治理前必须处理依赖
73,2026-07-17T23:07:29+08:00,17.34,代码,data/build_external_reference_features.py,12259,被引用内容同步审计,P2,2,pipeline.py | tests/test_bitget_reference_features.py,,沿引用样例核对接口、结论和命令；修正文档或迁移调用方,高,有消费者，治理前必须处理依赖
74,2026-07-18T00:09:45+08:00,17.3,代码,scripts/analyze_live_soak.py,16259,被引用内容同步审计,P2,4,README.md | README.zh-CN.md | project.md,,沿引用样例核对接口、结论和命令；修正文档或迁移调用方,高,有消费者，治理前必须处理依赖
75,2026-07-18T17:51:32+08:00,16.56,代码,live/venues/bitget.py,17459,被引用内容同步审计,P2,1,tests/test_bitget_reference.py,,沿引用样例核对接口、结论和命令；修正文档或迁移调用方,高,有消费者，治理前必须处理依赖
76,2026-07-19T17:52:07+08:00,15.56,代码,research/families/f09_campaign_action_uplift/audit/offline_policy_evaluation.py,53571,被引用内容同步审计,P2,17,README.md | README.zh-CN.md | docs/audit_entrypoints_20260630.md,,沿引用样例核对接口、结论和命令；修正文档或迁移调用方,高,有消费者，治理前必须处理依赖
77,2026-07-19T21:24:45+08:00,15.41,代码,research/families/f09_campaign_action_uplift/audit/safe_policy_improvement.py,16609,被引用内容同步审计,P2,2,research/governance/migrations/layout_v2.json | tests/test_safe_policy_improvement.py,,沿引用样例核对接口、结论和命令；修正文档或迁移调用方,高,有消费者，治理前必须处理依赖
78,2026-07-20T00:24:10+08:00,15.29,测试,tests/test_live_maker_close_ioc.py,2723,保留：回归/合同测试,P4,0,,,确认仍保护当前实现或冻结身份；只随对应代码原子退役,中,测试零静态引用属正常，不是删除证据
79,2026-07-20T02:12:13+08:00,15.21,冻结规范/登记表,research/families/f10_live_replay_attribution/docs/operational_baseline_identity_20260720.json,2898,受保护：历史/冻结证据,P3,4,.github/skills/mm-as-glft-ml-spread/SKILL.md | project.md | research/families/f10_live_replay_attribution/docs/historical_backtest_evidence_revalidation_20260720.md,,核对身份、hash 与 current/superseded 声明；禁止因年龄改写结论,高,冻结证据只允许索引、路径解析与解释层治理
80,2026-07-20T02:20:39+08:00,15.2,文档,research/system_engineering/docs/aws_tokyo_market_data_latency_stable_20260712.md,5668,被引用内容同步审计,P2,2,project.md | research/governance/migrations/layout_v2.json,,沿引用样例核对接口、结论和命令；修正文档或迁移调用方,高,有消费者，治理前必须处理依赖
81,2026-07-20T14:47:40+08:00,14.69,测试,tests/test_active_order_queue.py,6337,保留：回归/合同测试,P4,0,,,确认仍保护当前实现或冻结身份；只随对应代码原子退役,中,测试零静态引用属正常，不是删除证据
82,2026-07-20T17:11:36+08:00,14.59,代码,data/download_binance_vision.py,12005,被引用内容同步审计,P2,1,pipeline.py,,沿引用样例核对接口、结论和命令；修正文档或迁移调用方,高,有消费者，治理前必须处理依赖
83,2026-07-20T17:15:24+08:00,14.58,代码,research/families/f07_active_order_continuation/audit/active_order_queue_closure.py,6815,被引用内容同步审计,P2,2,research/governance/migrations/layout_v2.json | tests/test_active_order_queue_closure.py,,沿引用样例核对接口、结论和命令；修正文档或迁移调用方,高,有消费者，治理前必须处理依赖
84,2026-07-20T17:24:40+08:00,14.58,测试,tests/test_preprocess_metrics.py,2677,保留：回归/合同测试,P4,0,,,确认仍保护当前实现或冻结身份；只随对应代码原子退役,中,测试零静态引用属正常，不是删除证据
85,2026-07-21T03:27:13+08:00,14.16,代码,models/audit/native_exchange_book_universe.py,8897,被引用内容同步审计,P2,1,tests/test_native_exchange_book_universe.py,,沿引用样例核对接口、结论和命令；修正文档或迁移调用方,高,有消费者，治理前必须处理依赖
86,2026-07-21T03:27:31+08:00,14.16,测试,tests/test_native_exchange_book_universe.py,3103,保留：回归/合同测试,P4,0,,,确认仍保护当前实现或冻结身份；只随对应代码原子退役,中,测试零静态引用属正常，不是删除证据
87,2026-07-21T04:16:57+08:00,14.12,代码,models/tick_data_types.py,12578,被引用内容同步审计,P2,28,models/backtest_tick.py | models/data_windows.py | models/exchange_book_replay.py,,沿引用样例核对接口、结论和命令；修正文档或迁移调用方,高,有消费者，治理前必须处理依赖
88,2026-07-21T05:22:18+08:00,14.08,代码,research/families/f07_active_order_continuation/audit/queue_value_models.py,75306,被引用内容同步审计,P2,8,models/backtest_tick.py | research/families/f07_active_order_continuation/audit/local_order_value_replay.py | research/families/f07_active_order_continuation/audit/queue_value_competing_risk.py,,沿引用样例核对接口、结论和命令；修正文档或迁移调用方,高,有消费者，治理前必须处理依赖
89,2026-07-21T17:33:29+08:00,13.57,文档,research/families/f07_active_order_continuation/docs/native_exchange_book_replay_scheduler_20260720.md,12977,受保护：历史/冻结证据,P3,4,docs/research/README.md | project.md | research/families/f07_active_order_continuation/docs/deep_active_order_queue_probe_20260720.md,,核对身份、hash 与 current/superseded 声明；禁止因年龄改写结论,高,冻结证据只允许索引、路径解析与解释层治理
90,2026-07-21T17:33:29+08:00,13.57,文档,research/families/f07_active_order_continuation/docs/deep_active_order_queue_probe_20260720.md,12689,受保护：历史/冻结证据,P3,5,README.md | README.zh-CN.md | project.md,,核对身份、hash 与 current/superseded 声明；禁止因年龄改写结论,高,冻结证据只允许索引、路径解析与解释层治理
91,2026-07-21T19:15:07+08:00,13.5,测试,tests/test_time_unit_contracts.py,13294,保留：回归/合同测试,P4,0,,,确认仍保护当前实现或冻结身份；只随对应代码原子退役,中,测试零静态引用属正常，不是删除证据
92,2026-07-21T21:19:05+08:00,13.41,代码,research/families/f10_live_replay_attribution/audit/live_order_fill_closure.py,9098,被引用内容同步审计,P2,2,research/governance/migrations/layout_v2.json | tests/test_live_order_fill_closure.py,,沿引用样例核对接口、结论和命令；修正文档或迁移调用方,高,有消费者，治理前必须处理依赖
93,2026-07-21T23:31:30+08:00,13.32,测试,tests/test_exec_book_visibility_delay.py,11512,保留：回归/合同测试,P4,0,,,确认仍保护当前实现或冻结身份；只随对应代码原子退役,中,测试零静态引用属正常，不是删除证据
94,2026-07-22T00:35:02+08:00,13.28,文档,research/system_engineering/docs/formal_replay_contract_20260722.md,4409,被引用内容同步审计,P2,2,project.md | research/governance/migrations/layout_v2.json,,沿引用样例核对接口、结论和命令；修正文档或迁移调用方,高,有消费者，治理前必须处理依赖
95,2026-07-22T01:30:59+08:00,13.24,测试,tests/test_state_conditioned_rearm.py,2855,保留：回归/合同测试,P4,0,,,确认仍保护当前实现或冻结身份；只随对应代码原子退役,中,测试零静态引用属正常，不是删除证据
96,2026-07-22T05:48:00+08:00,13.06,测试,tests/test_first_add_skip_replay.py,4212,保留：回归/合同测试,P4,0,,,确认仍保护当前实现或冻结身份；只随对应代码原子退役,中,测试零静态引用属正常，不是删除证据
97,2026-07-22T06:23:20+08:00,13.04,测试,tests/test_replay_action_policy.py,6201,保留：回归/合同测试,P4,0,,,确认仍保护当前实现或冻结身份；只随对应代码原子退役,中,测试零静态引用属正常，不是删除证据
98,2026-07-22T17:30:42+08:00,12.57,代码,models/audit/experiment_manifest.py,14042,被引用内容同步审计,P2,31,research/families/f04_external_market_alpha/docs/cross_venue_reference_to_alpha_roadmap_20260711.md | research/families/f06_placement_fill_cif/audit/competing_curve_fill_cif.py | research/families/f06_placement_fill_cif/audit/direct_fill_cif.py,,沿引用样例核对接口、结论和命令；修正文档或迁移调用方,高,有消费者，治理前必须处理依赖
99,2026-07-22T18:13:07+08:00,12.54,测试,tests/test_experiment_manifest.py,5357,保留：回归/合同测试,P4,0,,,确认仍保护当前实现或冻结身份；只随对应代码原子退役,中,测试零静态引用属正常，不是删除证据
100,2026-07-22T18:29:29+08:00,12.53,代码,models/replay_policies.py,26090,被引用内容同步审计,P2,20,models/backtest_tick.py | research/families/f09_campaign_action_uplift/audit/local_action_ope_report.py | research/families/f09_campaign_action_uplift/audit/local_action_uplift.py,,沿引用样例核对接口、结论和命令；修正文档或迁移调用方,高,有消费者，治理前必须处理依赖
101,2026-07-22T21:51:30+08:00,12.39,代码,research/families/f09_campaign_action_uplift/audit/toxic_fill_selectivity.py,17268,被引用内容同步审计,P2,6,research/families/f09_campaign_action_uplift/audit/local_action_ope_report.py | research/families/f09_campaign_action_uplift/audit/local_action_uplift.py | research/families/f09_campaign_action_uplift/audit/randomized_action_contrast.py,,沿引用样例核对接口、结论和命令；修正文档或迁移调用方,高,有消费者，治理前必须处理依赖
102,2026-07-23T01:16:14+08:00,12.25,文档,research/families/f07_active_order_continuation/docs/queue_value_net_hazard_keep_cancel_v2_20260722.md,7046,受保护：历史/冻结证据,P3,5,docs/research/README.md | project.md | research/families/f01_fixed_parameter_racing/docs/fixed_parameter_strategy_family_closed.md,,核对身份、hash 与 current/superseded 声明；禁止因年龄改写结论,高,冻结证据只允许索引、路径解析与解释层治理
103,2026-07-23T05:32:56+08:00,12.07,代码,research/families/f07_active_order_continuation/audit/local_order_value_panel.py,31891,被引用内容同步审计,P2,5,research/families/f07_active_order_continuation/audit/local_order_value_replay.py | research/families/f09_campaign_action_uplift/audit/local_action_uplift.py | research/governance/migrations/layout_v2.json,,沿引用样例核对接口、结论和命令；修正文档或迁移调用方,高,有消费者，治理前必须处理依赖
104,2026-07-23T07:03:02+08:00,12.01,代码,research/families/f08_side_taker_lifecycle/audit/event_identity_and_riskset.py,14734,被引用内容同步审计,P2,2,research/governance/migrations/layout_v2.json | tests/test_event_identity_and_riskset.py,,沿引用样例核对接口、结论和命令；修正文档或迁移调用方,高,有消费者，治理前必须处理依赖
105,2026-07-23T08:09:43+08:00,11.96,文档,research/families/f08_side_taker_lifecycle/docs/event_identity_and_riskset_v1_20260723.md,3411,受保护：历史/冻结证据,P3,3,docs/research/README.md | research/families/f08_side_taker_lifecycle/docs/side_taker_hazard_m0_v1_20260723.md | research/governance/migrations/layout_v2.json,,核对身份、hash 与 current/superseded 声明；禁止因年龄改写结论,高,冻结证据只允许索引、路径解析与解释层治理
106,2026-07-23T08:10:24+08:00,11.96,文档,research/families/f08_side_taker_lifecycle/docs/live_taker_flow_parity_v1_20260723.md,3144,受保护：历史/冻结证据,P3,2,docs/research/README.md | research/governance/migrations/layout_v2.json,,核对身份、hash 与 current/superseded 声明；禁止因年龄改写结论,高,冻结证据只允许索引、路径解析与解释层治理
107,2026-07-23T08:12:36+08:00,11.96,代码,research/families/f08_side_taker_lifecycle/audit/side_taker_flow_panel.py,45570,被引用内容同步审计,P2,2,research/governance/migrations/layout_v2.json | tests/test_side_taker_flow_panel.py,,沿引用样例核对接口、结论和命令；修正文档或迁移调用方,高,有消费者，治理前必须处理依赖
108,2026-07-23T08:14:46+08:00,11.96,代码,research/families/f08_side_taker_lifecycle/audit/binance_trade_mapping.py,18147,被引用内容同步审计,P2,3,research/families/f08_side_taker_lifecycle/audit/historical_live_aggtrade_parity.py | research/governance/migrations/layout_v2.json | tests/test_binance_trade_mapping.py,,沿引用样例核对接口、结论和命令；修正文档或迁移调用方,高,有消费者，治理前必须处理依赖
109,2026-07-23T09:49:52+08:00,11.89,文档,research/families/f08_side_taker_lifecycle/docs/binance_trade_lifecycle_contract_v2_20260723.md,7756,受保护：历史/冻结证据,P3,7,docs/research/README.md | project.md | research/families/f08_side_taker_lifecycle/docs/event_identity_and_riskset_v1_20260723.md,,核对身份、hash 与 current/superseded 声明；禁止因年龄改写结论,高,冻结证据只允许索引、路径解析与解释层治理
110,2026-07-23T09:52:06+08:00,11.89,文档,research/families/f08_side_taker_lifecycle/docs/side_taker_hazard_m0_v1_20260723.md,6095,受保护：历史/冻结证据,P3,4,docs/research/README.md | project.md | research/families/f08_side_taker_lifecycle/docs/side_specific_taker_flow_research_20260723.md,,核对身份、hash 与 current/superseded 声明；禁止因年龄改写结论,高,冻结证据只允许索引、路径解析与解释层治理
111,2026-07-23T09:52:06+08:00,11.89,文档,research/families/f08_side_taker_lifecycle/docs/side_specific_taker_flow_research_20260723.md,7347,受保护：历史/冻结证据,P3,3,docs/research/README.md | project.md | research/governance/migrations/layout_v2.json,,核对身份、hash 与 current/superseded 声明；禁止因年龄改写结论,高,冻结证据只允许索引、路径解析与解释层治理
112,2026-07-23T22:17:57+08:00,11.37,代码,research/families/f08_side_taker_lifecycle/audit/event_identity_and_riskset_v2.py,12953,被引用内容同步审计,P2,3,research/families/f07_active_order_continuation/audit/local_order_value_replay.py | research/governance/migrations/layout_v2.json | tests/test_event_identity_and_riskset_v2.py,,沿引用样例核对接口、结论和命令；修正文档或迁移调用方,高,有消费者，治理前必须处理依赖
113,2026-07-23T22:21:49+08:00,11.37,文档,research/families/f07_active_order_continuation/docs/dynamic_fill_hazard_m0_v2_20260723.md,5354,受保护：历史/冻结证据,P3,3,docs/research/README.md | project.md | research/governance/migrations/layout_v2.json,,核对身份、hash 与 current/superseded 声明；禁止因年龄改写结论,高,冻结证据只允许索引、路径解析与解释层治理
114,2026-07-24T00:48:04+08:00,11.27,工程配置,scripts/run_bounded_receive_time_capture.sh,1896,被引用内容同步审计,P2,1,scripts/bounded_receive_time_capture.py,,沿引用样例核对接口、结论和命令；修正文档或迁移调用方,高,有消费者，治理前必须处理依赖
115,2026-07-24T00:53:40+08:00,11.27,测试,tests/test_bounded_receive_time_capture.py,8047,保留：回归/合同测试,P4,0,,,确认仍保护当前实现或冻结身份；只随对应代码原子退役,中,测试零静态引用属正常，不是删除证据
116,2026-07-24T03:10:07+08:00,11.17,代码,models/audit/native_exchange_book_universe_v2.py,9300,被引用内容同步审计,P2,2,research/shared/data_identity/README.md | tests/test_native_exchange_book_universe_v2.py,,沿引用样例核对接口、结论和命令；修正文档或迁移调用方,高,有消费者，治理前必须处理依赖
117,2026-07-24T03:12:10+08:00,11.17,测试,tests/test_native_exchange_book_universe_v2.py,2439,保留：回归/合同测试,P4,0,,,确认仍保护当前实现或冻结身份；只随对应代码原子退役,中,测试零静态引用属正常，不是删除证据
118,2026-07-24T05:24:43+08:00,11.08,代码,models/audit/native_exchange_book_sequence_audit_v2.py,14067,被引用内容同步审计,P2,1,tests/test_native_exchange_book_sequence_audit_v2.py,,沿引用样例核对接口、结论和命令；修正文档或迁移调用方,高,有消费者，治理前必须处理依赖
119,2026-07-24T05:25:02+08:00,11.08,测试,tests/test_native_exchange_book_sequence_audit_v2.py,1728,保留：回归/合同测试,P4,0,,,确认仍保护当前实现或冻结身份；只随对应代码原子退役,中,测试零静态引用属正常，不是删除证据
120,2026-07-24T06:39:06+08:00,11.03,测试,tests/test_native_normalized_book_manifest.py,3469,保留：回归/合同测试,P4,0,,,确认仍保护当前实现或冻结身份；只随对应代码原子退役,中,测试零静态引用属正常，不是删除证据
121,2026-07-24T06:45:40+08:00,11.02,代码,models/audit/native_lifecycle_universe_v1.py,9375,被引用内容同步审计,P2,4,models/audit/freeze_lifecycle_panel_subset.py | research/families/f03_causal_13_head/docs/causal_v5_revalidation_registry_20260725.md | tests/test_freeze_lifecycle_panel_subset.py,,沿引用样例核对接口、结论和命令；修正文档或迁移调用方,高,有消费者，治理前必须处理依赖
122,2026-07-24T06:45:58+08:00,11.02,测试,tests/test_native_lifecycle_universe_v1.py,2780,保留：回归/合同测试,P4,0,,,确认仍保护当前实现或冻结身份；只随对应代码原子退役,中,测试零静态引用属正常，不是删除证据
123,2026-07-24T06:53:14+08:00,11.02,代码,models/audit/native_normalized_book_manifest.py,21259,被引用内容同步审计,P2,2,data/normalized_l2_registry.py | tests/test_native_normalized_book_manifest.py,,沿引用样例核对接口、结论和命令；修正文档或迁移调用方,高,有消费者，治理前必须处理依赖
124,2026-07-24T07:16:56+08:00,11.0,代码,models/audit/strict_universe_split.py,8790,被引用内容同步审计,P2,1,tests/test_strict_universe_split.py,,沿引用样例核对接口、结论和命令；修正文档或迁移调用方,高,有消费者，治理前必须处理依赖
125,2026-07-24T07:16:56+08:00,11.0,测试,tests/test_strict_universe_split.py,2288,保留：回归/合同测试,P4,0,,,确认仍保护当前实现或冻结身份；只随对应代码原子退役,中,测试零静态引用属正常，不是删除证据
126,2026-07-24T09:20:17+08:00,10.91,代码,models/audit/freeze_lifecycle_panel_subset.py,9058,被引用内容同步审计,P2,1,tests/test_freeze_lifecycle_panel_subset.py,,沿引用样例核对接口、结论和命令；修正文档或迁移调用方,高,有消费者，治理前必须处理依赖
127,2026-07-24T09:20:46+08:00,10.91,测试,tests/test_freeze_lifecycle_panel_subset.py,2876,保留：回归/合同测试,P4,0,,,确认仍保护当前实现或冻结身份；只随对应代码原子退役,中,测试零静态引用属正常，不是删除证据
128,2026-07-24T17:45:15+08:00,10.56,代码,models/audit/evidence_split.py,27963,被引用内容同步审计,P2,14,.github/skills/mm-as-glft-ml-spread/SKILL.md | project.md | research/families/f07_active_order_continuation/audit/dynamic_fill_hazard.py,,沿引用样例核对接口、结论和命令；修正文档或迁移调用方,高,有消费者，治理前必须处理依赖
129,2026-07-24T17:50:20+08:00,10.56,测试,tests/test_evidence_split.py,9848,保留：回归/合同测试,P4,0,,,确认仍保护当前实现或冻结身份；只随对应代码原子退役,中,测试零静态引用属正常，不是删除证据
130,2026-07-25T04:27:56+08:00,10.12,文档,docs/native_strict_universe_20260724.md,12093,被引用内容同步审计,P2,3,docs/marketdata_good_day_alignment_20260720.md | docs/research/README.md | research/families/f03_causal_13_head/docs/causal_v5_revalidation_registry_20260725.md,,沿引用样例核对接口、结论和命令；修正文档或迁移调用方,高,有消费者，治理前必须处理依赖
131,2026-07-25T06:23:05+08:00,10.04,代码,strategy/policy_guards.py,19781,被引用内容同步审计,P2,19,models/backtest_tick.py | research/families/f09_campaign_action_uplift/docs/cross_venue_fair_center_shift_randomized_replay_v1_1_spec_20260801.json | research/families/f09_campaign_action_uplift/docs/cross_venue_fair_center_shift_randomized_replay_v1_spec_20260801.json,,沿引用样例核对接口、结论和命令；修正文档或迁移调用方,高,有消费者，治理前必须处理依赖
132,2026-07-25T06:42:00+08:00,10.02,文档,research/families/f07_active_order_continuation/docs/buy_exposure_adverse_q90_live_policy_20260725.md,2116,受保护：历史/冻结证据,P3,2,project.md | research/governance/migrations/layout_v2.json,,核对身份、hash 与 current/superseded 声明；禁止因年龄改写结论,高,冻结证据只允许索引、路径解析与解释层治理
133,2026-07-25T10:33:19+08:00,9.86,代码,data/normalized_l2_registry.py,29947,被引用内容同步审计,P2,9,research/families/f06_placement_fill_cif/audit/fixed_spread_support.py | research/families/f06_placement_fill_cif/audit/paired_fixed_spread_monotonic.py | research/families/f09_campaign_action_uplift/docs/cross_venue_fair_center_shift_randomized_replay_v1_1_spec_20260801.json,,沿引用样例核对接口、结论和命令；修正文档或迁移调用方,高,有消费者，治理前必须处理依赖
134,2026-07-25T10:33:19+08:00,9.86,测试,tests/test_normalized_l2_registry.py,10505,保留：回归/合同测试,P4,0,,,确认仍保护当前实现或冻结身份；只随对应代码原子退役,中,测试零静态引用属正常，不是删除证据
135,2026-07-25T10:37:37+08:00,9.86,代码,models/symbol_paths.py,2771,被引用内容同步审计,P2,18,Makefile | models/alpha_evidence_ledger.py | models/alpha_hypothesis_registry.py,,沿引用样例核对接口、结论和命令；修正文档或迁移调用方,高,有消费者，治理前必须处理依赖
136,2026-07-25T12:04:15+08:00,9.8,文档,research/families/f02_empirical_p3_touch/docs/p3_touch_recalibration_normalized100ms_v2_20260725.md,2641,受保护：历史/冻结证据,P3,3,docs/legacy_l2_evidence_revalidation_20260725.md | research/governance/migrations/layout_v2.json | research/research_family_foundation_and_blockers_20260729.md,,核对身份、hash 与 current/superseded 声明；禁止因年龄改写结论,高,冻结证据只允许索引、路径解析与解释层治理
137,2026-07-25T12:32:43+08:00,9.78,代码,data/audit_raw_trades.py,13634,被引用内容同步审计,P2,4,README.md | README.zh-CN.md | pipeline.py,,沿引用样例核对接口、结论和命令；修正文档或迁移调用方,高,有消费者，治理前必须处理依赖
138,2026-07-25T12:33:50+08:00,9.78,测试,tests/test_raw_trade_integrity.py,884,保留：回归/合同测试,P4,0,,,确认仍保护当前实现或冻结身份；只随对应代码原子退役,中,测试零静态引用属正常，不是删除证据
139,2026-07-25T12:48:50+08:00,9.77,文档,docs/normalized_l2_100ms_v2_20260725.md,8141,被引用内容同步审计,P2,2,docs/audit_entrypoints_20260630.md | docs/marketdata_good_day_alignment_20260720.md,,沿引用样例核对接口、结论和命令；修正文档或迁移调用方,高,有消费者，治理前必须处理依赖
140,2026-07-25T13:20:00+08:00,9.75,测试,tests/test_l2_path_selection.py,4288,保留：回归/合同测试,P4,0,,,确认仍保护当前实现或冻结身份；只随对应代码原子退役,中,测试零静态引用属正常，不是删除证据
141,2026-07-25T15:22:24+08:00,9.66,代码,models/quote_decomposition_tick.py,35827,被引用内容同步审计,P2,6,.github/skills/mm-as-glft-ml-spread/SKILL.md | models/alpha_evidence_ledger.py | models/experiment_runner.py,,沿引用样例核对接口、结论和命令；修正文档或迁移调用方,高,有消费者，治理前必须处理依赖
142,2026-07-25T15:39:23+08:00,9.65,代码,research/families/f05_fill_quality_quote_ev/audit/fill_selection_score.py,58922,被引用内容同步审计,P2,3,docs/audit_entrypoints_20260630.md | docs/codebase_architecture_20260705.md | research/governance/migrations/layout_v2.json,,沿引用样例核对接口、结论和命令；修正文档或迁移调用方,高,有消费者，治理前必须处理依赖
143,2026-07-25T15:53:46+08:00,9.64,代码,research/families/f10_live_replay_attribution/audit/fill_inventory_lifecycle.py,14079,被引用内容同步审计,P2,2,research/governance/migrations/layout_v2.json | tests/test_fill_inventory_lifecycle.py,,沿引用样例核对接口、结论和命令；修正文档或迁移调用方,高,有消费者，治理前必须处理依赖
144,2026-07-25T22:48:11+08:00,9.35,冻结规范/登记表,research/families/f10_live_replay_attribution/docs/operational_baseline_identity_20260725.json,5137,受保护：历史/冻结证据,P3,3,.github/skills/mm-as-glft-ml-spread/SKILL.md | project.md | research/governance/migrations/layout_v2.json,,核对身份、hash 与 current/superseded 声明；禁止因年龄改写结论,高,冻结证据只允许索引、路径解析与解释层治理
145,2026-07-26T11:10:21+08:00,8.84,文档,research/families/f06_placement_fill_cif/docs/paired_fixed_spread_monotonic_v2_20260726.md,8057,受保护：历史/冻结证据,P3,2,project.md | research/governance/migrations/layout_v2.json,,核对身份、hash 与 current/superseded 声明；禁止因年龄改写结论,高,冻结证据只允许索引、路径解析与解释层治理
146,2026-07-26T11:33:12+08:00,8.82,冻结规范/登记表,research/families/f06_placement_fill_cif/docs/paired_state_fill_surface_v1_spec_20260726.json,6992,受保护：历史/冻结证据,P3,3,project.md | research/families/f06_placement_fill_cif/audit/paired_order_lifecycle_smoke.py | research/governance/migrations/layout_v2.json,,核对身份、hash 与 current/superseded 声明；禁止因年龄改写结论,高,冻结证据只允许索引、路径解析与解释层治理
147,2026-07-26T12:42:53+08:00,8.77,文档,research/families/f06_placement_fill_cif/docs/paired_state_fill_surface_smoke_20260726.md,4453,受保护：历史/冻结证据,P3,2,project.md | research/governance/migrations/layout_v2.json,,核对身份、hash 与 current/superseded 声明；禁止因年龄改写结论,高,冻结证据只允许索引、路径解析与解释层治理
148,2026-07-26T12:45:20+08:00,8.77,冻结规范/登记表,research/families/f06_placement_fill_cif/docs/paired_state_fill_surface_v1_experiment_spec_20260726.json,4098,受保护：历史/冻结证据,P3,1,research/governance/migrations/layout_v2.json,,核对身份、hash 与 current/superseded 声明；禁止因年龄改写结论,高,冻结证据只允许索引、路径解析与解释层治理
149,2026-07-26T13:29:34+08:00,8.74,代码,cpp/narrowgate_cpp/quote_core.cpp,35457,被引用内容同步审计,P2,1,cpp/README.md,,沿引用样例核对接口、结论和命令；修正文档或迁移调用方,高,有消费者，治理前必须处理依赖
150,2026-07-26T13:33:39+08:00,8.74,代码,strategy/inventory_manager.py,32537,被引用内容同步审计,P2,8,.github/skills/mm-as-glft-ml-spread/SKILL.md | bench/bench_live_path.py | docs/value_provenance_registry_20260727.json,,沿引用样例核对接口、结论和命令；修正文档或迁移调用方,高,有消费者，治理前必须处理依赖
151,2026-07-26T13:37:18+08:00,8.74,代码,research/families/f10_live_replay_attribution/audit/metrics.py,278790,被引用内容同步审计,P2,13,docs/audit_entrypoints_20260630.md | research/families/f01_fixed_parameter_racing/campaign_outcome_replay_audit.py | research/families/f04_external_market_alpha/audit/external_venue_shadow_panel.py,,沿引用样例核对接口、结论和命令；修正文档或迁移调用方,高,有消费者，治理前必须处理依赖
152,2026-07-26T13:38:13+08:00,8.73,代码,strategy/post_fill_quote_response.py,19729,被引用内容同步审计,P2,5,models/backtest_tick.py | research/families/f07_active_order_continuation/docs/state_conditioned_market_making_literature_map_20260718.md | strategy/maker_engine.py,,沿引用样例核对接口、结论和命令；修正文档或迁移调用方,高,有消费者，治理前必须处理依赖
153,2026-07-26T13:38:13+08:00,8.73,测试,tests/test_post_fill_quote_response.py,6998,保留：回归/合同测试,P4,0,,,确认仍保护当前实现或冻结身份；只随对应代码原子退役,中,测试零静态引用属正常，不是删除证据
154,2026-07-26T13:39:27+08:00,8.73,文档,research/families/f07_active_order_continuation/docs/queue_value_cancel_reenter_v3_development_20260720.md,9432,受保护：历史/冻结证据,P3,4,README.md | README.zh-CN.md | project.md,,核对身份、hash 与 current/superseded 声明；禁止因年龄改写结论,高,冻结证据只允许索引、路径解析与解释层治理
155,2026-07-26T13:59:46+08:00,8.72,测试,tests/test_cryptohft_orderbook_download.py,27803,保留：回归/合同测试,P4,0,,,确认仍保护当前实现或冻结身份；只随对应代码原子退役,中,测试零静态引用属正常，不是删除证据
156,2026-07-26T14:29:27+08:00,8.7,代码,models/backtest.py,19246,被引用内容同步审计,P2,4,.github/skills/mm-as-glft-ml-spread/SKILL.md | models/README.md | models/experiment_runner.py,,沿引用样例核对接口、结论和命令；修正文档或迁移调用方,高,有消费者，治理前必须处理依赖
157,2026-07-26T14:54:32+08:00,8.68,测试,tests/test_calendar_features.py,9206,保留：回归/合同测试,P4,0,,,确认仍保护当前实现或冻结身份；只随对应代码原子退役,中,测试零静态引用属正常，不是删除证据
158,2026-07-26T16:02:49+08:00,8.63,代码,calendar_features.py,24345,被引用内容同步审计,P2,4,Dockerfile | Makefile | features/feature_engineer.py,,沿引用样例核对接口、结论和命令；修正文档或迁移调用方,高,有消费者，治理前必须处理依赖
159,2026-07-26T16:45:48+08:00,8.6,代码,live/orderbook/__init__.py,177,保留：稳定包标记,P4,0,,,确认包导出与安装语义；通常保留,低,mtime 对稳定包标记的治理价值有限
160,2026-07-26T16:45:48+08:00,8.6,代码,execution/__init__.py,239,保留：稳定包标记,P4,0,,,确认包导出与安装语义；通常保留,低,mtime 对稳定包标记的治理价值有限
161,2026-07-26T17:25:35+08:00,8.58,文档,research/system_engineering/docs/time_unit_contract_repair_20260726.md,10146,被引用内容同步审计,P2,6,.github/skills/mm-as-glft-ml-spread/SKILL.md | docs/audit_entrypoints_20260630.md | project.md,,沿引用样例核对接口、结论和命令；修正文档或迁移调用方,高,有消费者，治理前必须处理依赖
162,2026-07-26T22:06:48+08:00,8.38,测试,tests/test_bitget_archive_import.py,4379,保留：回归/合同测试,P4,0,,,确认仍保护当前实现或冻结身份；只随对应代码原子退役,中,测试零静态引用属正常，不是删除证据
163,2026-07-26T22:06:48+08:00,8.38,代码,data/import_bitget_archive.py,19323,被引用内容同步审计,P2,2,pipeline.py | tests/test_bitget_archive_import.py,,沿引用样例核对接口、结论和命令；修正文档或迁移调用方,高,有消费者，治理前必须处理依赖
164,2026-07-27T02:38:03+08:00,8.19,代码,models/audit/order_lifecycle.py,37213,近期变更待观察,P4,9,docs/value_provenance_registry_20260727.json | models/backtest_tick.py | research/families/f07_active_order_continuation/audit/local_order_value_replay.py,,检查测试/文档是否随本次变更同步,中,mtime 很新，但不代表已完成语义审计
165,2026-07-27T02:38:03+08:00,8.19,冻结规范/登记表,research/families/f06_placement_fill_cif/docs/placement_fill_cif_v1_spec_20260726.json,6664,受保护：历史/冻结证据,P3,8,docs/experiment_scorecard_v1_20260722.md | research/families/f06_placement_fill_cif/audit/direct_fill_cif.py | research/families/f06_placement_fill_cif/audit/placement_fill_panel.py,,核对身份、hash 与 current/superseded 声明；禁止因年龄改写结论,高,冻结证据只允许索引、路径解析与解释层治理
166,2026-07-27T02:38:03+08:00,8.19,测试,tests/test_order_lifecycle.py,14039,保留：回归/合同测试,P4,0,,,确认仍保护当前实现或冻结身份；只随对应代码原子退役,中,测试零静态引用属正常，不是删除证据
167,2026-07-27T06:32:19+08:00,8.03,文档,research/families/f06_placement_fill_cif/docs/placement_fill_cif_v1_development_20260726.md,5284,受保护：历史/冻结证据,P3,1,research/governance/migrations/layout_v2.json,,核对身份、hash 与 current/superseded 声明；禁止因年龄改写结论,高,冻结证据只允许索引、路径解析与解释层治理
168,2026-07-27T06:46:20+08:00,8.02,代码,models/audit/panel_promotion_controller.py,4108,近期变更待观察,P4,6,docs/codebase_architecture_20260705.md | docs/experiment_scorecard_v1_20260722.md | project.md,,检查测试/文档是否随本次变更同步,中,mtime 很新，但不代表已完成语义审计
169,2026-07-27T06:46:54+08:00,8.02,代码,models/audit/experiment_scorecard.py,54221,近期变更待观察,P4,35,docs/arm_scoring_design_20260706.md | docs/codebase_architecture_20260705.md | docs/experiment_scorecard_v1_20260722.md,,检查测试/文档是否随本次变更同步,中,mtime 很新，但不代表已完成语义审计
170,2026-07-27T06:47:40+08:00,8.02,测试,tests/test_experiment_scorecard.py,15926,保留：回归/合同测试,P4,1,research/families/f09_campaign_action_uplift/docs/causal_v12_ranked_toxicity_exposure_guard_full_path_adapter_v1_3_execution_amendment_20260802.json,,确认仍保护当前实现或冻结身份；只随对应代码原子退役,高,测试零静态引用属正常，不是删除证据
171,2026-07-27T06:47:59+08:00,8.02,测试,tests/test_panel_promotion_controller.py,2494,保留：回归/合同测试,P4,0,,,确认仍保护当前实现或冻结身份；只随对应代码原子退役,中,测试零静态引用属正常，不是删除证据
172,2026-07-27T06:51:01+08:00,8.02,文档,research/families/f01_fixed_parameter_racing/docs/paired_screen_v2_architecture_20260727.md,2828,受保护：历史/冻结证据,P3,3,docs/experiment_scorecard_v1_20260722.md | research/families/f09_campaign_action_uplift/docs/offline_policy_evaluation_20260712.md | research/governance/migrations/layout_v2.json,,核对身份、hash 与 current/superseded 声明；禁止因年龄改写结论,高,冻结证据只允许索引、路径解析与解释层治理
173,2026-07-27T07:13:50+08:00,8.0,文档,research/families/f04_external_market_alpha/docs/global_reference_stage0_retained111_20260711.md,4937,受保护：历史/冻结证据,P3,5,README.md | README.zh-CN.md | project.md,,核对身份、hash 与 current/superseded 声明；禁止因年龄改写结论,高,冻结证据只允许索引、路径解析与解释层治理
174,2026-07-27T07:13:50+08:00,8.0,文档,research/families/f04_external_market_alpha/docs/global_market_reference_review_memo_20260711.md,17093,受保护：历史/冻结证据,P3,4,README.md | README.zh-CN.md | project.md,,核对身份、hash 与 current/superseded 声明；禁止因年龄改写结论,高,冻结证据只允许索引、路径解析与解释层治理
175,2026-07-27T07:13:50+08:00,8.0,文档,research/families/f10_live_replay_attribution/docs/fill_inventory_lifecycle_retained111_20260713.md,3383,受保护：历史/冻结证据,P3,1,research/governance/migrations/layout_v2.json,,核对身份、hash 与 current/superseded 声明；禁止因年龄改写结论,高,冻结证据只允许索引、路径解析与解释层治理
176,2026-07-27T07:14:45+08:00,8.0,文档,research/families/f03_causal_13_head/docs/model_runtime_cleanup_retrain_20260717.md,4878,受保护：历史/冻结证据,P3,2,project.md | research/governance/migrations/layout_v2.json,,核对身份、hash 与 current/superseded 声明；禁止因年龄改写结论,高,冻结证据只允许索引、路径解析与解释层治理
177,2026-07-27T07:14:45+08:00,8.0,文档,research/families/f10_live_replay_attribution/docs/live_replay_code_parity_20260717.md,4641,受保护：历史/冻结证据,P3,3,project.md | research/governance/migrations/layout_v2.json | research/research_family_foundation_and_blockers_20260729.md,,核对身份、hash 与 current/superseded 声明；禁止因年龄改写结论,高,冻结证据只允许索引、路径解析与解释层治理
178,2026-07-27T07:14:45+08:00,8.0,文档,research/families/f03_causal_13_head/docs/causal_v4_empirical_p3_retrain_replay_20260718.md,7381,受保护：历史/冻结证据,P3,2,project.md | research/governance/migrations/layout_v2.json,,核对身份、hash 与 current/superseded 声明；禁止因年龄改写结论,高,冻结证据只允许索引、路径解析与解释层治理
179,2026-07-27T07:14:45+08:00,8.0,文档,research/families/f09_campaign_action_uplift/docs/side_specific_action_uplift_existing_split_20260718.md,8969,受保护：历史/冻结证据,P3,6,.github/skills/mm-as-glft-ml-spread/SKILL.md | README.md | README.zh-CN.md,,核对身份、hash 与 current/superseded 声明；禁止因年龄改写结论,高,冻结证据只允许索引、路径解析与解释层治理
180,2026-07-27T07:14:45+08:00,8.0,文档,research/families/f09_campaign_action_uplift/docs/buy_add_conditional_widen_causal_v4_v1_20260718.md,4826,受保护：历史/冻结证据,P3,5,README.md | README.zh-CN.md | project.md,,核对身份、hash 与 current/superseded 声明；禁止因年龄改写结论,高,冻结证据只允许索引、路径解析与解释层治理
181,2026-07-27T07:14:46+08:00,8.0,文档,research/families/f09_campaign_action_uplift/docs/sell_add_repair_trend_skip_causal_v4_v1_20260718.md,7422,受保护：历史/冻结证据,P3,6,README.md | README.zh-CN.md | project.md,,核对身份、hash 与 current/superseded 声明；禁止因年龄改写结论,高,冻结证据只允许索引、路径解析与解释层治理
182,2026-07-27T07:14:46+08:00,8.0,文档,research/families/f07_active_order_continuation/docs/state_conditioned_market_making_literature_map_20260718.md,16628,受保护：历史/冻结证据,P3,1,research/governance/migrations/layout_v2.json,,核对身份、hash 与 current/superseded 声明；禁止因年龄改写结论,高,冻结证据只允许索引、路径解析与解释层治理
183,2026-07-27T07:14:46+08:00,8.0,文档,docs/retained_event_l2_rebuild_20260718.md,8837,近期变更待观察,P4,3,README.md | README.zh-CN.md | project.md,,检查测试/文档是否随本次变更同步,中,mtime 很新，但不代表已完成语义审计
184,2026-07-27T07:14:46+08:00,8.0,文档,docs/marketdata_good_day_alignment_20260720.md,7231,近期变更待观察,P4,0,,,检查测试/文档是否随本次变更同步,中,mtime 很新，但不代表已完成语义审计
185,2026-07-27T07:14:46+08:00,8.0,文档,research/families/f07_active_order_continuation/docs/queue_value_keep_cancel_v1_20260719.md,6542,受保护：历史/冻结证据,P3,4,README.md | README.zh-CN.md | project.md,,核对身份、hash 与 current/superseded 声明；禁止因年龄改写结论,高,冻结证据只允许索引、路径解析与解释层治理
186,2026-07-27T07:14:46+08:00,8.0,文档,research/families/f09_campaign_action_uplift/docs/recovery_event_rearm_v1_20260722.md,6447,受保护：历史/冻结证据,P3,6,docs/research/README.md | project.md | research/families/f01_fixed_parameter_racing/docs/fixed_parameter_strategy_family_closed.md,,核对身份、hash 与 current/superseded 声明；禁止因年龄改写结论,高,冻结证据只允许索引、路径解析与解释层治理
187,2026-07-27T07:14:46+08:00,8.0,文档,research/families/f09_campaign_action_uplift/docs/state_conditioned_rearm_after85_v1_20260722.md,8317,受保护：历史/冻结证据,P3,6,docs/audit_entrypoints_20260630.md | project.md | research/families/f01_fixed_parameter_racing/docs/fixed_parameter_strategy_family_closed.md,,核对身份、hash 与 current/superseded 声明；禁止因年龄改写结论,高,冻结证据只允许索引、路径解析与解释层治理
188,2026-07-27T07:14:46+08:00,8.0,文档,research/families/f09_campaign_action_uplift/docs/sell_campaign_add_permission_v1_20260722.md,6184,受保护：历史/冻结证据,P3,5,project.md | research/families/f01_fixed_parameter_racing/docs/fixed_parameter_strategy_family_closed.md | research/families/f09_campaign_action_uplift/docs/cooldown_action_leverage_frontier_v1_spec_20260730.json,,核对身份、hash 与 current/superseded 声明；禁止因年龄改写结论,高,冻结证据只允许索引、路径解析与解释层治理
189,2026-07-27T07:14:53+08:00,8.0,文档,research/system_engineering/docs/replay_time_unit_causality_repair_20260715.md,7102,近期变更待观察,P4,4,README.md | README.zh-CN.md | project.md,,检查测试/文档是否随本次变更同步,中,mtime 很新，但不代表已完成语义审计
190,2026-07-27T07:16:06+08:00,8.0,文档,research/families/f10_live_replay_attribution/docs/historical_backtest_evidence_revalidation_20260720.md,8626,受保护：历史/冻结证据,P3,6,.github/skills/mm-as-glft-ml-spread/SKILL.md | README.md | README.zh-CN.md,,核对身份、hash 与 current/superseded 声明；禁止因年龄改写结论,高,冻结证据只允许索引、路径解析与解释层治理
191,2026-07-27T07:16:49+08:00,8.0,文档,research/families/f10_live_replay_attribution/docs/dynamic_mechanism_campaign_audit_20260722.md,7382,受保护：历史/冻结证据,P3,3,project.md | research/families/f01_fixed_parameter_racing/docs/fixed_parameter_strategy_family_closed.md | research/governance/migrations/layout_v2.json,,核对身份、hash 与 current/superseded 声明；禁止因年龄改写结论,高,冻结证据只允许索引、路径解析与解释层治理
192,2026-07-27T07:17:08+08:00,8.0,文档,research/families/f03_causal_13_head/docs/causal_v5_normalized100ms_revalidation_20260725.md,17247,受保护：历史/冻结证据,P3,3,project.md | research/families/f01_fixed_parameter_racing/docs/fixed_parameter_strategy_family_closed.md | research/governance/migrations/layout_v2.json,,核对身份、hash 与 current/superseded 声明；禁止因年龄改写结论,高,冻结证据只允许索引、路径解析与解释层治理
193,2026-07-27T07:17:13+08:00,8.0,文档,docs/legacy_l2_evidence_revalidation_20260725.md,8069,近期变更待观察,P4,6,docs/market_data.md | docs/normalized_l2_100ms_v2_20260725.md | project.md,,检查测试/文档是否随本次变更同步,中,mtime 很新，但不代表已完成语义审计
194,2026-07-27T07:17:22+08:00,8.0,文档,research/families/f03_causal_13_head/docs/causal_v5_revalidation_registry_20260725.md,19860,受保护：历史/冻结证据,P3,3,project.md | research/families/f01_fixed_parameter_racing/docs/fixed_parameter_strategy_family_closed.md | research/governance/migrations/layout_v2.json,,核对身份、hash 与 current/superseded 声明；禁止因年龄改写结论,高,冻结证据只允许索引、路径解析与解释层治理
195,2026-07-27T07:17:40+08:00,8.0,文档,research/families/f05_fill_quality_quote_ev/docs/offensive_defensive_arm_taxonomy_20260706.md,25417,受保护：历史/冻结证据,P3,2,docs/arm_scoring_design_20260706.md | research/governance/migrations/layout_v2.json,,核对身份、hash 与 current/superseded 声明；禁止因年龄改写结论,高,冻结证据只允许索引、路径解析与解释层治理
196,2026-07-27T07:32:19+08:00,7.99,冻结规范/登记表,research/families/f03_causal_13_head/docs/causal_v8_through_20260725_spec_20260727.json,4010,受保护：历史/冻结证据,P3,1,research/governance/migrations/layout_v2.json,,核对身份、hash 与 current/superseded 声明；禁止因年龄改写结论,高,冻结证据只允许索引、路径解析与解释层治理
197,2026-07-27T07:42:26+08:00,7.98,文档,research/families/f03_causal_13_head/docs/causal_v8_lineage_invalidation_20260727.md,1403,受保护：历史/冻结证据,P3,1,research/governance/migrations/layout_v2.json,,核对身份、hash 与 current/superseded 声明；禁止因年龄改写结论,高,冻结证据只允许索引、路径解析与解释层治理
198,2026-07-27T07:42:26+08:00,7.98,冻结规范/登记表,research/families/f03_causal_13_head/docs/causal_v9_through_20260725_spec_20260727.json,2669,受保护：历史/冻结证据,P3,1,research/governance/migrations/layout_v2.json,,核对身份、hash 与 current/superseded 声明；禁止因年龄改写结论,高,冻结证据只允许索引、路径解析与解释层治理
199,2026-07-27T08:07:55+08:00,7.96,冻结规范/登记表,research/families/f03_causal_13_head/docs/causal_v9_formal_panel_amendment_20260727.json,1481,受保护：历史/冻结证据,P3,1,research/governance/migrations/layout_v2.json,,核对身份、hash 与 current/superseded 声明；禁止因年龄改写结论,高,冻结证据只允许索引、路径解析与解释层治理
200,2026-07-27T08:14:29+08:00,7.96,文档,research/families/f03_causal_13_head/docs/causal_v9_through_20260725_replay_20260727.md,5365,受保护：历史/冻结证据,P3,2,research/governance/migrations/layout_v2.json | research/research_family_foundation_and_blockers_20260729.md,,核对身份、hash 与 current/superseded 声明；禁止因年龄改写结论,高,冻结证据只允许索引、路径解析与解释层治理
201,2026-07-27T08:45:07+08:00,7.94,冻结规范/登记表,research/families/f06_placement_fill_cif/docs/placement_fill_cif_v2_spec_20260727.json,7669,受保护：历史/冻结证据,P3,4,research/families/f06_placement_fill_cif/docs/placement_fill_cif_v3_spec_20260727.json | research/families/f06_placement_fill_cif/docs/placement_fill_cif_v4_spec_20260727.json | research/governance/historical_reproduction_registry.v1.json,,核对身份、hash 与 current/superseded 声明；禁止因年龄改写结论,高,冻结证据只允许索引、路径解析与解释层治理
202,2026-07-27T08:59:55+08:00,7.93,代码,research/families/f06_placement_fill_cif/audit/placement_fill_spec.py,1701,近期变更待观察,P4,16,research/families/f06_placement_fill_cif/audit/competing_curve_fill_cif.py | research/families/f06_placement_fill_cif/audit/direct_fill_cif.py | research/families/f06_placement_fill_cif/audit/evaluate_competing_curve_cif.py,,检查测试/文档是否随本次变更同步,中,mtime 很新，但不代表已完成语义审计
203,2026-07-27T08:59:55+08:00,7.93,冻结规范/登记表,research/families/f06_placement_fill_cif/docs/placement_fill_cif_v3_spec_20260727.json,1658,受保护：历史/冻结证据,P3,3,research/governance/historical_reproduction_registry.v1.json | research/governance/migrations/layout_v2.json | tests/test_placement_fill_spec.py,,核对身份、hash 与 current/superseded 声明；禁止因年龄改写结论,高,冻结证据只允许索引、路径解析与解释层治理
204,2026-07-27T09:31:31+08:00,7.91,冻结规范/登记表,research/families/f06_placement_fill_cif/docs/placement_fill_cif_v4_spec_20260727.json,2401,受保护：历史/冻结证据,P3,3,research/governance/historical_reproduction_registry.v1.json | research/governance/migrations/layout_v2.json | tests/test_placement_fill_spec.py,,核对身份、hash 与 current/superseded 声明；禁止因年龄改写结论,高,冻结证据只允许索引、路径解析与解释层治理
205,2026-07-27T09:49:52+08:00,7.89,测试,tests/test_placement_fill_probability.py,4872,保留：回归/合同测试,P4,0,,,确认仍保护当前实现或冻结身份；只随对应代码原子退役,中,测试零静态引用属正常，不是删除证据
206,2026-07-27T10:04:28+08:00,7.88,代码,strategy/placement_fill_probability.py,14797,近期变更待观察,P4,2,.github/skills/mm-as-glft-ml-spread/SKILL.md | tests/test_placement_fill_probability.py,,检查测试/文档是否随本次变更同步,中,mtime 很新，但不代表已完成语义审计
207,2026-07-27T10:59:29+08:00,7.84,文档,research/families/f06_placement_fill_cif/docs/placement_fill_cif_v4_validation_20260727.md,4925,受保护：历史/冻结证据,P3,1,research/governance/migrations/layout_v2.json,,核对身份、hash 与 current/superseded 声明；禁止因年龄改写结论,高,冻结证据只允许索引、路径解析与解释层治理
208,2026-07-27T11:59:46+08:00,7.8,代码,features/preprocess.py,14407,近期变更待观察,P4,6,.github/skills/mm-as-glft-ml-spread/SKILL.md | features/feature_engineer.py | pipeline.py,,检查测试/文档是否随本次变更同步,中,mtime 很新，但不代表已完成语义审计
209,2026-07-27T12:01:01+08:00,7.8,测试,tests/test_preprocess_trade_bars.py,1396,保留：回归/合同测试,P4,0,,,确认仍保护当前实现或冻结身份；只随对应代码原子退役,中,测试零静态引用属正常，不是删除证据
210,2026-07-27T12:03:05+08:00,7.8,代码,research/families/f04_external_market_alpha/external_consensus_layer.py,47644,近期变更待观察,P4,4,pipeline.py | research/governance/migrations/layout_v2.json | tests/test_global_reference_layer.py,,检查测试/文档是否随本次变更同步,中,mtime 很新，但不代表已完成语义审计
211,2026-07-27T12:06:36+08:00,7.8,文档,research/families/f04_external_market_alpha/docs/btcusdt_trade_bridge_migration_20260727.md,5285,受保护：历史/冻结证据,P3,2,research/families/f04_external_market_alpha/docs/cross_venue_reference_to_alpha_roadmap_20260711.md | research/governance/migrations/layout_v2.json,,核对身份、hash 与 current/superseded 声明；禁止因年龄改写结论,高,冻结证据只允许索引、路径解析与解释层治理
212,2026-07-27T12:09:35+08:00,7.8,代码,research/families/f04_external_market_alpha/reference_replay.py,18960,近期变更待观察,P4,5,models/backtest_tick.py | research/families/f01_fixed_parameter_racing/campaign_outcome_replay_audit.py | research/families/f05_fill_quality_quote_ev/audit/fill_toxicity.py,,检查测试/文档是否随本次变更同步,中,mtime 很新，但不代表已完成语义审计
213,2026-07-27T16:42:39+08:00,7.61,冻结规范/登记表,research/families/f06_placement_fill_cif/docs/placement_fill_full_curve_cif_v1_spec_20260727.json,6731,受保护：历史/冻结证据,P3,3,research/families/f06_placement_fill_cif/audit/full_curve_fill_cif.py | research/families/f06_placement_fill_cif/docs/placement_fill_full_curve_cif_v2_spec_20260727.json | research/governance/migrations/layout_v2.json,,核对身份、hash 与 current/superseded 声明；禁止因年龄改写结论,高,冻结证据只允许索引、路径解析与解释层治理
214,2026-07-27T16:48:03+08:00,7.6,冻结规范/登记表,research/families/f06_placement_fill_cif/docs/placement_fill_full_curve_cif_v2_spec_20260727.json,1737,受保护：历史/冻结证据,P3,2,research/families/f06_placement_fill_cif/docs/placement_fill_full_curve_cif_v3_spec_20260727.json | research/governance/migrations/layout_v2.json,,核对身份、hash 与 current/superseded 声明；禁止因年龄改写结论,高,冻结证据只允许索引、路径解析与解释层治理
215,2026-07-27T16:57:13+08:00,7.6,冻结规范/登记表,research/families/f06_placement_fill_cif/docs/placement_fill_full_curve_cif_v3_spec_20260727.json,2573,受保护：历史/冻结证据,P3,2,research/families/f06_placement_fill_cif/docs/placement_fill_full_curve_competing_cif_v4_spec_20260727.json | research/governance/migrations/layout_v2.json,,核对身份、hash 与 current/superseded 声明；禁止因年龄改写结论,高,冻结证据只允许索引、路径解析与解释层治理
216,2026-07-27T17:12:01+08:00,7.59,文档,research/families/f06_placement_fill_cif/docs/volatility_conditioned_fill_probability_design_20260726.md,9870,受保护：历史/冻结证据,P3,2,project.md | research/governance/migrations/layout_v2.json,,核对身份、hash 与 current/superseded 声明；禁止因年龄改写结论,高,冻结证据只允许索引、路径解析与解释层治理
217,2026-07-27T17:23:44+08:00,7.58,冻结规范/登记表,research/families/f06_placement_fill_cif/docs/placement_fill_full_curve_competing_cif_v4_spec_20260727.json,4412,受保护：历史/冻结证据,P3,10,research/families/f06_placement_fill_cif/audit/competing_curve_fill_cif.py | research/families/f06_placement_fill_cif/audit/evaluate_competing_curve_cif.py | research/families/f06_placement_fill_cif/audit/evaluate_nested_role_competing_curve_cif.py,,核对身份、hash 与 current/superseded 声明；禁止因年龄改写结论,高,冻结证据只允许索引、路径解析与解释层治理
218,2026-07-27T17:33:39+08:00,7.57,文档,research/families/f06_placement_fill_cif/docs/placement_fill_full_curve_cif_v3_development_20260727.md,5367,受保护：历史/冻结证据,P3,1,research/governance/migrations/layout_v2.json,,核对身份、hash 与 current/superseded 声明；禁止因年龄改写结论,高,冻结证据只允许索引、路径解析与解释层治理
219,2026-07-27T18:06:45+08:00,7.55,冻结规范/登记表,research/families/f06_placement_fill_cif/docs/placement_fill_role_calibrated_competing_cif_v5_spec_20260727.json,2999,受保护：历史/冻结证据,P3,4,research/families/f06_placement_fill_cif/audit/evaluate_role_calibrated_competing_curve_cif.py | research/families/f06_placement_fill_cif/audit/role_calibrated_competing_curve_cif.py | research/governance/historical_reproduction_registry.v1.json,,核对身份、hash 与 current/superseded 声明；禁止因年龄改写结论,高,冻结证据只允许索引、路径解析与解释层治理
220,2026-07-27T18:16:56+08:00,7.54,文档,research/families/f06_placement_fill_cif/docs/placement_fill_full_curve_competing_cif_v4_development_20260727.md,4624,受保护：历史/冻结证据,P3,1,research/governance/migrations/layout_v2.json,,核对身份、hash 与 current/superseded 声明；禁止因年龄改写结论,高,冻结证据只允许索引、路径解析与解释层治理
221,2026-07-27T18:31:56+08:00,7.53,冻结规范/登记表,research/families/f06_placement_fill_cif/docs/placement_fill_nested_role_competing_cif_v6_spec_20260727.json,4234,受保护：历史/冻结证据,P3,4,research/families/f06_placement_fill_cif/audit/evaluate_nested_role_competing_curve_cif.py | research/families/f06_placement_fill_cif/audit/nested_role_calibrated_competing_curve_cif.py | research/governance/historical_reproduction_registry.v1.json,,核对身份、hash 与 current/superseded 声明；禁止因年龄改写结论,高,冻结证据只允许索引、路径解析与解释层治理
222,2026-07-27T19:02:58+08:00,7.51,文档,research/families/f06_placement_fill_cif/docs/placement_fill_role_calibrated_competing_cif_v5_development_20260727.md,3583,受保护：历史/冻结证据,P3,1,research/governance/migrations/layout_v2.json,,核对身份、hash 与 current/superseded 声明；禁止因年龄改写结论,高,冻结证据只允许索引、路径解析与解释层治理
223,2026-07-27T19:51:50+08:00,7.47,测试,tests/test_minimal_marketdata_daily_quality.py,1966,保留：回归/合同测试,P4,0,,,确认仍保护当前实现或冻结身份；只随对应代码原子退役,中,测试零静态引用属正常，不是删除证据
224,2026-07-27T19:53:03+08:00,7.47,代码,models/audit/minimal_marketdata_daily_quality.py,16242,近期变更待观察,P4,3,research/research_family_foundation_and_blockers_20260729.md | research/shared/data_identity/README.md | tests/test_minimal_marketdata_daily_quality.py,,检查测试/文档是否随本次变更同步,中,mtime 很新，但不代表已完成语义审计
225,2026-07-27T19:54:28+08:00,7.47,文档,research/families/f06_placement_fill_cif/docs/placement_fill_nested_role_competing_cif_v6_development_20260727.md,3778,受保护：历史/冻结证据,P3,1,research/governance/migrations/layout_v2.json,,核对身份、hash 与 current/superseded 声明；禁止因年龄改写结论,高,冻结证据只允许索引、路径解析与解释层治理
226,2026-07-27T19:54:28+08:00,7.47,冻结规范/登记表,research/families/f06_placement_fill_cif/docs/placement_fill_policy_clock_race_v1_spec_20260727.json,3366,受保护：历史/冻结证据,P3,2,research/families/f06_placement_fill_cif/docs/placement_fill_policy_clock_panel_v1_spec_20260728.json | research/governance/migrations/layout_v2.json,,核对身份、hash 与 current/superseded 声明；禁止因年龄改写结论,高,冻结证据只允许索引、路径解析与解释层治理
227,2026-07-27T20:31:57+08:00,7.45,文档,docs/minimal_marketdata_good_day_reaudit_20260727.md,5197,近期变更待观察,P4,2,docs/market_data.md | research/families/f04_external_market_alpha/docs/cross_venue_reference_to_alpha_roadmap_20260711.md,,检查测试/文档是否随本次变更同步,中,mtime 很新，但不代表已完成语义审计
228,2026-07-27T20:53:26+08:00,7.43,文档,docs/dev/README.md,278,已治理：2026-07-27,P4,0,,2026-07-27,进入近期监控；后续按新 mtime 重新排队,低,已补实质修改标签或完成同步
229,2026-07-27T20:56:33+08:00,7.43,文档,research/system_engineering/docs/aws_tokyo_market_data_latency_profile_20260711.md,5127,受保护：历史/冻结证据,P3,2,project.md | research/governance/migrations/layout_v2.json,2026-07-27,核对身份、hash 与 current/superseded 声明；禁止因年龄直接改写结论,高,冻结证据只允许身份和索引层治理
230,2026-07-27T20:56:33+08:00,7.43,文档,research/system_engineering/docs/native_global_flow_batch_soak_20260711.md,5368,受保护：历史/冻结证据,P3,4,README.md | README.zh-CN.md | research/governance/migrations/layout_v2.json,2026-07-27,核对身份、hash 与 current/superseded 声明；禁止因年龄直接改写结论,高,冻结证据只允许身份和索引层治理
231,2026-07-27T20:56:33+08:00,7.43,文档,research/system_engineering/docs/reference_feed_dispatch_soak_20260711.md,8490,受保护：历史/冻结证据,P3,2,research/governance/migrations/layout_v2.json | research/research_family_foundation_and_blockers_20260729.md,2026-07-27,核对身份、hash 与 current/superseded 声明；禁止因年龄直接改写结论,高,冻结证据只允许身份和索引层治理
232,2026-07-27T20:56:33+08:00,7.43,文档,research/system_engineering/docs/remote_main_archive_20260705.md,1573,受保护：历史/冻结证据,P3,1,research/governance/migrations/layout_v2.json,2026-07-27,核对身份、hash 与 current/superseded 声明；禁止因年龄直接改写结论,高,冻结证据只允许身份和索引层治理
233,2026-07-27T21:25:50+08:00,7.41,文档,research/families/f09_campaign_action_uplift/docs/offline_policy_evaluation_20260712.md,13249,受保护：历史/冻结证据,P3,5,README.md | README.zh-CN.md | docs/audit_entrypoints_20260630.md,2026-07-27,核对身份、hash 与 current/superseded 声明；禁止因年龄改写结论,高,冻结证据只允许索引、路径解析与解释层治理
234,2026-07-27T21:26:19+08:00,7.41,文档,docs/ops/live_dry_run.md,3199,已治理：2026-07-27,P4,3,README.md | README.zh-CN.md | docs/ops/README.md,2026-07-27,进入近期监控；部署契约变化时复核,低,已补 preflight 与 local-declared/remote-running identity 边界
235,2026-07-27T21:26:49+08:00,7.41,文档,cpp/README.md,26181,已治理：2026-07-27,P4,0,,2026-07-27,进入近期监控；formal ABI/parity 变化时复核,低,已区分 ext_policy_v3 formal ABI 与历史 benchmark/migration 快照
236,2026-07-27T22:30:45+08:00,7.36,文档,research/families/f01_fixed_parameter_racing/docs/fixed_parameter_strategy_family_closed.md,14285,受保护：历史/冻结证据,P3,3,docs/audit_entrypoints_20260630.md | research/governance/migrations/layout_v2.json | research/research_family_foundation_and_blockers_20260729.md,2026-07-27,核对身份、hash 与 current/superseded 声明；禁止因年龄改写结论,高,冻结证据只允许索引、路径解析与解释层治理
237,2026-07-27T23:17:08+08:00,7.33,文档,docs/ops/README.md,649,已治理：2026-07-27,P4,0,,2026-07-27,进入近期监控；后续按新 mtime 重新排队,低,已补实质修改标签或完成同步
238,2026-07-27T23:17:08+08:00,7.33,文档,research/system_engineering/docs/bounded_receive_time_capture_operations_20260724.md,3404,已治理：2026-07-27,P4,2,docs/ops/README.md | research/governance/migrations/layout_v2.json,2026-07-27,保留当前 bounded-capture 运维手册；日期段仅作历史迁移证据,高,现行脚本 CLI 与两阶段 supervisor/validation 契约一致；命令已绑定 .venv Python
239,2026-07-27T23:17:08+08:00,7.33,文档,research/families/f10_live_replay_attribution/docs/live_48h_loss_attribution_20260722.md,8272,受保护：历史/冻结证据,P3,2,research/families/f10_live_replay_attribution/docs/live_pre_restart_48h_loss_attribution_20260725.md | research/governance/migrations/layout_v2.json,2026-07-27,核对身份、hash 与 current/superseded 声明；禁止因年龄改写结论,高,冻结证据只允许索引、路径解析与解释层治理
240,2026-07-27T23:17:08+08:00,7.33,文档,research/families/f10_live_replay_attribution/docs/live_pre_restart_48h_loss_attribution_20260725.md,8136,受保护：历史/冻结证据,P3,3,project.md | research/governance/migrations/layout_v2.json | research/research_family_foundation_and_blockers_20260729.md,2026-07-27,核对身份、hash 与 current/superseded 声明；禁止因年龄改写结论,高,冻结证据只允许索引、路径解析与解释层治理
241,2026-07-27T23:28:27+08:00,7.32,测试,tests/test_reference_feed_runtime.py,4768,保留：回归/合同测试,P4,0,,,确认仍保护当前实现或冻结身份；只随对应代码原子退役,中,测试零静态引用属正常，不是删除证据
242,2026-07-28T00:05:18+08:00,7.3,代码,research/families/f04_external_market_alpha/external_venue_features.py,21401,近期变更待观察,P4,5,research/families/f04_external_market_alpha/external_venue_model.py | research/families/f10_live_replay_attribution/audit/maker_lifecycle_panel.py | research/governance/migrations/layout_v2.json,,检查测试/文档是否随本次变更同步,中,mtime 很新，但不代表已完成语义审计
243,2026-07-28T00:16:55+08:00,7.29,冻结规范/登记表,research/families/f04_external_market_alpha/docs/external_information_decay_v1_spec_20260727.json,3212,受保护：历史/冻结证据,P3,1,research/governance/migrations/layout_v2.json,,核对身份、hash 与 current/superseded 声明；禁止因年龄改写结论,高,冻结证据只允许索引、路径解析与解释层治理
244,2026-07-28T01:51:26+08:00,7.23,文档,research/families/f04_external_market_alpha/docs/external_information_decay_v1_development_20260727.md,5119,受保护：历史/冻结证据,P3,3,research/families/f04_external_market_alpha/docs/external_venue_model_granularity_20260713.md | research/governance/migrations/layout_v2.json | research/research_family_foundation_and_blockers_20260729.md,,核对身份、hash 与 current/superseded 声明；禁止因年龄改写结论,高,冻结证据只允许索引、路径解析与解释层治理
245,2026-07-28T01:51:26+08:00,7.23,文档,research/families/f04_external_market_alpha/docs/external_venue_model_granularity_20260713.md,13705,受保护：历史/冻结证据,P3,1,research/governance/migrations/layout_v2.json,2026-07-27,核对身份、hash 与 current/superseded 声明；禁止因年龄改写结论,高,冻结证据只允许索引、路径解析与解释层治理
246,2026-07-28T04:24:43+08:00,7.12,冻结规范/登记表,research/families/f06_placement_fill_cif/docs/placement_fill_policy_clock_panel_v1_spec_20260728.json,2916,受保护：历史/冻结证据,P3,2,research/families/f06_placement_fill_cif/docs/placement_fill_policy_clock_race_v1_fit_spec_20260728.json | research/governance/migrations/layout_v2.json,,核对身份、hash 与 current/superseded 声明；禁止因年龄改写结论,高,冻结证据只允许索引、路径解析与解释层治理
247,2026-07-28T07:54:09+08:00,6.97,冻结规范/登记表,research/families/f06_placement_fill_cif/docs/placement_fill_policy_clock_race_v1_fit_spec_20260728.json,7231,受保护：历史/冻结证据,P3,3,research/families/f06_placement_fill_cif/audit/policy_clock_fill_cif.py | research/families/f06_placement_fill_cif/docs/placement_fill_policy_clock_race_v1_development_20260728.md | research/governance/migrations/layout_v2.json,,核对身份、hash 与 current/superseded 声明；禁止因年龄改写结论,高,冻结证据只允许索引、路径解析与解释层治理
248,2026-07-28T07:59:09+08:00,6.97,文档,research/families/f06_placement_fill_cif/docs/placement_fill_policy_clock_race_v1_20260727.md,2086,受保护：历史/冻结证据,P3,1,research/governance/migrations/layout_v2.json,,核对身份、hash 与 current/superseded 声明；禁止因年龄改写结论,高,冻结证据只允许索引、路径解析与解释层治理
249,2026-07-28T08:01:01+08:00,6.97,测试,tests/test_value_provenance_registry.py,3454,保留：回归/合同测试,P4,0,,,确认仍保护当前实现或冻结身份；只随对应代码原子退役,中,测试零静态引用属正常，不是删除证据
250,2026-07-28T08:01:22+08:00,6.97,文档,research/families/f06_placement_fill_cif/docs/placement_fill_policy_clock_race_v1_development_20260728.md,5905,受保护：历史/冻结证据,P3,2,research/families/f06_placement_fill_cif/docs/placement_fill_policy_clock_race_v1_20260727.md | research/governance/migrations/layout_v2.json,,核对身份、hash 与 current/superseded 声明；禁止因年龄改写结论,高,冻结证据只允许索引、路径解析与解释层治理
251,2026-07-28T08:42:19+08:00,6.94,代码,research/families/f06_placement_fill_cif/cpp/request_state_features.hpp,2300,近期变更待观察,P4,6,cpp/narrowgate_cpp/bindings.cpp | research/families/f06_placement_fill_cif/audit/placement_fill_panel.py | research/families/f06_placement_fill_cif/audit/request_state_panel.py,,检查测试、文档、registry 与冻结 hash 是否随本次变更同步,高,近期修改不等于语义审计或 action 权限已经完成
252,2026-07-28T08:42:19+08:00,6.94,代码,research/families/f06_placement_fill_cif/cpp/request_state_features.cpp,15082,近期变更待观察,P4,5,cpp/CMakeLists.txt | research/families/f06_placement_fill_cif/audit/placement_fill_panel.py | research/families/f06_placement_fill_cif/audit/request_state_panel.py,,检查测试、文档、registry 与冻结 hash 是否随本次变更同步,高,近期修改不等于语义审计或 action 权限已经完成
253,2026-07-28T08:46:27+08:00,6.94,代码,research/families/f06_placement_fill_cif/audit/request_state_features.py,14797,近期变更待观察,P4,5,research/families/f06_placement_fill_cif/audit/placement_fill_panel.py | research/families/f06_placement_fill_cif/audit/request_state_panel.py | research/families/f06_placement_fill_cif/docs/placement_fill_request_state_race_v2_spec_20260728.json,,检查测试、文档、registry 与冻结 hash 是否随本次变更同步,高,近期修改不等于语义审计或 action 权限已经完成
254,2026-07-28T08:47:37+08:00,6.94,代码,models/audit/native_gap_segments.py,6691,近期变更待观察,P4,4,research/families/f06_placement_fill_cif/audit/placement_fill_panel.py | research/families/f06_placement_fill_cif/audit/request_state_panel.py | research/families/f06_placement_fill_cif/docs/placement_fill_request_state_race_v2_spec_20260728.json,,检查测试、文档、registry 与冻结 hash 是否随本次变更同步,高,近期修改不等于语义审计或 action 权限已经完成
255,2026-07-28T08:47:55+08:00,6.94,测试,tests/test_native_gap_segments.py,740,保留：回归/合同测试,P4,0,,,确认仍保护当前实现或冻结身份；只随对应代码原子退役,中,测试零静态引用属正常，不是删除证据
256,2026-07-28T08:48:34+08:00,6.94,代码,research/families/f06_placement_fill_cif/audit/paired_order_lifecycle.py,24348,被引用内容同步审计,P2,13,research/families/f06_placement_fill_cif/audit/direct_fill_cif.py | research/families/f06_placement_fill_cif/audit/full_curve_fill_cif.py | research/families/f06_placement_fill_cif/audit/paired_action_resolution_feasibility.py,,沿引用样例核对接口、结论和命令；修正文档或迁移调用方,高,有消费者，治理前必须处理依赖
257,2026-07-28T08:58:20+08:00,6.93,代码,research/families/f06_placement_fill_cif/cpp/risk_set_expansion.hpp,648,近期变更待观察,P4,5,cpp/narrowgate_cpp/bindings.cpp | research/families/f06_placement_fill_cif/audit/placement_fill_panel.py | research/families/f06_placement_fill_cif/cpp/risk_set_expansion.cpp,,检查测试、文档、registry 与冻结 hash 是否随本次变更同步,高,近期修改不等于语义审计或 action 权限已经完成
258,2026-07-28T08:58:20+08:00,6.93,代码,research/families/f06_placement_fill_cif/cpp/risk_set_expansion.cpp,3158,近期变更待观察,P4,4,cpp/CMakeLists.txt | research/families/f06_placement_fill_cif/audit/placement_fill_panel.py | research/families/f06_placement_fill_cif/docs/placement_fill_request_state_race_v2_spec_20260728.json,,检查测试、文档、registry 与冻结 hash 是否随本次变更同步,高,近期修改不等于语义审计或 action 权限已经完成
259,2026-07-28T08:58:52+08:00,6.93,代码,research/families/f06_placement_fill_cif/audit/risk_set_expansion.py,3058,近期变更待观察,P4,7,research/families/f06_placement_fill_cif/audit/evaluate_request_state_race.py | research/families/f06_placement_fill_cif/audit/ordered_common_support_fill_surface.py | research/families/f06_placement_fill_cif/audit/placement_fill_panel.py,,检查测试、文档、registry 与冻结 hash 是否随本次变更同步,高,近期修改不等于语义审计或 action 权限已经完成
260,2026-07-28T09:28:38+08:00,6.91,代码,research/families/f06_placement_fill_cif/cpp/sparse_order_lifecycle.hpp,3104,近期变更待观察,P4,5,cpp/narrowgate_cpp/bindings.cpp | research/families/f06_placement_fill_cif/audit/placement_fill_panel.py | research/families/f06_placement_fill_cif/cpp/sparse_order_lifecycle.cpp,,检查测试、文档、registry 与冻结 hash 是否随本次变更同步,高,近期修改不等于语义审计或 action 权限已经完成
261,2026-07-28T10:04:52+08:00,6.88,代码,research/families/f06_placement_fill_cif/cpp/sparse_order_lifecycle.cpp,21410,近期变更待观察,P4,4,cpp/CMakeLists.txt | research/families/f06_placement_fill_cif/audit/placement_fill_panel.py | research/families/f06_placement_fill_cif/docs/placement_fill_request_state_race_v2_spec_20260728.json,,检查测试、文档、registry 与冻结 hash 是否随本次变更同步,高,近期修改不等于语义审计或 action 权限已经完成
262,2026-07-28T10:13:38+08:00,6.88,测试,tests/test_content_addressed_cache.py,2368,保留：回归/合同测试,P4,0,,,确认仍保护当前实现或冻结身份；只随对应代码原子退役,中,测试零静态引用属正常，不是删除证据
263,2026-07-28T10:13:59+08:00,6.88,代码,models/audit/content_addressed_cache.py,10964,近期变更待观察,P4,10,research/families/f06_placement_fill_cif/audit/evaluate_empirical_pending_nuisance.py | research/families/f06_placement_fill_cif/audit/evaluate_request_state_race.py | research/families/f06_placement_fill_cif/audit/ordered_common_support_fill_surface.py,,检查测试、文档、registry 与冻结 hash 是否随本次变更同步,高,近期修改不等于语义审计或 action 权限已经完成
264,2026-07-28T10:22:47+08:00,6.87,代码,models/active_order_queue.py,7465,被引用内容同步审计,P2,5,models/backtest_tick.py | research/families/f06_placement_fill_cif/audit/placement_fill_panel.py | research/families/f06_placement_fill_cif/docs/placement_fill_request_state_race_v2_spec_20260728.json,,沿引用样例核对接口、结论和命令；修正文档或迁移调用方,高,有消费者，治理前必须处理依赖
265,2026-07-28T10:22:47+08:00,6.87,测试,tests/test_active_order_queue_tape.py,16080,保留：回归/合同测试,P4,0,,,确认仍保护当前实现或冻结身份；只随对应代码原子退役,中,测试零静态引用属正常，不是删除证据
266,2026-07-28T11:15:01+08:00,6.83,代码,data_quality.py,15723,被引用内容同步审计,P2,9,.github/skills/mm-as-glft-ml-spread/SKILL.md | Dockerfile | cpp/README.md,,沿引用样例核对接口、结论和命令；修正文档或迁移调用方,高,有消费者，治理前必须处理依赖
267,2026-07-28T12:17:12+08:00,6.79,测试,tests/test_replay_ml_switch.py,832,保留：回归/合同测试,P4,0,,,确认仍保护当前实现或冻结身份；只随对应代码原子退役,中,测试零静态引用属正常，不是删除证据
268,2026-07-28T12:17:12+08:00,6.79,测试,tests/test_fill_selection_feature_parity.py,11841,保留：回归/合同测试,P4,1,.github/workflows/ci.yml,,确认仍保护当前实现或冻结身份；只随对应代码原子退役,高,测试零静态引用属正常，不是删除证据
269,2026-07-28T12:27:09+08:00,6.78,冻结规范/登记表,research/families/f06_placement_fill_cif/docs/placement_fill_request_state_race_v2_spec_20260728.json,12383,受保护：历史/冻结证据,P3,3,research/families/f02_empirical_p3_touch/docs/p3_touch_policy_visible_decision_cadence_transport_v1_spec_20260803.json | research/governance/migrations/layout_v2.json | tests/test_placement_fill_spec.py,,核对身份、hash 与 current/superseded 声明；禁止因年龄改写结论,高,冻结证据只允许索引、路径解析与解释层治理
270,2026-07-28T15:07:20+08:00,6.67,冻结规范/登记表,research/families/f06_placement_fill_cif/docs/placement_fill_request_state_race_v2_fit_spec_20260728.json,4550,受保护：历史/冻结证据,P3,1,research/governance/migrations/layout_v2.json,,核对身份、hash 与 current/superseded 声明；禁止因年龄改写结论,高,冻结证据只允许索引、路径解析与解释层治理
271,2026-07-28T15:12:24+08:00,6.67,冻结规范/登记表,research/families/f06_placement_fill_cif/docs/placement_fill_request_state_race_v2_fit_spec_v2_20260728.json,5315,受保护：历史/冻结证据,P3,2,research/families/f06_placement_fill_cif/audit/evaluate_request_state_race.py | research/governance/migrations/layout_v2.json,,核对身份、hash 与 current/superseded 声明；禁止因年龄改写结论,高,冻结证据只允许索引、路径解析与解释层治理
272,2026-07-28T15:32:21+08:00,6.66,文档,research/families/f06_placement_fill_cif/docs/placement_fill_request_state_race_v2_development_20260728.md,4638,受保护：历史/冻结证据,P3,1,research/governance/migrations/layout_v2.json,2026-07-28,核对身份、hash 与 current/superseded 声明；禁止因年龄改写结论,高,冻结证据只允许索引、路径解析与解释层治理
273,2026-07-28T15:32:21+08:00,6.66,文档,research/families/f06_placement_fill_cif/docs/placement_fill_request_state_race_v2_implementation_20260728.md,8612,受保护：历史/冻结证据,P3,1,research/governance/migrations/layout_v2.json,2026-07-28,核对身份、hash 与 current/superseded 声明；禁止因年龄改写结论,高,冻结证据只允许索引、路径解析与解释层治理
274,2026-07-28T18:00:55+08:00,6.55,冻结规范/登记表,research/families/f06_placement_fill_cif/docs/placement_fill_empirical_pending_nuisance_v3_spec_20260728.json,8345,受保护：历史/冻结证据,P3,1,research/governance/migrations/layout_v2.json,,核对身份、hash 与 current/superseded 声明；禁止因年龄改写结论,高,冻结证据只允许索引、路径解析与解释层治理
275,2026-07-28T18:25:12+08:00,6.54,冻结规范/登记表,research/families/f06_placement_fill_cif/docs/placement_fill_empirical_pending_nuisance_v3_fit_spec_20260728.json,3672,受保护：历史/冻结证据,P3,2,research/families/f06_placement_fill_cif/audit/evaluate_empirical_pending_nuisance.py | research/governance/migrations/layout_v2.json,,核对身份、hash 与 current/superseded 声明；禁止因年龄改写结论,高,冻结证据只允许索引、路径解析与解释层治理
276,2026-07-28T18:27:11+08:00,6.53,冻结规范/登记表,research/families/f06_placement_fill_cif/docs/placement_fill_empirical_pending_nuisance_v3_fit_spec_v2_20260728.json,4260,受保护：历史/冻结证据,P3,1,research/governance/migrations/layout_v2.json,,核对身份、hash 与 current/superseded 声明；禁止因年龄改写结论,高,冻结证据只允许索引、路径解析与解释层治理
277,2026-07-28T18:33:28+08:00,6.53,冻结规范/登记表,research/families/f06_placement_fill_cif/docs/placement_fill_empirical_pending_nuisance_v3_fit_spec_v3_20260728.json,4051,受保护：历史/冻结证据,P3,1,research/governance/migrations/layout_v2.json,,核对身份、hash 与 current/superseded 声明；禁止因年龄改写结论,高,冻结证据只允许索引、路径解析与解释层治理
278,2026-07-28T18:55:09+08:00,6.51,文档,research/families/f06_placement_fill_cif/docs/placement_fill_empirical_pending_nuisance_v3_development_20260728.md,8901,受保护：历史/冻结证据,P3,1,research/governance/migrations/layout_v2.json,2026-07-28,核对身份、hash 与 current/superseded 声明；禁止因年龄改写结论,高,冻结证据只允许索引、路径解析与解释层治理
279,2026-07-28T19:08:56+08:00,6.5,文档,research/families/f01_fixed_parameter_racing/README.md,411,近期变更待观察,P4,1,research/governance/migrations/layout_v2.json,2026-07-28,检查测试、文档、registry 与冻结 hash 是否随本次变更同步,高,近期修改不等于语义审计或 action 权限已经完成
280,2026-07-28T19:08:56+08:00,6.5,文档,research/system_engineering/README.md,411,近期变更待观察,P4,1,research/governance/migrations/layout_v2.json,2026-07-28,检查测试、文档、registry 与冻结 hash 是否随本次变更同步,高,近期修改不等于语义审计或 action 权限已经完成
281,2026-07-28T19:08:56+08:00,6.5,文档,research/shared/README.md,564,近期变更待观察,P4,1,research/governance/migrations/layout_v2.json,2026-07-28,检查测试、文档、registry 与冻结 hash 是否随本次变更同步,高,近期修改不等于语义审计或 action 权限已经完成
282,2026-07-28T19:08:56+08:00,6.5,文档,research/shared/strategy_semantics/README.md,212,近期变更待观察,P4,1,research/governance/migrations/layout_v2.json,2026-07-28,检查测试、文档、registry 与冻结 hash 是否随本次变更同步,高,近期修改不等于语义审计或 action 权限已经完成
283,2026-07-28T19:22:27+08:00,6.5,代码,research/families/f01_fixed_parameter_racing/__init__.py,67,保留：稳定包标记,P4,1,research/governance/migrations/layout_v2.json,,确认包导出与安装语义；通常保留,低,mtime 对稳定包标记的治理价值有限
284,2026-07-28T19:22:27+08:00,6.5,代码,research/families/f01_fixed_parameter_racing/audit/__init__.py,59,保留：稳定包标记,P4,1,research/governance/migrations/layout_v2.json,,确认包导出与安装语义；通常保留,低,mtime 对稳定包标记的治理价值有限
285,2026-07-28T19:22:27+08:00,6.5,代码,research/families/f02_empirical_p3_touch/__init__.py,54,保留：稳定包标记,P4,1,research/governance/migrations/layout_v2.json,,确认包导出与安装语义；通常保留,低,mtime 对稳定包标记的治理价值有限
286,2026-07-28T19:22:27+08:00,6.5,代码,research/families/f02_empirical_p3_touch/audit/__init__.py,28,保留：稳定包标记,P4,1,research/governance/migrations/layout_v2.json,,确认包导出与安装语义；通常保留,低,mtime 对稳定包标记的治理价值有限
287,2026-07-28T19:22:27+08:00,6.5,代码,research/families/f03_causal_13_head/__init__.py,53,保留：稳定包标记,P4,1,research/governance/migrations/layout_v2.json,,确认包导出与安装语义；通常保留,低,mtime 对稳定包标记的治理价值有限
288,2026-07-28T19:22:27+08:00,6.5,代码,research/families/f04_external_market_alpha/__init__.py,73,保留：稳定包标记,P4,1,research/governance/migrations/layout_v2.json,,确认包导出与安装语义；通常保留,低,mtime 对稳定包标记的治理价值有限
289,2026-07-28T19:22:27+08:00,6.5,代码,research/families/f04_external_market_alpha/audit/__init__.py,48,保留：稳定包标记,P4,1,research/governance/migrations/layout_v2.json,,确认包导出与安装语义；通常保留,低,mtime 对稳定包标记的治理价值有限
290,2026-07-28T19:22:27+08:00,6.5,代码,research/families/f05_fill_quality_quote_ev/__init__.py,60,保留：稳定包标记,P4,1,research/governance/migrations/layout_v2.json,,确认包导出与安装语义；通常保留,低,mtime 对稳定包标记的治理价值有限
291,2026-07-28T19:22:27+08:00,6.5,代码,research/families/f05_fill_quality_quote_ev/audit/__init__.py,48,保留：稳定包标记,P4,1,research/governance/migrations/layout_v2.json,,确认包导出与安装语义；通常保留,低,mtime 对稳定包标记的治理价值有限
292,2026-07-28T19:22:27+08:00,6.5,代码,research/families/f06_placement_fill_cif/audit/__init__.py,57,保留：稳定包标记,P4,1,research/governance/migrations/layout_v2.json,,确认包导出与安装语义；通常保留,低,mtime 对稳定包标记的治理价值有限
293,2026-07-28T19:22:27+08:00,6.5,代码,research/families/f07_active_order_continuation/__init__.py,65,保留：稳定包标记,P4,1,research/governance/migrations/layout_v2.json,,确认包导出与安装语义；通常保留,低,mtime 对稳定包标记的治理价值有限
294,2026-07-28T19:22:27+08:00,6.5,代码,research/families/f07_active_order_continuation/audit/__init__.py,49,保留：稳定包标记,P4,1,research/governance/migrations/layout_v2.json,,确认包导出与安装语义；通常保留,低,mtime 对稳定包标记的治理价值有限
295,2026-07-28T19:22:27+08:00,6.5,代码,research/families/f08_side_taker_lifecycle/__init__.py,71,保留：稳定包标记,P4,1,research/governance/migrations/layout_v2.json,,确认包导出与安装语义；通常保留,低,mtime 对稳定包标记的治理价值有限
296,2026-07-28T19:22:27+08:00,6.5,代码,research/families/f08_side_taker_lifecycle/audit/__init__.py,49,保留：稳定包标记,P4,1,research/governance/migrations/layout_v2.json,,确认包导出与安装语义；通常保留,低,mtime 对稳定包标记的治理价值有限
297,2026-07-28T19:22:27+08:00,6.5,代码,research/families/f09_campaign_action_uplift/__init__.py,54,保留：稳定包标记,P4,1,research/governance/migrations/layout_v2.json,,确认包导出与安装语义；通常保留,低,mtime 对稳定包标记的治理价值有限
298,2026-07-28T19:22:27+08:00,6.5,代码,research/families/f09_campaign_action_uplift/audit/__init__.py,48,保留：稳定包标记,P4,1,research/governance/migrations/layout_v2.json,,确认包导出与安装语义；通常保留,低,mtime 对稳定包标记的治理价值有限
299,2026-07-28T19:22:27+08:00,6.5,代码,research/families/f10_live_replay_attribution/__init__.py,66,保留：稳定包标记,P4,1,research/governance/migrations/layout_v2.json,,确认包导出与安装语义；通常保留,低,mtime 对稳定包标记的治理价值有限
300,2026-07-28T19:22:27+08:00,6.5,代码,research/families/f10_live_replay_attribution/audit/__init__.py,56,保留：稳定包标记,P4,1,research/governance/migrations/layout_v2.json,,确认包导出与安装语义；通常保留,低,mtime 对稳定包标记的治理价值有限
301,2026-07-28T19:22:27+08:00,6.5,代码,research/system_engineering/__init__.py,63,保留：稳定包标记,P4,1,research/governance/migrations/layout_v2.json,,确认包导出与安装语义；通常保留,低,mtime 对稳定包标记的治理价值有限
302,2026-07-28T19:22:27+08:00,6.5,代码,research/system_engineering/audit/__init__.py,51,保留：稳定包标记,P4,1,research/governance/migrations/layout_v2.json,,确认包导出与安装语义；通常保留,低,mtime 对稳定包标记的治理价值有限
303,2026-07-28T19:22:57+08:00,6.5,文档,docs/arm_scoring_design_20260706.md,14535,已治理：2026-07-27,P4,0,,2026-07-27,进入近期监控；后续按新 mtime 重新排队,低,已补实质修改标签或完成同步
304,2026-07-28T19:40:43+08:00,6.48,文档,docs/value_provenance_registry_20260727.md,11800,近期变更待观察,P4,2,.github/skills/mm-as-glft-ml-spread/SKILL.md | research/families/f01_fixed_parameter_racing/docs/fixed_parameter_strategy_family_closed.md,,检查测试/文档是否随本次变更同步,中,mtime 很新，但不代表已完成语义审计
305,2026-07-28T19:40:43+08:00,6.48,冻结规范/登记表,docs/value_provenance_registry_20260727.json,40788,受保护：历史/冻结证据,P3,2,docs/value_provenance_registry_20260727.md | tests/test_value_provenance_registry.py,,核对身份、hash 与 current/superseded 声明；禁止因年龄直接改写结论,高,冻结证据只允许身份和索引层治理
306,2026-07-28T19:40:43+08:00,6.48,文档,docs/experiment_scorecard_v1_20260722.md,13482,近期变更待观察,P4,4,docs/audit_entrypoints_20260630.md | docs/research/README.md | project.md,,检查测试/文档是否随本次变更同步,中,mtime 很新，但不代表已完成语义审计
308,2026-07-28T19:44:19+08:00,6.48,代码,research/families/f06_placement_fill_cif/__init__.py,150,保留：稳定包标记,P4,1,research/governance/migrations/layout_v2.json,,确认包导出与安装语义；通常保留,低,mtime 对稳定包标记的治理价值有限
309,2026-07-28T19:50:34+08:00,6.48,代码,research/governance/migrations/layout_v1.json,75426,近期变更待观察,P4,5,research/README.md | research/governance/migrations/layout_v2.json | research/governance/paths.py,,检查测试、文档、registry 与冻结 hash 是否随本次变更同步,高,近期修改不等于语义审计或 action 权限已经完成
310,2026-07-28T20:32:00+08:00,6.45,冻结规范/登记表,research/families/f06_placement_fill_cif/docs/ordered_common_support_fill_surface_v1_spec_20260728.json,7721,受保护：历史/冻结证据,P3,4,research/families/f06_placement_fill_cif/audit/ordered_common_support_contract_audit.py | research/families/f06_placement_fill_cif/audit/ordered_common_support_fill_surface.py | research/families/f06_placement_fill_cif/docs/ordered_common_support_fill_surface_v1_development_20260728.md,,核对身份、hash 与 current/superseded 声明；禁止因年龄改写结论,高,冻结证据只允许索引、路径解析与解释层治理
311,2026-07-28T20:43:02+08:00,6.44,文档,research/families/f06_placement_fill_cif/docs/ordered_common_support_fill_surface_v1_development_20260728.md,4710,受保护：历史/冻结证据,P3,1,research/governance/migrations/layout_v2.json,2026-07-28,核对身份、hash 与 current/superseded 声明；禁止因年龄改写结论,高,冻结证据只允许索引、路径解析与解释层治理
312,2026-07-28T21:51:02+08:00,6.39,冻结规范/登记表,research/families/f06_placement_fill_cif/docs/ordered_common_support_fill_surface_v1_contract_audit_20260728.json,5072,受保护：历史/冻结证据,P3,3,research/families/f06_placement_fill_cif/audit/ordered_common_support_contract_audit.py | research/families/f06_placement_fill_cif/docs/ordered_common_support_fill_surface_v1_contract_errata_20260728.md | research/governance/migrations/layout_v2.json,,核对身份、hash 与 current/superseded 声明；禁止因年龄改写结论,高,冻结证据只允许索引、路径解析与解释层治理
313,2026-07-28T22:01:16+08:00,6.39,文档,research/families/f06_placement_fill_cif/docs/ordered_common_support_fill_surface_v1_contract_errata_20260728.md,4815,受保护：历史/冻结证据,P3,1,research/governance/migrations/layout_v2.json,2026-07-28,核对身份、hash 与 current/superseded 声明；禁止因年龄改写结论,高,冻结证据只允许索引、路径解析与解释层治理
314,2026-07-28T22:08:35+08:00,6.38,代码,scripts/probe_binance_deep_book.py,4017,已治理：2026-07-27,P4,1,docs/ops/README.md,,保留 1000-level snapshot+diff 运维探针；随 deep-book adapter 变更复核,高,直接验证当前 BinanceUsdMDeepBook snapshot、sequence/freshness 和双边最低档数；CLI help 通过
315,2026-07-28T22:34:17+08:00,6.36,代码,research/families/f06_placement_fill_cif/audit/paired_lifecycle_contract.py,8389,近期变更待观察,P4,4,research/families/f06_placement_fill_cif/audit/ordered_common_support_contract_audit.py | research/families/f06_placement_fill_cif/audit/paired_action_resolution_feasibility.py | research/governance/migrations/layout_v2.json,,检查测试、文档、registry 与冻结 hash 是否随本次变更同步,高,近期修改不等于语义审计或 action 权限已经完成
316,2026-07-28T22:55:10+08:00,6.35,冻结规范/登记表,research/families/f06_placement_fill_cif/docs/paired_action_resolution_feasibility_v1_spec_20260728.json,10355,受保护：历史/冻结证据,P3,3,research/families/f06_placement_fill_cif/audit/paired_action_resolution_feasibility.py | research/families/f06_placement_fill_cif/docs/paired_action_resolution_feasibility_v1_development_20260728.md | research/governance/migrations/layout_v2.json,,核对身份、hash 与 current/superseded 声明；禁止因年龄改写结论,高,冻结证据只允许索引、路径解析与解释层治理
317,2026-07-29T00:17:50+08:00,6.29,文档,research/families/f06_placement_fill_cif/docs/paired_action_resolution_feasibility_v1_development_20260728.md,5692,受保护：历史/冻结证据,P3,1,research/governance/migrations/layout_v2.json,2026-07-28,核对身份、hash 与 current/superseded 声明；禁止因年龄改写结论,高,冻结证据只允许索引、路径解析与解释层治理
318,2026-07-29T02:29:30+08:00,6.2,代码,research/governance/migrations/layout_v2.json,108769,近期变更待观察,P4,4,research/README.md | research/governance/paths.py | research/registry.json,,检查测试、文档、registry 与冻结 hash 是否随本次变更同步,高,近期修改不等于语义审计或 action 权限已经完成
319,2026-07-29T02:30:52+08:00,6.2,代码,research/__init__.py,79,保留：稳定包标记,P4,0,,,确认包导出与安装语义；通常保留,低,mtime 对稳定包标记的治理价值有限
320,2026-07-29T02:30:52+08:00,6.2,代码,research/families/__init__.py,47,保留：稳定包标记,P4,0,,,确认包导出与安装语义；通常保留,低,mtime 对稳定包标记的治理价值有限
321,2026-07-29T02:30:52+08:00,6.2,代码,research/governance/__init__.py,76,保留：稳定包标记,P4,0,,,确认包导出与安装语义；通常保留,低,mtime 对稳定包标记的治理价值有限
322,2026-07-29T02:30:52+08:00,6.2,代码,research/shared/__init__.py,75,保留：稳定包标记,P4,0,,,确认包导出与安装语义；通常保留,低,mtime 对稳定包标记的治理价值有限
323,2026-07-29T02:32:41+08:00,6.2,代码,strategy/fill_selection_model.py,6399,近期变更待观察,P4,5,models/backtest_tick.py | research/families/f05_fill_quality_quote_ev/docs/buy_fill_selection_live_shadow_retirement_operational_release_v3_20260804.md | strategy/maker_engine.py,,检查测试、文档、registry 与冻结 hash 是否随本次变更同步,高,近期修改不等于语义审计或 action 权限已经完成
324,2026-07-29T02:32:41+08:00,6.2,测试,tests/test_event_identity_and_riskset_v2.py,3230,保留：回归/合同测试,P4,0,,,确认仍保护当前实现或冻结身份；只随对应代码原子退役,中,测试零静态引用属正常，不是删除证据
325,2026-07-29T02:32:41+08:00,6.2,测试,tests/test_safe_add_rearm_hazard.py,5225,候选删除：关闭 action evaluator，待用户确认,P1,1,docs/repository_lru_audit_20260727.md,,与同组 evaluator/test 原子删除；先保留冻结报告、通用 replay/OPE 与 artifact identity,中,精确 action family 已关闭；代码存在不再代表研究或 live 权限
326,2026-07-29T02:32:41+08:00,6.2,测试,tests/test_binance_trade_mapping.py,4041,保留：回归/合同测试,P4,0,,,确认仍保护当前实现或冻结身份；只随对应代码原子退役,中,测试零静态引用属正常，不是删除证据
327,2026-07-29T02:32:41+08:00,6.2,测试,tests/test_direct_fill_cif.py,6552,保留：回归/合同测试,P4,0,,,确认仍保护当前实现或冻结身份；只随对应代码原子退役,中,测试零静态引用属正常，不是删除证据
328,2026-07-29T02:32:41+08:00,6.2,测试,tests/test_audit_order_level.py,28545,保留：回归/合同测试,P4,0,,,确认仍保护当前实现或冻结身份；只随对应代码原子退役,中,测试零静态引用属正常，不是删除证据
329,2026-07-29T02:32:41+08:00,6.2,测试,tests/test_queue_value_models.py,11256,保留：回归/合同测试,P4,0,,,确认仍保护当前实现或冻结身份；只随对应代码原子退役,中,测试零静态引用属正常，不是删除证据
330,2026-07-29T02:32:41+08:00,6.2,测试,tests/test_state_conditioned_policy_artifact.py,2198,保留：回归/合同测试,P4,0,,,确认仍保护当前实现或冻结身份；只随对应代码原子退役,中,测试零静态引用属正常，不是删除证据
331,2026-07-29T02:32:41+08:00,6.2,测试,tests/test_safe_policy_improvement.py,3501,保留：回归/合同测试,P4,0,,,确认仍保护当前实现或冻结身份；只随对应代码原子退役,中,测试零静态引用属正常，不是删除证据
332,2026-07-29T02:32:41+08:00,6.2,测试,tests/test_fill_toxicity.py,7533,保留：回归/合同测试,P4,0,,,确认仍保护当前实现或冻结身份；只随对应代码原子退役,中,测试零静态引用属正常，不是删除证据
333,2026-07-29T02:32:41+08:00,6.2,测试,tests/test_request_state_panel.py,5052,保留：回归/合同测试,P4,0,,,确认仍保护当前实现或冻结身份；只随对应代码原子退役,中,测试零静态引用属正常，不是删除证据
334,2026-07-29T02:32:41+08:00,6.2,测试,tests/test_order_level_panel_manifest.py,478,保留：回归/合同测试,P4,0,,,确认仍保护当前实现或冻结身份；只随对应代码原子退役,中,测试零静态引用属正常，不是删除证据
335,2026-07-29T02:32:41+08:00,6.2,测试,tests/test_evaluate_request_state_race.py,1469,保留：回归/合同测试,P4,0,,,确认仍保护当前实现或冻结身份；只随对应代码原子退役,中,测试零静态引用属正常，不是删除证据
336,2026-07-29T02:32:41+08:00,6.2,测试,tests/test_fill_inventory_lifecycle.py,1925,保留：回归/合同测试,P4,0,,,确认仍保护当前实现或冻结身份；只随对应代码原子退役,中,测试零静态引用属正常，不是删除证据
337,2026-07-29T02:32:41+08:00,6.2,测试,tests/test_active_order_queue_closure.py,2238,保留：回归/合同测试,P4,0,,,确认仍保护当前实现或冻结身份；只随对应代码原子退役,中,测试零静态引用属正常，不是删除证据
338,2026-07-29T02:32:41+08:00,6.2,测试,tests/test_safe_add_rearm_state_policy.py,2988,保留：回归/合同测试,P4,0,,,确认仍保护当前实现或冻结身份；只随对应代码原子退役,中,测试零静态引用属正常，不是删除证据
339,2026-07-29T02:32:41+08:00,6.2,测试,tests/test_taker_tempo_features.py,1360,保留：回归/合同测试,P4,0,,,确认仍保护当前实现或冻结身份；只随对应代码原子退役,中,测试零静态引用属正常，不是删除证据
340,2026-07-29T02:32:41+08:00,6.2,测试,tests/test_train_quote_ev_horizon.py,835,保留：回归/合同测试,P4,0,,,确认仍保护当前实现或冻结身份；只随对应代码原子退役,中,测试零静态引用属正常，不是删除证据
341,2026-07-29T02:32:41+08:00,6.2,测试,tests/test_evaluate_full_curve_fill_cif.py,2436,保留：回归/合同测试,P4,0,,,确认仍保护当前实现或冻结身份；只随对应代码原子退役,中,测试零静态引用属正常，不是删除证据
342,2026-07-29T02:32:41+08:00,6.2,测试,tests/test_evaluate_direct_fill_cif.py,1484,保留：回归/合同测试,P4,0,,,确认仍保护当前实现或冻结身份；只随对应代码原子退役,中,测试零静态引用属正常，不是删除证据
343,2026-07-29T02:32:41+08:00,6.2,代码,research/families/f06_placement_fill_cif/audit/sparse_order_lifecycle.py,17665,近期变更待观察,P4,4,research/families/f06_placement_fill_cif/audit/placement_fill_panel.py | research/families/f06_placement_fill_cif/docs/placement_fill_request_state_race_v2_spec_20260728.json | research/governance/migrations/layout_v2.json,,检查测试、文档、registry 与冻结 hash 是否随本次变更同步,高,近期修改不等于语义审计或 action 权限已经完成
344,2026-07-29T02:32:41+08:00,6.2,测试,tests/test_request_state_features.py,2834,保留：回归/合同测试,P4,0,,,确认仍保护当前实现或冻结身份；只随对应代码原子退役,中,测试零静态引用属正常，不是删除证据
345,2026-07-29T02:32:41+08:00,6.2,测试,tests/test_local_order_value_panel.py,10334,保留：回归/合同测试,P4,0,,,确认仍保护当前实现或冻结身份；只随对应代码原子退役,中,测试零静态引用属正常，不是删除证据
346,2026-07-29T02:32:41+08:00,6.2,测试,tests/test_reference_replay.py,7461,保留：回归/合同测试,P4,0,,,确认仍保护当前实现或冻结身份；只随对应代码原子退役,中,测试零静态引用属正常，不是删除证据
347,2026-07-29T02:32:41+08:00,6.2,测试,tests/test_local_order_value_replay.py,4553,保留：回归/合同测试,P4,0,,,确认仍保护当前实现或冻结身份；只随对应代码原子退役,中,测试零静态引用属正常，不是删除证据
348,2026-07-29T02:32:41+08:00,6.2,测试,tests/test_market_tape.py,7275,保留：回归/合同测试,P4,0,,,确认仍保护当前实现或冻结身份；只随对应代码原子退役,中,测试零静态引用属正常，不是删除证据
349,2026-07-29T02:32:41+08:00,6.2,测试,tests/test_fast3_direction_policy_audit.py,707,保留：回归/合同测试,P4,0,,,确认仍保护当前实现或冻结身份；只随对应代码原子退役,中,测试零静态引用属正常，不是删除证据
350,2026-07-29T02:32:41+08:00,6.2,代码,research/families/f08_side_taker_lifecycle/audit/historical_live_aggtrade_parity.py,18747,近期变更待观察,P4,2,research/governance/migrations/layout_v2.json | tests/test_historical_live_aggtrade_parity.py,,检查测试、文档、registry 与冻结 hash 是否随本次变更同步,高,近期修改不等于语义审计或 action 权限已经完成
351,2026-07-29T02:32:41+08:00,6.2,代码,research/families/f06_placement_fill_cif/audit/evaluate_direct_fill_cif.py,12974,近期变更待观察,P4,2,research/governance/migrations/layout_v2.json | tests/test_evaluate_direct_fill_cif.py,,检查测试、文档、registry 与冻结 hash 是否随本次变更同步,高,近期修改不等于语义审计或 action 权限已经完成
352,2026-07-29T02:32:41+08:00,6.2,测试,tests/test_historical_live_aggtrade_parity.py,4780,保留：回归/合同测试,P4,0,,,确认仍保护当前实现或冻结身份；只随对应代码原子退役,中,测试零静态引用属正常，不是删除证据
353,2026-07-29T02:32:41+08:00,6.2,测试,tests/test_toxic_fill_selectivity.py,4807,保留：回归/合同测试,P4,0,,,确认仍保护当前实现或冻结身份；只随对应代码原子退役,中,测试零静态引用属正常，不是删除证据
354,2026-07-29T02:32:41+08:00,6.2,代码,research/families/f08_side_taker_lifecycle/audit/live_taker_flow_parity.py,12169,近期变更待观察,P4,2,research/governance/migrations/layout_v2.json | tests/test_live_taker_flow_parity.py,,检查测试、文档、registry 与冻结 hash 是否随本次变更同步,高,近期修改不等于语义审计或 action 权限已经完成
355,2026-07-29T02:32:41+08:00,6.2,测试,tests/test_randomized_action_contrast.py,3947,保留：回归/合同测试,P4,0,,,确认仍保护当前实现或冻结身份；只随对应代码原子退役,中,测试零静态引用属正常，不是删除证据
356,2026-07-29T02:32:41+08:00,6.2,测试,tests/test_source_incremental_quality.py,7538,保留：回归/合同测试,P4,0,,,确认仍保护当前实现或冻结身份；只随对应代码原子退役,中,测试零静态引用属正常，不是删除证据
357,2026-07-29T02:32:41+08:00,6.2,代码,research/families/f06_placement_fill_cif/audit/request_state_race.py,13291,近期变更待观察,P4,6,research/families/f06_placement_fill_cif/audit/evaluate_request_state_race.py | research/families/f06_placement_fill_cif/audit/ordered_common_support_fill_surface.py | research/families/f06_placement_fill_cif/audit/placement_fill_panel.py,,检查测试、文档、registry 与冻结 hash 是否随本次变更同步,高,近期修改不等于语义审计或 action 权限已经完成
358,2026-07-29T02:32:41+08:00,6.2,测试,tests/test_global_reference_layer.py,7605,保留：回归/合同测试,P4,0,,,确认仍保护当前实现或冻结身份；只随对应代码原子退役,中,测试零静态引用属正常，不是删除证据
359,2026-07-29T02:32:41+08:00,6.2,代码,research/families/f06_placement_fill_cif/audit/evaluate_policy_clock_fill_cif.py,15284,近期变更待观察,P4,2,research/governance/migrations/layout_v2.json | tests/test_evaluate_policy_clock_fill_cif.py,,检查测试、文档、registry 与冻结 hash 是否随本次变更同步,高,近期修改不等于语义审计或 action 权限已经完成
360,2026-07-29T02:32:41+08:00,6.2,测试,tests/test_rest_latency_calibration.py,1503,保留：回归/合同测试,P4,0,,,确认仍保护当前实现或冻结身份；只随对应代码原子退役,中,测试零静态引用属正常，不是删除证据
361,2026-07-29T02:32:41+08:00,6.2,测试,tests/test_safe_add_rearm_ope_panel.py,6620,保留：回归/合同测试,P4,0,,,确认仍保护当前实现或冻结身份；只随对应代码原子退役,中,测试零静态引用属正常，不是删除证据
362,2026-07-29T02:32:41+08:00,6.2,测试,tests/test_external_venue_model_features.py,10262,保留：回归/合同测试,P4,1,research/families/f04_external_market_alpha/docs/external_venue_model_granularity_20260713.md,,确认仍保护当前实现或冻结身份；只随对应代码原子退役,高,测试零静态引用属正常，不是删除证据
363,2026-07-29T02:32:41+08:00,6.2,测试,tests/test_recovery_event_rearm.py,4415,保留：回归/合同测试,P4,0,,,确认仍保护当前实现或冻结身份；只随对应代码原子退役,中,测试零静态引用属正常，不是删除证据
364,2026-07-29T02:32:41+08:00,6.2,代码,research/families/f10_live_replay_attribution/audit/maker_lifecycle_panel.py,31817,近期变更待观察,P4,4,docs/audit_entrypoints_20260630.md | research/families/f10_live_replay_attribution/audit/maker_lifecycle_screen.py | research/governance/migrations/layout_v2.json,,检查测试、文档、registry 与冻结 hash 是否随本次变更同步,高,近期修改不等于语义审计或 action 权限已经完成
365,2026-07-29T02:32:41+08:00,6.2,测试,tests/test_paired_lifecycle_contract.py,4755,保留：回归/合同测试,P4,0,,,确认仍保护当前实现或冻结身份；只随对应代码原子退役,中,测试零静态引用属正常，不是删除证据
366,2026-07-29T02:32:41+08:00,6.2,代码,research/families/f10_live_replay_attribution/audit/maker_lifecycle_screen.py,19776,近期变更待观察,P4,3,docs/audit_entrypoints_20260630.md | research/governance/migrations/layout_v2.json | tests/test_maker_lifecycle_screen.py,,检查测试、文档、registry 与冻结 hash 是否随本次变更同步,高,近期修改不等于语义审计或 action 权限已经完成
367,2026-07-29T02:32:41+08:00,6.2,代码,research/families/f06_placement_fill_cif/audit/policy_clock_fill_cif.py,44844,近期变更待观察,P4,3,research/governance/migrations/layout_v2.json | tests/test_evaluate_policy_clock_fill_cif.py | tests/test_policy_clock_fill_cif.py,,检查测试、文档、registry 与冻结 hash 是否随本次变更同步,高,近期修改不等于语义审计或 action 权限已经完成
368,2026-07-29T02:32:41+08:00,6.2,测试,tests/test_live_order_fill_closure.py,2381,保留：回归/合同测试,P4,0,,,确认仍保护当前实现或冻结身份；只随对应代码原子退役,中,测试零静态引用属正常，不是删除证据
369,2026-07-29T02:32:41+08:00,6.2,测试,tests/test_policy_clock_fill_cif.py,6111,保留：回归/合同测试,P4,0,,,确认仍保护当前实现或冻结身份；只随对应代码原子退役,中,测试零静态引用属正常，不是删除证据
370,2026-07-29T02:32:41+08:00,6.2,测试,tests/test_dynamic_mechanism_campaign_audit.py,4669,保留：回归/合同测试,P4,0,,,确认仍保护当前实现或冻结身份；只随对应代码原子退役,中,测试零静态引用属正常，不是删除证据
371,2026-07-29T02:32:41+08:00,6.2,代码,research/families/f05_fill_quality_quote_ev/audit/order_score_fast.py,79243,近期变更待观察,P4,4,docs/audit_entrypoints_20260630.md | docs/codebase_architecture_20260705.md | research/governance/migrations/layout_v2.json,,检查测试、文档、registry 与冻结 hash 是否随本次变更同步,高,近期修改不等于语义审计或 action 权限已经完成
372,2026-07-29T02:32:41+08:00,6.2,测试,tests/test_side_taker_hazard_calibration.py,6751,保留：回归/合同测试,P4,0,,,确认仍保护当前实现或冻结身份；只随对应代码原子退役,中,测试零静态引用属正常，不是删除证据
373,2026-07-29T02:32:41+08:00,6.2,测试,tests/test_queue_value_competing_risk.py,5857,保留：回归/合同测试,P4,0,,,确认仍保护当前实现或冻结身份；只随对应代码原子退役,中,测试零静态引用属正常，不是删除证据
374,2026-07-29T02:32:41+08:00,6.2,测试,tests/test_paired_order_lifecycle.py,13113,保留：回归/合同测试,P4,0,,,确认仍保护当前实现或冻结身份；只随对应代码原子退役,中,测试零静态引用属正常，不是删除证据
375,2026-07-29T02:32:41+08:00,6.2,测试,tests/test_market_data_latency.py,5032,保留：回归/合同测试,P4,0,,,确认仍保护当前实现或冻结身份；只随对应代码原子退役,中,测试零静态引用属正常，不是删除证据
376,2026-07-29T02:32:41+08:00,6.2,测试,tests/test_dynamic_fill_hazard.py,24292,保留：回归/合同测试,P4,1,research/families/f10_live_replay_attribution/docs/buy_q90_dual_clock_terminal_routing_contract_v2_implementation_20260802.json,,确认仍保护当前实现或冻结身份；只随对应代码原子退役,高,测试零静态引用属正常，不是删除证据
377,2026-07-29T02:32:41+08:00,6.2,测试,tests/test_maker_lifecycle_panel.py,4862,保留：回归/合同测试,P4,0,,,确认仍保护当前实现或冻结身份；只随对应代码原子退役,中,测试零静态引用属正常，不是删除证据
378,2026-07-29T02:32:41+08:00,6.2,测试,tests/test_side_taker_flow_panel.py,5444,保留：回归/合同测试,P4,0,,,确认仍保护当前实现或冻结身份；只随对应代码原子退役,中,测试零静态引用属正常，不是删除证据
379,2026-07-29T02:32:41+08:00,6.2,测试,tests/test_maker_lifecycle_screen.py,1452,保留：回归/合同测试,P4,0,,,确认仍保护当前实现或冻结身份；只随对应代码原子退役,中,测试零静态引用属正常，不是删除证据
380,2026-07-29T02:32:41+08:00,6.2,代码,research/families/f10_live_replay_attribution/audit/runner.py,35172,近期变更待观察,P4,8,README.md | README.zh-CN.md | docs/audit_entrypoints_20260630.md,,检查测试、文档、registry 与冻结 hash 是否随本次变更同步,高,近期修改不等于语义审计或 action 权限已经完成
381,2026-07-29T02:32:41+08:00,6.2,测试,tests/test_sell_repair_trend_skip_cate.py,2646,候选删除：关闭 action evaluator，待用户确认,P1,1,docs/repository_lru_audit_20260727.md,,与同组 evaluator/test 原子删除；先保留冻结报告、通用 replay/OPE 与 artifact identity,中,精确 action family 已关闭；代码存在不再代表研究或 live 权限
382,2026-07-29T02:32:41+08:00,6.2,测试,tests/test_local_action_ope_report.py,7041,保留：回归/合同测试,P4,0,,,确认仍保护当前实现或冻结身份；只随对应代码原子退役,中,测试零静态引用属正常，不是删除证据
383,2026-07-29T02:32:41+08:00,6.2,测试,tests/test_live_taker_flow_parity.py,2218,保留：回归/合同测试,P4,0,,,确认仍保护当前实现或冻结身份；只随对应代码原子退役,中,测试零静态引用属正常，不是删除证据
384,2026-07-29T02:32:41+08:00,6.2,测试,tests/test_buy_conditional_widen_cate.py,1548,候选删除：关闭 action evaluator，待用户确认,P1,1,docs/repository_lru_audit_20260727.md,,与同组 evaluator/test 原子删除；先保留冻结报告、通用 replay/OPE 与 artifact identity,中,精确 action family 已关闭；代码存在不再代表研究或 live 权限
385,2026-07-29T02:32:41+08:00,6.2,测试,tests/test_fill_toxicity_incremental.py,8963,保留：回归/合同测试,P4,0,,,确认仍保护当前实现或冻结身份；只随对应代码原子退役,中,测试零静态引用属正常，不是删除证据
386,2026-07-29T02:32:41+08:00,6.2,测试,tests/test_event_identity_and_riskset.py,4303,保留：回归/合同测试,P4,0,,,确认仍保护当前实现或冻结身份；只随对应代码原子退役,中,测试零静态引用属正常，不是删除证据
387,2026-07-29T02:32:41+08:00,6.2,测试,tests/test_parameter_selection.py,9215,保留：回归/合同测试,P4,2,README.md | README.zh-CN.md,,确认仍保护当前实现或冻结身份；只随对应代码原子退役,高,测试零静态引用属正常，不是删除证据
388,2026-07-29T02:32:41+08:00,6.2,测试,tests/test_external_venue_shadow_panel.py,5099,保留：回归/合同测试,P4,0,,,确认仍保护当前实现或冻结身份；只随对应代码原子退役,中,测试零静态引用属正常，不是删除证据
389,2026-07-29T02:32:41+08:00,6.2,测试,tests/test_local_action_uplift.py,10963,保留：回归/合同测试,P4,0,,,确认仍保护当前实现或冻结身份；只随对应代码原子退役,中,测试零静态引用属正常，不是删除证据
390,2026-07-29T02:32:41+08:00,6.2,测试,tests/test_risk_set_expansion.py,1057,保留：回归/合同测试,P4,0,,,确认仍保护当前实现或冻结身份；只随对应代码原子退役,中,测试零静态引用属正常，不是删除证据
391,2026-07-29T02:32:41+08:00,6.2,测试,tests/test_full_curve_fill_cif.py,13582,保留：回归/合同测试,P4,0,,,确认仍保护当前实现或冻结身份；只随对应代码原子退役,中,测试零静态引用属正常，不是删除证据
392,2026-07-29T02:32:41+08:00,6.2,测试,tests/test_ordered_common_support_fill_surface.py,3511,保留：回归/合同测试,P4,0,,,确认仍保护当前实现或冻结身份；只随对应代码原子退役,中,测试零静态引用属正常，不是删除证据
393,2026-07-29T02:32:41+08:00,6.2,测试,tests/test_sell_campaign_add_permission_cate.py,3902,候选删除：关闭 action evaluator，待用户确认,P1,1,docs/repository_lru_audit_20260727.md,,与同组 evaluator/test 原子删除；先保留冻结报告、通用 replay/OPE 与 artifact identity,中,精确 action family 已关闭；代码存在不再代表研究或 live 权限
394,2026-07-29T02:32:41+08:00,6.2,测试,tests/test_empirical_pending_nuisance.py,5035,保留：回归/合同测试,P4,3,research/families/f06_placement_fill_cif/docs/placement_fill_empirical_pending_nuisance_v3_fit_spec_20260728.json | research/families/f06_placement_fill_cif/docs/placement_fill_empirical_pending_nuisance_v3_fit_spec_v2_20260728.json | research/families/f06_placement_fill_cif/docs/placement_fill_empirical_pending_nuisance_v3_fit_spec_v3_20260728.json,,确认仍保护当前实现或冻结身份；只随对应代码原子退役,高,测试零静态引用属正常，不是删除证据
395,2026-07-29T02:32:41+08:00,6.2,测试,tests/test_offline_policy_evaluation.py,8526,保留：回归/合同测试,P4,0,,,确认仍保护当前实现或冻结身份；只随对应代码原子退役,中,测试零静态引用属正常，不是删除证据
396,2026-07-29T02:32:41+08:00,6.2,测试,tests/test_evaluate_competing_curve_cif.py,2420,保留：回归/合同测试,P4,0,,,确认仍保护当前实现或冻结身份；只随对应代码原子退役,中,测试零静态引用属正常，不是删除证据
397,2026-07-29T02:32:41+08:00,6.2,测试,tests/test_null_baseline_panel.py,1807,保留：回归/合同测试,P4,0,,,确认仍保护当前实现或冻结身份；只随对应代码原子退役,中,测试零静态引用属正常，不是删除证据
398,2026-07-29T02:32:41+08:00,6.2,测试,tests/test_post_fill_stop_add_paired.py,2255,保留：回归/合同测试,P4,0,,,确认仍保护当前实现或冻结身份；只随对应代码原子退役,中,测试零静态引用属正常，不是删除证据
399,2026-07-29T02:32:41+08:00,6.2,测试,tests/test_state_conditioned_rearm_panel.py,3430,保留：回归/合同测试,P4,0,,,确认仍保护当前实现或冻结身份；只随对应代码原子退役,中,测试零静态引用属正常，不是删除证据
400,2026-07-29T02:32:41+08:00,6.2,测试,tests/test_causal_path_features.py,3622,保留：回归/合同测试,P4,0,,,确认仍保护当前实现或冻结身份；只随对应代码原子退役,中,测试零静态引用属正常，不是删除证据
401,2026-07-29T02:32:41+08:00,6.2,测试,tests/test_placement_fill_spec.py,2261,保留：回归/合同测试,P4,0,,,确认仍保护当前实现或冻结身份；只随对应代码原子退役,中,测试零静态引用属正常，不是删除证据
402,2026-07-29T02:32:41+08:00,6.2,测试,tests/test_fill_selection_score.py,15213,保留：回归/合同测试,P4,0,,,确认仍保护当前实现或冻结身份；只随对应代码原子退役,中,测试零静态引用属正常，不是删除证据
403,2026-07-29T02:32:41+08:00,6.2,测试,tests/test_paired_action_resolution_feasibility.py,4766,保留：回归/合同测试,P4,0,,,确认仍保护当前实现或冻结身份；只随对应代码原子退役,中,测试零静态引用属正常，不是删除证据
404,2026-07-29T02:32:41+08:00,6.2,代码,research/families/f01_fixed_parameter_racing/audit/paired_screening.py,6635,近期变更待观察,P4,5,docs/codebase_architecture_20260705.md | research/families/f01_fixed_parameter_racing/parameter_racing_sweep.py | research/families/f01_fixed_parameter_racing/parameter_selection.py,,检查测试、文档、registry 与冻结 hash 是否随本次变更同步,高,近期修改不等于语义审计或 action 权限已经完成
405,2026-07-29T02:32:41+08:00,6.2,测试,tests/test_queue_value_keep_cancel_replay.py,24963,保留：回归/合同测试,P4,0,,,确认仍保护当前实现或冻结身份；只随对应代码原子退役,中,测试零静态引用属正常，不是删除证据
406,2026-07-29T02:32:41+08:00,6.2,测试,tests/test_campaign_tail_score.py,4371,保留：回归/合同测试,P4,0,,,确认仍保护当前实现或冻结身份；只随对应代码原子退役,中,测试零静态引用属正常，不是删除证据
407,2026-07-29T02:32:41+08:00,6.2,测试,tests/test_request_state_race.py,1902,保留：回归/合同测试,P4,0,,,确认仍保护当前实现或冻结身份；只随对应代码原子退役,中,测试零静态引用属正常，不是删除证据
408,2026-07-29T02:32:41+08:00,6.2,测试,tests/test_post_fill_response_kernel.py,2795,保留：回归/合同测试,P4,0,,,确认仍保护当前实现或冻结身份；只随对应代码原子退役,中,测试零静态引用属正常，不是删除证据
409,2026-07-29T02:32:41+08:00,6.2,代码,research/families/f09_campaign_action_uplift/audit/campaign_tail_score.py,31602,近期变更待观察,P4,5,README.md | README.zh-CN.md | docs/audit_entrypoints_20260630.md,,检查测试、文档、registry 与冻结 hash 是否随本次变更同步,高,近期修改不等于语义审计或 action 权限已经完成
410,2026-07-29T02:32:41+08:00,6.2,代码,research/families/f09_campaign_action_uplift/audit/safe_add_rearm_support_preflight.py,10231,近期变更待观察,P4,3,docs/audit_entrypoints_20260630.md | research/governance/migrations/layout_v2.json | tests/test_safe_add_rearm_ope_panel.py,,检查测试、文档、registry 与冻结 hash 是否随本次变更同步,高,近期修改不等于语义审计或 action 权限已经完成
411,2026-07-29T02:32:41+08:00,6.2,代码,research/families/f09_campaign_action_uplift/audit/safe_add_rearm_ope_panel.py,14802,近期变更待观察,P4,7,docs/audit_entrypoints_20260630.md | research/families/f09_campaign_action_uplift/audit/safe_add_rearm_outcome_report.py | research/families/f09_campaign_action_uplift/audit/safe_add_rearm_randomized.py,,检查测试、文档、registry 与冻结 hash 是否随本次变更同步,高,近期修改不等于语义审计或 action 权限已经完成
412,2026-07-29T02:32:41+08:00,6.2,代码,research/families/f09_campaign_action_uplift/audit/safe_add_rearm_outcome_report.py,32742,近期变更待观察,P4,2,docs/audit_entrypoints_20260630.md | research/governance/migrations/layout_v2.json,,检查测试、文档、registry 与冻结 hash 是否随本次变更同步,高,近期修改不等于语义审计或 action 权限已经完成
413,2026-07-29T02:32:41+08:00,6.2,代码,research/families/f09_campaign_action_uplift/audit/sell_campaign_add_permission_cate.py,38861,候选删除：关闭 action evaluator，待用户确认,P1,3,docs/repository_lru_audit_20260727.md | research/governance/migrations/layout_v2.json | tests/test_sell_campaign_add_permission_cate.py,,与同组 evaluator/test 原子删除；先保留冻结报告、通用 replay/OPE 与 artifact identity,中,精确 action family 已关闭；代码存在不再代表研究或 live 权限
414,2026-07-29T02:32:41+08:00,6.2,代码,research/families/f09_campaign_action_uplift/audit/randomized_action_contrast.py,27293,近期变更待观察,P4,9,research/families/f09_campaign_action_uplift/audit/volatility_time_add_rearm_negative_result_attribution.py | research/families/f09_campaign_action_uplift/docs/cross_venue_fair_center_shift_randomized_replay_v1_1_spec_20260801.json | research/families/f09_campaign_action_uplift/docs/cross_venue_fair_center_shift_randomized_replay_v1_spec_20260801.json,,检查测试、文档、registry 与冻结 hash 是否随本次变更同步,高,近期修改不等于语义审计或 action 权限已经完成
415,2026-07-29T02:32:41+08:00,6.2,代码,research/families/f09_campaign_action_uplift/audit/enrich_safe_add_rearm_paths.py,7664,近期变更待观察,P4,2,docs/audit_entrypoints_20260630.md | research/governance/migrations/layout_v2.json,,检查测试、文档、registry 与冻结 hash 是否随本次变更同步,高,近期修改不等于语义审计或 action 权限已经完成
416,2026-07-29T02:32:41+08:00,6.2,代码,research/families/f09_campaign_action_uplift/audit/safe_add_rearm_state_policy.py,36561,近期变更待观察,P4,3,docs/audit_entrypoints_20260630.md | research/governance/migrations/layout_v2.json | tests/test_safe_add_rearm_state_policy.py,,检查测试、文档、registry 与冻结 hash 是否随本次变更同步,高,近期修改不等于语义审计或 action 权限已经完成
417,2026-07-29T02:32:41+08:00,6.2,代码,research/families/f09_campaign_action_uplift/audit/campaign_repair_probability.py,24488,近期变更待观察,P4,2,research/families/f01_fixed_parameter_racing/campaign_outcome_replay_audit.py | research/governance/migrations/layout_v2.json,,检查测试、文档、registry 与冻结 hash 是否随本次变更同步,高,近期修改不等于语义审计或 action 权限已经完成
418,2026-07-29T02:33:32+08:00,6.2,代码,research/families/f06_placement_fill_cif/audit/paired_fixed_spread_monotonic.py,38856,近期变更待观察,P4,2,research/governance/migrations/layout_v2.json | tests/test_paired_fixed_spread_monotonic.py,,检查测试、文档、registry 与冻结 hash 是否随本次变更同步,高,近期修改不等于语义审计或 action 权限已经完成
419,2026-07-29T02:33:32+08:00,6.2,代码,research/families/f06_placement_fill_cif/audit/paired_order_lifecycle_smoke.py,27714,近期变更待观察,P4,5,research/families/f06_placement_fill_cif/audit/placement_fill_panel.py | research/families/f06_placement_fill_cif/audit/request_state_panel.py | research/families/f06_placement_fill_cif/docs/placement_fill_request_state_race_v2_spec_20260728.json,,检查测试、文档、registry 与冻结 hash 是否随本次变更同步,高,近期修改不等于语义审计或 action 权限已经完成
420,2026-07-29T02:33:32+08:00,6.2,代码,research/families/f06_placement_fill_cif/audit/fixed_spread_support.py,10299,近期变更待观察,P4,3,research/families/f06_placement_fill_cif/audit/paired_fixed_spread_monotonic.py | research/governance/migrations/layout_v2.json | tests/test_paired_fixed_spread_monotonic.py,,检查测试、文档、registry 与冻结 hash 是否随本次变更同步,高,近期修改不等于语义审计或 action 权限已经完成
421,2026-07-29T02:33:32+08:00,6.2,代码,research/families/f05_fill_quality_quote_ev/train_quote_ev.py,85249,近期变更待观察,P4,6,.github/skills/mm-as-glft-ml-spread/SKILL.md | models/experiment_runner.py | project.md,,检查测试、文档、registry 与冻结 hash 是否随本次变更同步,高,近期修改不等于语义审计或 action 权限已经完成
422,2026-07-29T02:33:32+08:00,6.2,代码,research/families/f01_fixed_parameter_racing/parameter_selection.py,81095,近期变更待观察,P4,5,docs/codebase_architecture_20260705.md | research/families/f01_fixed_parameter_racing/audit/paired_screening.py | research/families/f01_fixed_parameter_racing/parameter_racing_sweep.py,,检查测试、文档、registry 与冻结 hash 是否随本次变更同步,高,近期修改不等于语义审计或 action 权限已经完成
423,2026-07-29T02:33:32+08:00,6.2,代码,research/families/f09_campaign_action_uplift/audit/local_action_ope_report.py,45329,近期变更待观察,P4,7,.github/skills/mm-as-glft-ml-spread/SKILL.md | docs/audit_entrypoints_20260630.md | project.md,,检查测试、文档、registry 与冻结 hash 是否随本次变更同步,高,近期修改不等于语义审计或 action 权限已经完成
424,2026-07-29T02:33:32+08:00,6.2,代码,research/families/f05_fill_quality_quote_ev/audit/fill_toxicity.py,24580,近期变更待观察,P4,7,README.md | README.zh-CN.md | docs/audit_entrypoints_20260630.md,,检查测试、文档、registry 与冻结 hash 是否随本次变更同步,高,近期修改不等于语义审计或 action 权限已经完成
425,2026-07-29T02:33:32+08:00,6.2,代码,research/families/f09_campaign_action_uplift/audit/local_action_uplift.py,82466,近期变更待观察,P4,14,.github/skills/mm-as-glft-ml-spread/SKILL.md | docs/audit_entrypoints_20260630.md | project.md,,检查测试、文档、registry 与冻结 hash 是否随本次变更同步,高,近期修改不等于语义审计或 action 权限已经完成
426,2026-07-29T02:33:32+08:00,6.2,代码,research/families/f03_causal_13_head/feature_variants.py,10518,近期变更待观察,P4,4,models/backtest_tick.py | research/families/f03_causal_13_head/ml_model.py | research/governance/migrations/layout_v2.json,,检查测试、文档、registry 与冻结 hash 是否随本次变更同步,高,近期修改不等于语义审计或 action 权限已经完成
427,2026-07-29T02:33:32+08:00,6.2,代码,research/families/f01_fixed_parameter_racing/daily_smoke_sweep.py,49231,近期变更待观察,P4,2,docs/audit_entrypoints_20260630.md | research/governance/migrations/layout_v2.json,,检查测试、文档、registry 与冻结 hash 是否随本次变更同步,高,近期修改不等于语义审计或 action 权限已经完成
428,2026-07-29T02:33:32+08:00,6.2,代码,research/families/f07_active_order_continuation/audit/local_order_value_replay.py,77614,近期变更待观察,P4,6,docs/market_data.md | research/families/f06_placement_fill_cif/audit/placement_fill_panel.py | research/families/f06_placement_fill_cif/docs/placement_fill_request_state_race_v2_spec_20260728.json,,检查测试、文档、registry 与冻结 hash 是否随本次变更同步,高,近期修改不等于语义审计或 action 权限已经完成
429,2026-07-29T02:33:32+08:00,6.2,代码,research/families/f05_fill_quality_quote_ev/audit/fill_toxicity_incremental.py,32216,近期变更待观察,P4,4,research/families/f09_campaign_action_uplift/audit/safe_add_rearm_hazard.py | research/families/f10_live_replay_attribution/audit/maker_lifecycle_screen.py | research/governance/migrations/layout_v2.json,,检查测试、文档、registry 与冻结 hash 是否随本次变更同步,高,近期修改不等于语义审计或 action 权限已经完成
430,2026-07-29T02:33:32+08:00,6.2,代码,research/families/f09_campaign_action_uplift/audit/state_conditioned_rearm_ope.py,30600,近期变更待观察,P4,3,docs/audit_entrypoints_20260630.md | research/governance/migrations/layout_v2.json | tests/test_state_conditioned_rearm_panel.py,,检查测试、文档、registry 与冻结 hash 是否随本次变更同步,高,近期修改不等于语义审计或 action 权限已经完成
431,2026-07-29T02:33:32+08:00,6.2,代码,research/families/f07_active_order_continuation/audit/dynamic_fill_hazard.py,103549,近期变更待观察,P4,3,research/governance/migrations/layout_v2.json | research/research_family_foundation_and_blockers_20260729.md | tests/test_dynamic_fill_hazard.py,,检查测试、文档、registry 与冻结 hash 是否随本次变更同步,高,近期修改不等于语义审计或 action 权限已经完成
432,2026-07-29T02:33:32+08:00,6.2,代码,research/families/f10_live_replay_attribution/audit/dynamic_mechanism_campaign_audit.py,66306,近期变更待观察,P4,2,research/governance/migrations/layout_v2.json | tests/test_dynamic_mechanism_campaign_audit.py,,检查测试、文档、registry 与冻结 hash 是否随本次变更同步,高,近期修改不等于语义审计或 action 权限已经完成
433,2026-07-29T02:33:32+08:00,6.2,代码,research/families/f09_campaign_action_uplift/audit/safe_add_rearm_randomized.py,20087,近期变更待观察,P4,2,docs/audit_entrypoints_20260630.md | research/governance/migrations/layout_v2.json,,检查测试、文档、registry 与冻结 hash 是否随本次变更同步,高,近期修改不等于语义审计或 action 权限已经完成
434,2026-07-29T02:33:32+08:00,6.2,代码,research/families/f09_campaign_action_uplift/audit/sell_repair_trend_skip_cate.py,37950,候选删除：关闭 action evaluator，待用户确认,P1,3,docs/repository_lru_audit_20260727.md | research/governance/migrations/layout_v2.json | tests/test_sell_repair_trend_skip_cate.py,,与同组 evaluator/test 原子删除；先保留冻结报告、通用 replay/OPE 与 artifact identity,中,精确 action family 已关闭；代码存在不再代表研究或 live 权限
435,2026-07-29T02:33:32+08:00,6.2,代码,research/families/f04_external_market_alpha/cross_market_shock_audit.py,26011,近期变更待观察,P4,3,.github/skills/mm-as-glft-ml-spread/SKILL.md | project.md | research/governance/migrations/layout_v2.json,,检查测试、文档、registry 与冻结 hash 是否随本次变更同步,高,近期修改不等于语义审计或 action 权限已经完成
436,2026-07-29T02:33:32+08:00,6.2,代码,research/families/f09_campaign_action_uplift/audit/safe_add_rearm_hazard.py,25736,候选删除：关闭 action evaluator，待用户确认,P1,3,docs/repository_lru_audit_20260727.md | research/governance/migrations/layout_v2.json | tests/test_safe_add_rearm_hazard.py,,与同组 evaluator/test 原子删除；先保留冻结报告、通用 replay/OPE 与 artifact identity,中,精确 action family 已关闭；代码存在不再代表研究或 live 权限
437,2026-07-29T02:33:32+08:00,6.2,代码,research/families/f09_campaign_action_uplift/audit/recovery_event_support_preflight.py,21698,近期变更待观察,P4,2,research/governance/migrations/layout_v2.json | tests/test_recovery_event_rearm.py,,检查测试、文档、registry 与冻结 hash 是否随本次变更同步,高,近期修改不等于语义审计或 action 权限已经完成
438,2026-07-29T02:33:32+08:00,6.2,代码,research/families/f04_external_market_alpha/external_venue_model.py,55077,近期变更待观察,P4,4,models/README.md | research/families/f04_external_market_alpha/docs/external_information_decay_v1_development_20260727.md | research/governance/migrations/layout_v2.json,,检查测试、文档、registry 与冻结 hash 是否随本次变更同步,高,近期修改不等于语义审计或 action 权限已经完成
439,2026-07-29T02:33:32+08:00,6.2,代码,research/families/f09_campaign_action_uplift/audit/state_conditioned_policy_artifact.py,28332,近期变更待观察,P4,2,research/governance/migrations/layout_v2.json | tests/test_state_conditioned_policy_artifact.py,,检查测试、文档、registry 与冻结 hash 是否随本次变更同步,高,近期修改不等于语义审计或 action 权限已经完成
440,2026-07-29T02:33:32+08:00,6.2,代码,research/families/f09_campaign_action_uplift/audit/state_conditioned_rearm_randomized.py,28500,近期变更待观察,P4,4,docs/audit_entrypoints_20260630.md | research/families/f09_campaign_action_uplift/audit/state_conditioned_rearm_ope.py | research/governance/migrations/layout_v2.json,,检查测试、文档、registry 与冻结 hash 是否随本次变更同步,高,近期修改不等于语义审计或 action 权限已经完成
441,2026-07-29T02:33:32+08:00,6.2,代码,research/families/f04_external_market_alpha/audit/fast3_direction_policy_audit.py,17298,近期变更待观察,P4,2,research/governance/migrations/layout_v2.json | tests/test_fast3_direction_policy_audit.py,,检查测试、文档、registry 与冻结 hash 是否随本次变更同步,高,近期修改不等于语义审计或 action 权限已经完成
442,2026-07-29T02:33:32+08:00,6.2,代码,research/families/f09_campaign_action_uplift/audit/buy_conditional_widen_cate.py,37895,候选删除：关闭 action evaluator，待用户确认,P1,5,docs/repository_lru_audit_20260727.md | research/families/f09_campaign_action_uplift/audit/sell_campaign_add_permission_cate.py | research/families/f09_campaign_action_uplift/audit/sell_repair_trend_skip_cate.py,,与同组 evaluator/test 原子删除；先保留冻结报告、通用 replay/OPE 与 artifact identity,中,精确 action family 已关闭；代码存在不再代表研究或 live 权限
443,2026-07-29T02:33:32+08:00,6.2,代码,research/families/f04_external_market_alpha/audit/external_venue_shadow_panel.py,27603,近期变更待观察,P4,2,research/governance/migrations/layout_v2.json | tests/test_external_venue_shadow_panel.py,,检查测试、文档、registry 与冻结 hash 是否随本次变更同步,高,近期修改不等于语义审计或 action 权限已经完成
444,2026-07-29T02:33:38+08:00,6.2,代码,research/system_engineering/audit/market_data_latency.py,15106,近期变更待观察,P4,9,README.md | README.zh-CN.md | docs/market_data.md,,检查测试、文档、registry 与冻结 hash 是否随本次变更同步,高,近期修改不等于语义审计或 action 权限已经完成
445,2026-07-29T02:33:55+08:00,6.2,测试,tests/test_evaluate_policy_clock_fill_cif.py,5568,保留：回归/合同测试,P4,0,,,确认仍保护当前实现或冻结身份；只随对应代码原子退役,中,测试零静态引用属正常，不是删除证据
446,2026-07-29T02:33:55+08:00,6.2,测试,tests/test_evaluate_role_calibrated_competing_curve_cif.py,3200,保留：回归/合同测试,P4,0,,,确认仍保护当前实现或冻结身份；只随对应代码原子退役,中,测试零静态引用属正常，不是删除证据
447,2026-07-29T02:33:55+08:00,6.2,测试,tests/test_evaluate_nested_role_competing_curve_cif.py,3188,保留：回归/合同测试,P4,0,,,确认仍保护当前实现或冻结身份；只随对应代码原子退役,中,测试零静态引用属正常，不是删除证据
448,2026-07-29T02:39:39+08:00,6.19,文档,docs/codebase_architecture_20260705.md,8396,近期变更待观察,P4,0,,2026-07-29,检查测试、文档、registry 与冻结 hash 是否随本次变更同步,中,近期修改不等于语义审计或 action 权限已经完成
449,2026-07-29T02:39:39+08:00,6.19,文档,models/README.md,4604,近期变更待观察,P4,0,,2026-07-29,检查测试、文档、registry 与冻结 hash 是否随本次变更同步,中,近期修改不等于语义审计或 action 权限已经完成
450,2026-07-29T02:39:39+08:00,6.19,文档,.github/skills/mm-as-glft-ml-spread/SKILL.md,38471,近期变更待观察,P4,0,,2026-07-29,检查测试、文档、registry 与冻结 hash 是否随本次变更同步,中,近期修改不等于语义审计或 action 权限已经完成
451,2026-07-29T02:53:19+08:00,6.18,测试,tests/test_data_quality_segments.py,2981,保留：回归/合同测试,P4,0,,,确认仍保护当前实现或冻结身份；只随对应代码原子退役,中,测试零静态引用属正常，不是删除证据
452,2026-07-29T03:05:47+08:00,6.17,文档,research/research_family_foundation_and_blockers_20260729.md,22069,近期变更待观察,P4,0,,2026-07-29,检查测试、文档、registry 与冻结 hash 是否随本次变更同步,中,近期修改不等于语义审计或 action 权限已经完成
453,2026-07-29T03:31:14+08:00,6.16,测试,tests/test_quote_ev_prediction_contract.py,391,保留：回归/合同测试,P4,0,,,确认仍保护当前实现或冻结身份；只随对应代码原子退役,中,测试零静态引用属正常，不是删除证据
454,2026-07-29T03:32:28+08:00,6.16,代码,research/families/f05_fill_quality_quote_ev/quote_ev_shadow_eval.py,11247,近期变更待观察,P4,2,project.md | research/governance/migrations/layout_v2.json,,检查测试、文档、registry 与冻结 hash 是否随本次变更同步,高,近期修改不等于语义审计或 action 权限已经完成
455,2026-07-29T03:32:28+08:00,6.16,代码,research/families/f05_fill_quality_quote_ev/quote_ev.py,32527,近期变更待观察,P4,7,models/backtest_tick.py | research/families/f05_fill_quality_quote_ev/quote_ev_shadow_eval.py | research/families/f05_fill_quality_quote_ev/train_quote_ev.py,,检查测试、文档、registry 与冻结 hash 是否随本次变更同步,高,近期修改不等于语义审计或 action 权限已经完成
456,2026-07-29T03:32:28+08:00,6.16,代码,research/families/f08_side_taker_lifecycle/audit/side_taker_hazard_calibration.py,33537,近期变更待观察,P4,4,research/governance/migrations/layout_v2.json | research/research_family_foundation_and_blockers_20260729.md | tests/test_historical_reproduction_governance.py,,检查测试、文档、registry 与冻结 hash 是否随本次变更同步,高,近期修改不等于语义审计或 action 权限已经完成
457,2026-07-29T03:32:28+08:00,6.16,代码,research/families/f07_active_order_continuation/audit/queue_value_competing_risk.py,42336,近期变更待观察,P4,8,models/backtest_tick.py | research/families/f08_side_taker_lifecycle/audit/side_taker_hazard_calibration.py | research/families/f09_campaign_action_uplift/audit/local_action_uplift.py,,检查测试、文档、registry 与冻结 hash 是否随本次变更同步,高,近期修改不等于语义审计或 action 权限已经完成
458,2026-07-29T03:34:52+08:00,6.15,测试,tests/test_replay_integrity_controls.py,16027,保留：回归/合同测试,P4,0,,,确认仍保护当前实现或冻结身份；只随对应代码原子退役,中,测试零静态引用属正常，不是删除证据
459,2026-07-29T03:34:59+08:00,6.15,代码,research/families/f02_empirical_p3_touch/audit/p3_touch_calibration.py,13759,近期变更待观察,P4,7,research/families/f02_empirical_p3_touch/audit/p3_touch_decision_cadence_context.py | research/families/f02_empirical_p3_touch/audit/p3_touch_decision_cadence_transport.py | research/families/f02_empirical_p3_touch/audit/p3_touch_source_aware_expanded.py,,检查测试、文档、registry 与冻结 hash 是否随本次变更同步,高,近期修改不等于语义审计或 action 权限已经完成
460,2026-07-29T03:35:09+08:00,6.15,测试,tests/test_p3_touch_calibration.py,4879,保留：回归/合同测试,P4,0,,,确认仍保护当前实现或冻结身份；只随对应代码原子退役,中,测试零静态引用属正常，不是删除证据
461,2026-07-29T03:37:17+08:00,6.15,文档,research/families/f08_side_taker_lifecycle/README.md,613,近期变更待观察,P4,1,research/governance/migrations/layout_v2.json,2026-07-29,检查测试、文档、registry 与冻结 hash 是否随本次变更同步,高,近期修改不等于语义审计或 action 权限已经完成
462,2026-07-29T03:38:55+08:00,6.15,代码,research/governance/historical_reproduction.py,6074,近期变更待观察,P4,9,models/backtest_tick.py | research/families/f06_placement_fill_cif/audit/competing_curve_fill_cif.py | research/families/f06_placement_fill_cif/audit/direct_fill_cif.py,,检查测试、文档、registry 与冻结 hash 是否随本次变更同步,高,近期修改不等于语义审计或 action 权限已经完成
463,2026-07-29T03:38:55+08:00,6.15,代码,research/families/f06_placement_fill_cif/audit/competing_curve_fill_cif.py,21697,近期变更待观察,P4,5,research/families/f06_placement_fill_cif/audit/nested_role_calibrated_competing_curve_cif.py | research/families/f06_placement_fill_cif/audit/policy_clock_fill_cif.py | research/families/f06_placement_fill_cif/audit/role_calibrated_competing_curve_cif.py,,检查测试、文档、registry 与冻结 hash 是否随本次变更同步,高,近期修改不等于语义审计或 action 权限已经完成
464,2026-07-29T03:39:38+08:00,6.15,代码,research/families/f06_placement_fill_cif/audit/role_calibrated_competing_curve_cif.py,16118,近期变更待观察,P4,2,research/governance/migrations/layout_v2.json | tests/test_full_curve_fill_cif.py,,检查测试、文档、registry 与冻结 hash 是否随本次变更同步,高,近期修改不等于语义审计或 action 权限已经完成
465,2026-07-29T03:39:38+08:00,6.15,代码,research/families/f06_placement_fill_cif/audit/nested_role_calibrated_competing_curve_cif.py,25348,近期变更待观察,P4,2,research/governance/migrations/layout_v2.json | tests/test_full_curve_fill_cif.py,,检查测试、文档、registry 与冻结 hash 是否随本次变更同步,高,近期修改不等于语义审计或 action 权限已经完成
466,2026-07-29T03:42:13+08:00,6.15,测试,tests/test_historical_reproduction_governance.py,5275,保留：回归/合同测试,P4,0,,,确认仍保护当前实现或冻结身份；只随对应代码原子退役,中,测试零静态引用属正常，不是删除证据
467,2026-07-29T03:43:46+08:00,6.15,测试,tests/test_feature_warmup.py,5466,保留：回归/合同测试,P4,0,,,确认仍保护当前实现或冻结身份；只随对应代码原子退役,中,测试零静态引用属正常，不是删除证据
468,2026-07-29T03:46:50+08:00,6.15,代码,research/families/f02_empirical_p3_touch/fill_probability.py,20776,近期变更待观察,P4,17,.github/skills/mm-as-glft-ml-spread/SKILL.md | features/feature_engineer.py | models/backtest_config.py,,检查测试、文档、registry 与冻结 hash 是否随本次变更同步,高,近期修改不等于语义审计或 action 权限已经完成
469,2026-07-29T03:46:50+08:00,6.15,测试,tests/test_fill_probability_empirical.py,2645,保留：回归/合同测试,P4,0,,,确认仍保护当前实现或冻结身份；只随对应代码原子退役,中,测试零静态引用属正常，不是删除证据
470,2026-07-29T04:18:08+08:00,6.12,测试,tests/test_placement_marginal_fill_value_feasibility.py,7337,保留：回归/合同测试,P4,1,research/families/f06_placement_fill_cif/docs/placement_marginal_fill_value_feasibility_v1_spec_20260729.json,,确认仍保护当前实现或冻结身份；只随对应代码原子退役,高,测试零静态引用属正常，不是删除证据
471,2026-07-29T04:18:34+08:00,6.12,冻结规范/登记表,research/families/f06_placement_fill_cif/docs/placement_marginal_fill_value_feasibility_v1_spec_20260729.json,12071,受保护：历史/冻结证据,P3,2,research/families/f06_placement_fill_cif/audit/placement_marginal_fill_value_feasibility.py | research/families/f06_placement_fill_cif/docs/placement_marginal_fill_value_feasibility_v1_development_20260729.md,,核对身份、hash 与 current/superseded 声明；禁止因年龄改写结论,高,冻结证据只允许索引、路径解析与解释层治理
472,2026-07-29T04:22:45+08:00,6.12,文档,research/families/f06_placement_fill_cif/docs/placement_marginal_fill_value_feasibility_v1_development_20260729.md,5017,受保护：历史/冻结证据,P3,0,,2026-07-29,核对身份、hash 与 current/superseded 声明；禁止因年龄改写结论,高,冻结证据只允许索引、路径解析与解释层治理
473,2026-07-29T04:42:05+08:00,6.11,文档,research/families/f06_placement_fill_cif/README.md,5059,近期变更待观察,P4,1,research/governance/migrations/layout_v2.json,2026-07-29,检查测试、文档、registry 与冻结 hash 是否随本次变更同步,高,近期修改不等于语义审计或 action 权限已经完成
474,2026-07-29T05:37:37+08:00,6.07,冻结规范/登记表,research/families/f09_campaign_action_uplift/docs/volatility_time_add_rearm_feasibility_v1_source_arm_20260729.json,489,受保护：历史/冻结证据,P3,1,research/families/f09_campaign_action_uplift/docs/volatility_time_add_rearm_feasibility_v1_spec_20260729.json,,核对身份、hash 与 current/superseded 声明；禁止因年龄改写结论,高,冻结证据只允许索引、路径解析与解释层治理
475,2026-07-29T05:46:35+08:00,6.06,代码,research/families/f09_campaign_action_uplift/audit/volatility_time_add_rearm_feasibility.py,32705,近期变更待观察,P4,3,research/families/f09_campaign_action_uplift/audit/volatility_time_add_rearm_feasibility_v2.py | research/families/f09_campaign_action_uplift/docs/volatility_time_add_rearm_live_stack_parity_v1_spec_20260729.json | tests/test_volatility_time_add_rearm_feasibility.py,,检查测试、文档、registry 与冻结 hash 是否随本次变更同步,高,近期修改不等于语义审计或 action 权限已经完成
476,2026-07-29T05:46:52+08:00,6.06,测试,tests/test_volatility_time_add_rearm_feasibility.py,5081,保留：回归/合同测试,P4,0,,,确认仍保护当前实现或冻结身份；只随对应代码原子退役,中,测试零静态引用属正常，不是删除证据
477,2026-07-29T05:47:08+08:00,6.06,冻结规范/登记表,research/families/f09_campaign_action_uplift/docs/volatility_time_add_rearm_feasibility_v1_spec_20260729.json,9075,受保护：历史/冻结证据,P3,0,,,核对身份、hash 与 current/superseded 声明；禁止因年龄改写结论,高,冻结证据只允许索引、路径解析与解释层治理
478,2026-07-29T05:50:52+08:00,6.06,文档,research/families/f09_campaign_action_uplift/docs/volatility_time_add_rearm_feasibility_v1_development_20260729.md,4624,受保护：历史/冻结证据,P3,0,,,核对身份、hash 与 current/superseded 声明；禁止因年龄改写结论,高,冻结证据只允许索引、路径解析与解释层治理
479,2026-07-29T06:04:13+08:00,6.05,文档,research/families/f09_campaign_action_uplift/docs/volatility_time_add_rearm_blocker_attribution_20260729.md,5468,受保护：历史/冻结证据,P3,2,research/families/f09_campaign_action_uplift/docs/volatility_time_add_rearm_feasibility_v2_1_spec_20260729.json | research/families/f09_campaign_action_uplift/docs/volatility_time_add_rearm_feasibility_v2_spec_20260729.json,2026-07-29,核对身份、hash 与 current/superseded 声明；禁止因年龄改写结论,高,冻结证据只允许索引、路径解析与解释层治理
480,2026-07-29T06:34:55+08:00,6.03,冻结规范/登记表,research/families/f09_campaign_action_uplift/docs/volatility_time_add_rearm_feasibility_v2_spec_20260729.json,8812,受保护：历史/冻结证据,P3,0,,,核对身份、hash 与 current/superseded 声明；禁止因年龄改写结论,高,冻结证据只允许索引、路径解析与解释层治理
481,2026-07-29T06:37:51+08:00,6.03,测试,tests/test_volatility_time_add_rearm_feasibility_v2.py,5081,保留：回归/合同测试,P4,0,,,确认仍保护当前实现或冻结身份；只随对应代码原子退役,中,测试零静态引用属正常，不是删除证据
482,2026-07-29T06:38:39+08:00,6.03,代码,research/families/f09_campaign_action_uplift/audit/volatility_time_add_rearm_feasibility_v2.py,29319,近期变更待观察,P4,6,research/families/f09_campaign_action_uplift/audit/volatility_time_add_rearm_full_path_preflight.py | research/families/f09_campaign_action_uplift/audit/volatility_time_add_rearm_negative_result_attribution.py | research/families/f09_campaign_action_uplift/docs/post_cooldown_incremental_inventory_budget_feasibility_v1_2_spec_20260801.json,,检查测试、文档、registry 与冻结 hash 是否随本次变更同步,高,近期修改不等于语义审计或 action 权限已经完成
483,2026-07-29T06:38:58+08:00,6.03,冻结规范/登记表,research/families/f09_campaign_action_uplift/docs/volatility_time_add_rearm_feasibility_v2_1_spec_20260729.json,8989,受保护：历史/冻结证据,P3,0,,,核对身份、hash 与 current/superseded 声明；禁止因年龄改写结论,高,冻结证据只允许索引、路径解析与解释层治理
484,2026-07-29T06:42:51+08:00,6.02,文档,research/families/f09_campaign_action_uplift/docs/volatility_time_add_rearm_feasibility_v2_1_development_20260729.md,5452,受保护：历史/冻结证据,P3,0,,2026-07-29,核对身份、hash 与 current/superseded 声明；禁止因年龄改写结论,高,冻结证据只允许索引、路径解析与解释层治理
485,2026-07-29T07:49:14+08:00,5.98,代码,research/families/f01_fixed_parameter_racing/campaign_outcome_replay_audit.py,153976,近期变更待观察,P4,12,README.md | README.zh-CN.md | docs/arm_scoring_design_20260706.md,,检查测试、文档、registry 与冻结 hash 是否随本次变更同步,高,近期修改不等于语义审计或 action 权限已经完成
486,2026-07-29T07:49:27+08:00,5.98,代码,models/replay_contract.py,42041,近期变更待观察,P4,36,models/quote_decomposition_tick.py | research/families/f01_fixed_parameter_racing/campaign_outcome_replay_audit.py | research/families/f09_campaign_action_uplift/audit/ranked_toxicity_guard_full_path_mechanics.py,,检查测试、文档、registry 与冻结 hash 是否随本次变更同步,高,近期修改不等于语义审计或 action 权限已经完成
487,2026-07-29T07:49:34+08:00,5.98,测试,tests/test_replay_contract.py,18330,保留：回归/合同测试,P4,2,research/families/f09_campaign_action_uplift/docs/replay_path_dependent_blockers_v1_spec_20260729.json | research/families/f09_campaign_action_uplift/docs/volatility_time_add_rearm_live_stack_parity_v1_spec_20260729.json,,确认仍保护当前实现或冻结身份；只随对应代码原子退役,高,测试零静态引用属正常，不是删除证据
488,2026-07-29T07:56:15+08:00,5.97,冻结规范/登记表,research/families/f09_campaign_action_uplift/docs/replay_path_dependent_blockers_v1_spec_20260729.json,4435,受保护：历史/冻结证据,P3,1,research/families/f09_campaign_action_uplift/docs/volatility_time_add_rearm_live_stack_parity_v1_spec_20260729.json,,核对身份、hash 与 current/superseded 声明；禁止因年龄改写结论,高,冻结证据只允许索引、路径解析与解释层治理
489,2026-07-29T07:57:11+08:00,5.97,测试,tests/test_paired_fixed_spread_monotonic.py,16156,保留：回归/合同测试,P4,0,,,确认仍保护当前实现或冻结身份；只随对应代码原子退役,中,测试零静态引用属正常，不是删除证据
490,2026-07-29T08:10:02+08:00,5.96,测试,tests/test_fill_cooldown_contract.py,4569,保留：回归/合同测试,P4,1,research/families/f09_campaign_action_uplift/docs/volatility_time_add_rearm_live_stack_parity_v1_spec_20260729.json,,确认仍保护当前实现或冻结身份；只随对应代码原子退役,高,测试零静态引用属正常，不是删除证据
491,2026-07-29T08:17:05+08:00,5.96,测试,tests/test_volatility_time_add_rearm_live_stack_parity.py,2624,保留：回归/合同测试,P4,1,research/families/f09_campaign_action_uplift/docs/volatility_time_add_rearm_live_stack_parity_v1_spec_20260729.json,,确认仍保护当前实现或冻结身份；只随对应代码原子退役,高,测试零静态引用属正常，不是删除证据
492,2026-07-29T08:27:45+08:00,5.95,文档,research/families/f09_campaign_action_uplift/docs/volatility_time_add_rearm_feasibility_v2_1_errata_20260729.md,1468,受保护：历史/冻结证据,P3,0,,2026-07-29,核对身份、hash 与 current/superseded 声明；禁止因年龄改写结论,高,冻结证据只允许索引、路径解析与解释层治理
493,2026-07-29T08:29:20+08:00,5.95,代码,research/families/f09_campaign_action_uplift/audit/volatility_time_add_rearm_live_stack_parity.py,26946,近期变更待观察,P4,1,tests/test_volatility_time_add_rearm_live_stack_parity.py,,检查测试、文档、registry 与冻结 hash 是否随本次变更同步,高,近期修改不等于语义审计或 action 权限已经完成
494,2026-07-29T08:30:18+08:00,5.95,冻结规范/登记表,research/families/f09_campaign_action_uplift/docs/volatility_time_add_rearm_live_stack_parity_v1_spec_20260729.json,12838,受保护：历史/冻结证据,P3,1,research/families/f09_campaign_action_uplift/docs/volatility_time_add_rearm_live_stack_parity_v1_development_20260729.md,,核对身份、hash 与 current/superseded 声明；禁止因年龄改写结论,高,冻结证据只允许索引、路径解析与解释层治理
495,2026-07-29T08:31:05+08:00,5.95,文档,research/families/f09_campaign_action_uplift/docs/volatility_time_add_rearm_live_stack_parity_v1_development_20260729.md,3634,受保护：历史/冻结证据,P3,1,research/families/f09_campaign_action_uplift/docs/volatility_time_add_rearm_feasibility_v2_1_errata_20260729.md,2026-07-29,核对身份、hash 与 current/superseded 声明；禁止因年龄改写结论,高,冻结证据只允许索引、路径解析与解释层治理
496,2026-07-29T10:15:11+08:00,5.88,冻结规范/登记表,research/families/f09_campaign_action_uplift/docs/volatility_time_add_rearm_full_path_preflight_v1_spec_20260729.json,11984,受保护：历史/冻结证据,P3,17,research/families/f09_campaign_action_uplift/docs/cross_venue_fair_center_shift_randomized_replay_v1_1_spec_20260801.json | research/families/f09_campaign_action_uplift/docs/cross_venue_fair_center_shift_randomized_replay_v1_spec_20260801.json | research/families/f09_campaign_action_uplift/docs/multi_short_reducing_buy_aggression_v1_1_spec_20260801.json,,核对身份、hash 与 current/superseded 声明；禁止因年龄改写结论,高,冻结证据只允许索引、路径解析与解释层治理
497,2026-07-29T13:12:01+08:00,5.75,冻结规范/登记表,research/families/f09_campaign_action_uplift/docs/volatility_time_add_rearm_full_path_preflight_v1_postrun_audit_20260729.json,5069,受保护：历史/冻结证据,P3,1,research/families/f09_campaign_action_uplift/docs/volatility_time_add_rearm_full_path_preflight_v1_development_20260729.md,,核对身份、hash 与 current/superseded 声明；禁止因年龄改写结论,高,冻结证据只允许索引、路径解析与解释层治理
498,2026-07-29T13:12:01+08:00,5.75,文档,research/families/f09_campaign_action_uplift/docs/volatility_time_add_rearm_full_path_preflight_v1_development_20260729.md,4198,受保护：历史/冻结证据,P3,0,,,核对身份、hash 与 current/superseded 声明；禁止因年龄改写结论,高,冻结证据只允许索引、路径解析与解释层治理
499,2026-07-29T13:31:09+08:00,5.74,代码,cpp/CMakeLists.txt,2048,近期变更待观察,P4,7,Makefile | cpp/README.md | research/families/f06_placement_fill_cif/audit/placement_fill_panel.py,,检查测试、文档、registry 与冻结 hash 是否随本次变更同步,高,近期修改不等于语义审计或 action 权限已经完成
500,2026-07-29T14:19:16+08:00,5.71,测试,tests/test_volatility_time_add_rearm_cpp_q90_parity.py,2459,保留：回归/合同测试,P4,0,,,确认仍保护当前实现或冻结身份；只随对应代码原子退役,中,测试零静态引用属正常，不是删除证据
501,2026-07-29T14:20:25+08:00,5.71,代码,research/families/f09_campaign_action_uplift/audit/volatility_time_add_rearm_cpp_q90_parity.py,17686,近期变更待观察,P4,0,,,检查测试、文档、registry 与冻结 hash 是否随本次变更同步,中,近期修改不等于语义审计或 action 权限已经完成
502,2026-07-29T14:22:14+08:00,5.7,冻结规范/登记表,research/families/f09_campaign_action_uplift/docs/volatility_time_add_rearm_cpp_q90_parity_v1_spec_20260729.json,7229,受保护：历史/冻结证据,P3,1,research/families/f09_campaign_action_uplift/docs/volatility_time_add_rearm_cpp_q90_parity_v1_postrun_audit_20260729.json,,核对身份、hash 与 current/superseded 声明；禁止因年龄改写结论,高,冻结证据只允许索引、路径解析与解释层治理
503,2026-07-29T14:43:26+08:00,5.69,测试,tests/test_sparse_order_lifecycle.py,8480,保留：回归/合同测试,P4,0,,,确认仍保护当前实现或冻结身份；只随对应代码原子退役,中,测试零静态引用属正常，不是删除证据
504,2026-07-29T14:44:14+08:00,5.69,文档,research/families/f09_campaign_action_uplift/docs/volatility_time_add_rearm_cpp_q90_parity_v1_development_20260729.md,4187,受保护：历史/冻结证据,P3,0,,,核对身份、hash 与 current/superseded 声明；禁止因年龄改写结论,高,冻结证据只允许索引、路径解析与解释层治理
505,2026-07-29T14:44:14+08:00,5.69,冻结规范/登记表,research/families/f09_campaign_action_uplift/docs/volatility_time_add_rearm_cpp_q90_parity_v1_postrun_audit_20260729.json,4247,受保护：历史/冻结证据,P3,2,research/families/f09_campaign_action_uplift/docs/volatility_time_add_rearm_cpp_q90_parity_v1_development_20260729.md | research/families/f09_campaign_action_uplift/docs/volatility_time_add_rearm_randomized_replay_v1_spec_20260729.json,,核对身份、hash 与 current/superseded 声明；禁止因年龄改写结论,高,冻结证据只允许索引、路径解析与解释层治理
506,2026-07-29T15:38:37+08:00,5.65,测试,tests/test_volatility_time_add_rearm_full_path_preflight.py,17891,保留：回归/合同测试,P4,4,research/families/f09_campaign_action_uplift/docs/volatility_time_add_rearm_full_path_preflight_v1_spec_20260729.json | research/families/f09_campaign_action_uplift/docs/volatility_time_add_rearm_randomized_replay_v1_spec_20260729.json | research/families/f10_live_replay_attribution/audit/buy_q90_portfolio_path_attribution.py,,确认仍保护当前实现或冻结身份；只随对应代码原子退役,高,测试零静态引用属正常，不是删除证据
507,2026-07-29T16:01:31+08:00,5.63,测试,tests/test_variance_time_rearm.py,7836,保留：回归/合同测试,P4,2,research/families/f09_campaign_action_uplift/docs/volatility_time_add_rearm_live_stack_parity_v1_spec_20260729.json | research/families/f09_campaign_action_uplift/docs/volatility_time_add_rearm_randomized_replay_v1_spec_20260729.json,,确认仍保护当前实现或冻结身份；只随对应代码原子退役,高,测试零静态引用属正常，不是删除证据
508,2026-07-29T16:14:01+08:00,5.63,代码,research/families/f09_campaign_action_uplift/audit/volatility_time_add_rearm_randomized_replay.py,35133,近期变更待观察,P4,0,,,检查测试、文档、registry 与冻结 hash 是否随本次变更同步,中,近期修改不等于语义审计或 action 权限已经完成
509,2026-07-29T16:14:01+08:00,5.63,测试,tests/test_volatility_time_add_rearm_randomized_replay.py,6786,保留：回归/合同测试,P4,1,research/families/f09_campaign_action_uplift/docs/volatility_time_add_rearm_randomized_replay_v1_spec_20260729.json,,确认仍保护当前实现或冻结身份；只随对应代码原子退役,高,测试零静态引用属正常，不是删除证据
510,2026-07-29T16:15:15+08:00,5.63,冻结规范/登记表,research/families/f09_campaign_action_uplift/docs/volatility_time_add_rearm_randomized_replay_v1_spec_20260729.json,13842,受保护：历史/冻结证据,P3,2,research/families/f09_campaign_action_uplift/docs/volatility_time_add_rearm_negative_result_attribution_v1_spec_20260729.json | research/families/f09_campaign_action_uplift/docs/volatility_time_add_rearm_randomized_replay_v1_postrun_audit_20260729.json,,核对身份、hash 与 current/superseded 声明；禁止因年龄改写结论,高,冻结证据只允许索引、路径解析与解释层治理
511,2026-07-29T18:24:35+08:00,5.54,文档,research/families/f09_campaign_action_uplift/docs/volatility_time_add_rearm_randomized_replay_v1_development_20260729.md,6068,受保护：历史/冻结证据,P3,2,research/families/f09_campaign_action_uplift/docs/cooldown_action_leverage_frontier_v1_spec_20260730.json | research/families/f09_campaign_action_uplift/docs/volatility_time_add_rearm_randomized_replay_v1_postrun_audit_20260729.json,,核对身份、hash 与 current/superseded 声明；禁止因年龄改写结论,高,冻结证据只允许索引、路径解析与解释层治理
512,2026-07-29T18:26:03+08:00,5.53,冻结规范/登记表,research/families/f09_campaign_action_uplift/docs/volatility_time_add_rearm_randomized_replay_v1_postrun_audit_20260729.json,6367,受保护：历史/冻结证据,P3,1,research/families/f09_campaign_action_uplift/docs/volatility_time_add_rearm_negative_result_attribution_v1_spec_20260729.json,,核对身份、hash 与 current/superseded 声明；禁止因年龄改写结论,高,冻结证据只允许索引、路径解析与解释层治理
513,2026-07-29T20:29:26+08:00,5.45,代码,research/families/f09_campaign_action_uplift/audit/volatility_time_add_rearm_negative_result_attribution.py,24791,近期变更待观察,P4,1,research/families/f09_campaign_action_uplift/docs/volatility_time_add_rearm_negative_result_attribution_v1_spec_20260729.json,,检查测试、文档、registry 与冻结 hash 是否随本次变更同步,高,近期修改不等于语义审计或 action 权限已经完成
514,2026-07-29T20:29:37+08:00,5.45,测试,tests/test_volatility_time_add_rearm_negative_result_attribution.py,4101,保留：回归/合同测试,P4,0,,,确认仍保护当前实现或冻结身份；只随对应代码原子退役,中,测试零静态引用属正常，不是删除证据
515,2026-07-29T20:29:57+08:00,5.45,冻结规范/登记表,research/families/f09_campaign_action_uplift/docs/volatility_time_add_rearm_negative_result_attribution_v1_spec_20260729.json,5759,受保护：历史/冻结证据,P3,0,,,核对身份、hash 与 current/superseded 声明；禁止因年龄改写结论,高,冻结证据只允许索引、路径解析与解释层治理
516,2026-07-29T20:31:51+08:00,5.45,文档,research/families/f09_campaign_action_uplift/docs/volatility_time_add_rearm_negative_result_attribution_v1_development_20260729.md,5235,受保护：历史/冻结证据,P3,0,,2026-07-29,核对身份、hash 与 current/superseded 声明；禁止因年龄改写结论,高,冻结证据只允许索引、路径解析与解释层治理
517,2026-07-29T21:22:46+08:00,5.41,代码,strategy/fill_cooldown.py,24701,近期变更待观察,P4,40,live/config.py | models/backtest_tick.py | models/replay_contract.py,,检查测试、文档、registry 与冻结 hash 是否随本次变更同步,高,近期修改不等于语义审计或 action 权限已经完成
518,2026-07-29T21:42:53+08:00,5.4,文档,research/families/f09_campaign_action_uplift/docs/lineage_randomized_outcome_contract_v2.md,4131,受保护：历史/冻结证据,P3,0,,2026-07-29,核对身份、hash 与 current/superseded 声明；禁止因年龄改写结论,高,冻结证据只允许索引、路径解析与解释层治理
519,2026-07-29T21:45:37+08:00,5.4,测试,tests/test_first_add_decision_to_terminal_contract.py,2703,保留：回归/合同测试,P4,1,research/families/f10_live_replay_attribution/audit/first_add_decision_to_terminal_contract.py,,确认仍保护当前实现或冻结身份；只随对应代码原子退役,高,测试零静态引用属正常，不是删除证据
520,2026-07-29T21:47:57+08:00,5.39,冻结规范/登记表,research/families/f05_fill_quality_quote_ev/docs/decision_visible_negative_fill_value_evidence_m0_v1_preregistration_20260729.json,2977,受保护：历史/冻结证据,P3,0,,,核对身份、hash 与 current/superseded 声明；禁止因年龄改写结论,高,冻结证据只允许索引、路径解析与解释层治理
521,2026-07-29T21:48:53+08:00,5.39,代码,research/families/f09_campaign_action_uplift/audit/lineage_randomized_outcome_contract.py,27441,近期变更待观察,P4,8,research/families/f09_campaign_action_uplift/docs/cross_venue_fair_center_shift_randomized_replay_v1_1_spec_20260801.json | research/families/f09_campaign_action_uplift/docs/cross_venue_fair_center_shift_randomized_replay_v1_spec_20260801.json | research/families/f09_campaign_action_uplift/docs/multi_short_reducing_buy_aggression_v1_1_spec_20260801.json,,检查测试、文档、registry 与冻结 hash 是否随本次变更同步,高,近期修改不等于语义审计或 action 权限已经完成
522,2026-07-29T21:49:03+08:00,5.39,测试,tests/test_lineage_randomized_outcome_contract_v2.py,13612,保留：回归/合同测试,P4,8,research/families/f09_campaign_action_uplift/audit/lineage_randomized_outcome_contract.py | research/families/f09_campaign_action_uplift/docs/cross_venue_fair_center_shift_randomized_replay_v1_1_spec_20260801.json | research/families/f09_campaign_action_uplift/docs/cross_venue_fair_center_shift_randomized_replay_v1_spec_20260801.json,,确认仍保护当前实现或冻结身份；只随对应代码原子退役,高,测试零静态引用属正常，不是删除证据
523,2026-07-29T21:49:57+08:00,5.39,文档,research/families/f10_live_replay_attribution/docs/first_add_decision_to_terminal_loss_diagnostic_v1_preregistration_20260729.md,1740,受保护：历史/冻结证据,P3,0,,,核对身份、hash 与 current/superseded 声明；禁止因年龄改写结论,高,冻结证据只允许索引、路径解析与解释层治理
524,2026-07-29T21:50:49+08:00,5.39,冻结规范/登记表,research/families/f09_campaign_action_uplift/docs/lineage_randomized_outcome_contract_v2.json,6093,受保护：历史/冻结证据,P3,12,research/families/f09_campaign_action_uplift/docs/causal_v12_ranked_toxicity_exposure_guard_buy_v1_mechanics_spec_20260802.json | research/families/f09_campaign_action_uplift/docs/causal_v12_ranked_toxicity_exposure_guard_sell_v1_mechanics_spec_20260802.json | research/families/f09_campaign_action_uplift/docs/cooldown_release_one_cycle_mechanics_reaudit_v1_spec_20260730.json,,核对身份、hash 与 current/superseded 声明；禁止因年龄改写结论,高,冻结证据只允许索引、路径解析与解释层治理
525,2026-07-29T22:20:00+08:00,5.37,代码,research/families/f10_live_replay_attribution/audit/first_add_decision_to_terminal_contract.py,9811,近期变更待观察,P4,0,,,检查测试、文档、registry 与冻结 hash 是否随本次变更同步,中,近期修改不等于语义审计或 action 权限已经完成
526,2026-07-29T22:20:32+08:00,5.37,冻结规范/登记表,research/families/f10_live_replay_attribution/docs/first_add_decision_to_terminal_loss_diagnostic_v1_spec_20260729.json,5960,受保护：历史/冻结证据,P3,9,research/families/f05_fill_quality_quote_ev/docs/decision_visible_negative_fill_value_evidence_m0_v1_1_method_20260729.json | research/families/f05_fill_quality_quote_ev/docs/decision_visible_negative_fill_value_evidence_m0_v1_method_20260729.json | research/families/f10_live_replay_attribution/audit/first_add_decision_to_terminal_artifact.py,,核对身份、hash 与 current/superseded 声明；禁止因年龄改写结论,高,冻结证据只允许索引、路径解析与解释层治理
527,2026-07-29T22:30:54+08:00,5.36,冻结规范/登记表,research/families/f05_fill_quality_quote_ev/docs/decision_visible_negative_fill_value_evidence_m0_v1_method_20260729.json,2680,受保护：历史/冻结证据,P3,1,tests/test_decision_visible_negative_fill_value_evidence.py,,核对身份、hash 与 current/superseded 声明；禁止因年龄改写结论,高,冻结证据只允许索引、路径解析与解释层治理
528,2026-07-29T22:50:37+08:00,5.35,冻结规范/登记表,research/families/f10_live_replay_attribution/docs/first_add_decision_to_terminal_native_producer_v1_spec_20260729.json,5369,受保护：历史/冻结证据,P3,4,research/families/f09_campaign_action_uplift/docs/cooldown_release_one_cycle_mechanics_reaudit_v1_spec_20260730.json | research/families/f10_live_replay_attribution/audit/first_add_decision_to_terminal_runner.py | research/families/f10_live_replay_attribution/docs/first_add_decision_to_terminal_native_reproduction_v1_spec_20260730.json,,核对身份、hash 与 current/superseded 声明；禁止因年龄改写结论,高,冻结证据只允许索引、路径解析与解释层治理
529,2026-07-30T01:47:25+08:00,5.23,代码,research/families/f10_live_replay_attribution/audit/first_add_decision_to_terminal_artifact.py,35985,近期变更待观察,P4,0,,,检查测试、文档、registry 与冻结 hash 是否随本次变更同步,中,近期修改不等于语义审计或 action 权限已经完成
530,2026-07-30T01:49:22+08:00,5.23,冻结规范/登记表,research/families/f05_fill_quality_quote_ev/docs/decision_visible_negative_fill_value_evidence_m0_v1_1_method_20260729.json,3496,受保护：历史/冻结证据,P3,2,research/families/f05_fill_quality_quote_ev/audit/decision_visible_negative_fill_value_runner.py | tests/test_decision_visible_negative_fill_value_evidence.py,,核对身份、hash 与 current/superseded 声明；禁止因年龄改写结论,高,冻结证据只允许索引、路径解析与解释层治理
531,2026-07-30T01:49:45+08:00,5.23,代码,research/families/f05_fill_quality_quote_ev/audit/decision_visible_negative_fill_value_runner.py,11932,近期变更待观察,P4,0,,,检查测试、文档、registry 与冻结 hash 是否随本次变更同步,中,近期修改不等于语义审计或 action 权限已经完成
532,2026-07-30T01:50:06+08:00,5.23,测试,tests/test_decision_visible_negative_fill_value_evidence.py,16014,保留：回归/合同测试,P4,0,,,确认仍保护当前实现或冻结身份；只随对应代码原子退役,中,测试零静态引用属正常，不是删除证据
533,2026-07-30T01:51:12+08:00,5.23,测试,tests/test_first_add_decision_to_terminal_artifact.py,14037,保留：回归/合同测试,P4,0,,,确认仍保护当前实现或冻结身份；只随对应代码原子退役,中,测试零静态引用属正常，不是删除证据
534,2026-07-30T01:59:14+08:00,5.22,文档,research/families/f10_live_replay_attribution/docs/first_add_decision_to_terminal_loss_diagnostic_v1_development_20260729.md,2208,受保护：历史/冻结证据,P3,2,research/families/f09_campaign_action_uplift/docs/cooldown_action_leverage_frontier_v1_errata_20260730.json | research/families/f09_campaign_action_uplift/docs/cooldown_action_leverage_frontier_v1_errata_20260730.md,2026-07-29,核对身份、hash 与 current/superseded 声明；禁止因年龄改写结论,高,冻结证据只允许索引、路径解析与解释层治理
535,2026-07-30T01:59:30+08:00,5.22,文档,research/families/f05_fill_quality_quote_ev/docs/decision_visible_negative_fill_value_evidence_m0_v1_1_development_20260729.md,2267,受保护：历史/冻结证据,P3,0,,2026-07-29,核对身份、hash 与 current/superseded 声明；禁止因年龄改写结论,高,冻结证据只允许索引、路径解析与解释层治理
536,2026-07-30T02:23:10+08:00,5.2,文档,research/families/f04_external_market_alpha/docs/first_add_external_incremental_value_m0_m1_v1_preregistration_20260730.md,2944,受保护：历史/冻结证据,P3,1,research/families/f04_external_market_alpha/docs/babel_external_market_research_map.md,2026-07-30,核对身份、hash 与 current/superseded 声明；禁止因年龄改写结论,高,冻结证据只允许索引、路径解析与解释层治理
537,2026-07-30T02:23:31+08:00,5.2,冻结规范/登记表,research/families/f04_external_market_alpha/docs/first_add_external_incremental_value_m0_m1_v1_preregistration_20260730.json,6320,受保护：历史/冻结证据,P3,1,tests/test_first_add_external_incremental_preregistration.py,,核对身份、hash 与 current/superseded 声明；禁止因年龄改写结论,高,冻结证据只允许索引、路径解析与解释层治理
538,2026-07-30T02:25:30+08:00,5.2,测试,tests/test_first_add_external_incremental_preregistration.py,2929,保留：回归/合同测试,P4,0,,,确认仍保护当前实现或冻结身份；只随对应代码原子退役,中,测试零静态引用属正常，不是删除证据
539,2026-07-30T03:18:13+08:00,5.16,冻结规范/登记表,research/families/f09_campaign_action_uplift/docs/cooldown_release_one_cycle_mechanics_reaudit_v1_spec_20260730.json,8111,受保护：历史/冻结证据,P3,2,research/families/f09_campaign_action_uplift/audit/cooldown_release_one_cycle_mechanics_reaudit.py | tests/test_cooldown_release_one_cycle_mechanics_reaudit.py,,核对身份、hash 与 current/superseded 声明；禁止因年龄改写结论,高,冻结证据只允许索引、路径解析与解释层治理
540,2026-07-30T08:26:28+08:00,4.95,文档,research/families/f09_campaign_action_uplift/docs/cooldown_release_one_cycle_mechanics_reaudit_v1_development_20260730.md,4421,受保护：历史/冻结证据,P3,1,research/families/f09_campaign_action_uplift/docs/cooldown_action_leverage_frontier_v1_spec_20260730.json,,核对身份、hash 与 current/superseded 声明；禁止因年龄改写结论,高,冻结证据只允许索引、路径解析与解释层治理
541,2026-07-30T09:47:18+08:00,4.89,代码,research/families/f09_campaign_action_uplift/audit/cooldown_action_leverage_frontier.py,29022,近期变更待观察,P4,2,research/families/f09_campaign_action_uplift/docs/cooldown_action_leverage_frontier_v1_errata_20260730.json | research/families/f09_campaign_action_uplift/docs/cooldown_action_leverage_frontier_v1_spec_20260730.json,,检查测试、文档、registry 与冻结 hash 是否随本次变更同步,高,近期修改不等于语义审计或 action 权限已经完成
542,2026-07-30T09:48:11+08:00,4.89,测试,tests/test_cooldown_action_leverage_frontier.py,2988,保留：回归/合同测试,P4,1,research/families/f09_campaign_action_uplift/docs/cooldown_action_leverage_frontier_v1_spec_20260730.json,,确认仍保护当前实现或冻结身份；只随对应代码原子退役,高,测试零静态引用属正常，不是删除证据
543,2026-07-30T09:48:41+08:00,4.89,冻结规范/登记表,research/families/f09_campaign_action_uplift/docs/cooldown_action_leverage_frontier_v1_spec_20260730.json,11131,受保护：历史/冻结证据,P3,3,research/families/f09_campaign_action_uplift/audit/cooldown_action_leverage_frontier.py | research/families/f09_campaign_action_uplift/docs/cooldown_action_leverage_frontier_v1_errata_20260730.json | tests/test_cooldown_action_leverage_frontier.py,,核对身份、hash 与 current/superseded 声明；禁止因年龄改写结论,高,冻结证据只允许索引、路径解析与解释层治理
544,2026-07-30T09:50:08+08:00,4.89,文档,research/families/f09_campaign_action_uplift/docs/cooldown_action_leverage_frontier_v1_development_20260730.md,5872,受保护：历史/冻结证据,P3,2,research/families/f09_campaign_action_uplift/docs/cooldown_action_leverage_frontier_v1_errata_20260730.json | research/registry.json,2026-07-30,核对身份、hash 与 current/superseded 声明；禁止因年龄改写结论,高,冻结证据只允许索引、路径解析与解释层治理
545,2026-07-30T10:11:42+08:00,4.88,冻结规范/登记表,research/families/f09_campaign_action_uplift/docs/cooldown_action_leverage_frontier_v1_errata_20260730.json,3073,受保护：历史/冻结证据,P3,2,research/families/f09_campaign_action_uplift/docs/cooldown_action_leverage_frontier_v1_errata_20260730.md | research/registry.json,,核对身份、hash 与 current/superseded 声明；禁止因年龄改写结论,高,冻结证据只允许索引、路径解析与解释层治理
546,2026-07-30T10:11:43+08:00,4.88,文档,research/families/f09_campaign_action_uplift/docs/cooldown_action_leverage_frontier_v1_errata_20260730.md,2223,受保护：历史/冻结证据,P3,0,,2026-07-30,核对身份、hash 与 current/superseded 声明；禁止因年龄改写结论,高,冻结证据只允许索引、路径解析与解释层治理
547,2026-07-30T10:56:07+08:00,4.85,代码,research/families/f10_live_replay_attribution/audit/live_120h_adverse_selection_diagnostic.py,13456,近期变更待观察,P4,1,research/families/f10_live_replay_attribution/docs/live_120h_adverse_selection_diagnostic_v1_errata_20260730.json,,检查测试、文档、registry 与冻结 hash 是否随本次变更同步,高,近期修改不等于语义审计或 action 权限已经完成
548,2026-07-30T11:03:26+08:00,4.84,测试,tests/test_live_120h_adverse_selection.py,1817,保留：回归/合同测试,P4,1,research/families/f10_live_replay_attribution/audit/live_120h_adverse_selection_diagnostic.py,,确认仍保护当前实现或冻结身份；只随对应代码原子退役,高,测试零静态引用属正常，不是删除证据
549,2026-07-30T11:03:59+08:00,4.84,冻结规范/登记表,research/families/f10_live_replay_attribution/docs/live_120h_adverse_selection_diagnostic_v1_spec_20260730.json,7456,受保护：历史/冻结证据,P3,3,research/families/f10_live_replay_attribution/audit/live_120h_adverse_selection_diagnostic.py | research/families/f10_live_replay_attribution/docs/live_120h_adverse_selection_diagnostic_v1_20260730.md | research/families/f10_live_replay_attribution/docs/live_120h_adverse_selection_diagnostic_v1_errata_20260730.json,,核对身份、hash 与 current/superseded 声明；禁止因年龄改写结论,高,冻结证据只允许索引、路径解析与解释层治理
550,2026-07-30T11:04:37+08:00,4.84,文档,research/families/f10_live_replay_attribution/docs/live_120h_adverse_selection_diagnostic_v1_20260730.md,5960,受保护：历史/冻结证据,P3,4,research/families/f10_live_replay_attribution/docs/live_120h_adverse_selection_diagnostic_v1_errata_20260730.json | research/families/f10_live_replay_attribution/docs/sell_first_fill_conditional_value_feasibility_v2_spec_20260730.json | research/families/f10_live_replay_attribution/docs/sell_first_fill_conditional_value_feasibility_v3_spec_20260730.json,2026-07-30,核对身份、hash 与 current/superseded 声明；禁止因年龄改写结论,高,冻结证据只允许索引、路径解析与解释层治理
551,2026-07-30T13:12:45+08:00,4.75,文档,research/families/f05_fill_quality_quote_ev/docs/sell_first_fill_conditional_value_feasibility_v1_design.md,3746,受保护：历史/冻结证据,P3,0,,2026-07-30,核对身份、hash 与 current/superseded 声明；禁止因年龄改写结论,高,冻结证据只允许索引、路径解析与解释层治理
552,2026-07-30T13:24:50+08:00,4.74,冻结规范/登记表,research/families/f10_live_replay_attribution/docs/sell_first_fill_conditional_value_feasibility_v1_spec_20260730.json,8598,受保护：历史/冻结证据,P3,2,research/families/f05_fill_quality_quote_ev/docs/sell_first_fill_conditional_value_feasibility_v1_design.md | research/families/f10_live_replay_attribution/docs/first_opener_decision_to_terminal_native_producer_v1_spec_20260730.json,,核对身份、hash 与 current/superseded 声明；禁止因年龄改写结论,高,冻结证据只允许索引、路径解析与解释层治理
553,2026-07-30T13:25:28+08:00,4.74,冻结规范/登记表,research/families/f10_live_replay_attribution/docs/first_opener_decision_to_terminal_native_producer_v1_spec_20260730.json,6021,受保护：历史/冻结证据,P3,0,,,核对身份、hash 与 current/superseded 声明；禁止因年龄改写结论,高,冻结证据只允许索引、路径解析与解释层治理
554,2026-07-30T13:30:39+08:00,4.74,冻结规范/登记表,research/families/f10_live_replay_attribution/docs/first_add_decision_to_terminal_native_reproduction_v1_spec_20260730.json,5853,受保护：历史/冻结证据,P3,1,tests/test_first_add_decision_to_terminal_runner.py,,核对身份、hash 与 current/superseded 声明；禁止因年龄改写结论,高,冻结证据只允许索引、路径解析与解释层治理
555,2026-07-30T13:37:38+08:00,4.73,冻结规范/登记表,research/families/f09_campaign_action_uplift/docs/post_cooldown_incremental_inventory_budget_feasibility_v1_spec_20260730.json,4914,受保护：历史/冻结证据,P3,2,research/families/f09_campaign_action_uplift/docs/post_cooldown_incremental_inventory_budget_feasibility_v1_1_spec_20260731.json | research/families/f09_campaign_action_uplift/docs/post_cooldown_incremental_inventory_budget_feasibility_v1_2_spec_20260801.json,,核对身份、hash 与 current/superseded 声明；禁止因年龄改写结论,高,冻结证据只允许索引、路径解析与解释层治理
556,2026-07-30T14:09:26+08:00,4.71,冻结规范/登记表,research/families/f10_live_replay_attribution/docs/live_120h_adverse_selection_diagnostic_v1_errata_20260730.json,3348,受保护：历史/冻结证据,P3,2,research/families/f10_live_replay_attribution/docs/sell_first_fill_conditional_value_feasibility_v2_spec_20260730.json | research/families/f10_live_replay_attribution/docs/sell_first_fill_conditional_value_feasibility_v3_spec_20260730.json,,核对身份、hash 与 current/superseded 声明；禁止因年龄改写结论,高,冻结证据只允许索引、路径解析与解释层治理
557,2026-07-30T14:09:26+08:00,4.71,文档,research/families/f10_live_replay_attribution/docs/live_120h_adverse_selection_diagnostic_v1_errata_20260730.md,1859,受保护：历史/冻结证据,P3,0,,,核对身份、hash 与 current/superseded 声明；禁止因年龄改写结论,高,冻结证据只允许索引、路径解析与解释层治理
558,2026-07-30T14:31:09+08:00,4.7,冻结规范/登记表,research/families/f10_live_replay_attribution/docs/sell_first_fill_conditional_value_feasibility_v1_invalidation_20260730.json,1913,受保护：历史/冻结证据,P3,2,research/families/f10_live_replay_attribution/docs/first_opener_decision_to_terminal_native_producer_v2_spec_20260730.json | research/families/f10_live_replay_attribution/docs/sell_first_fill_conditional_value_feasibility_v2_spec_20260730.json,,核对身份、hash 与 current/superseded 声明；禁止因年龄改写结论,高,冻结证据只允许索引、路径解析与解释层治理
559,2026-07-30T14:31:09+08:00,4.7,文档,research/families/f10_live_replay_attribution/docs/sell_first_fill_conditional_value_feasibility_v1_invalidation_20260730.md,1124,受保护：历史/冻结证据,P3,0,,,核对身份、hash 与 current/superseded 声明；禁止因年龄改写结论,高,冻结证据只允许索引、路径解析与解释层治理
560,2026-07-30T14:49:59+08:00,4.68,测试,tests/test_first_add_decision_to_terminal_native_trace.py,4380,保留：回归/合同测试,P4,6,research/families/f10_live_replay_attribution/audit/first_opener_decision_to_terminal_runner.py | research/families/f10_live_replay_attribution/docs/first_add_decision_to_terminal_native_producer_v1_spec_20260729.json | research/families/f10_live_replay_attribution/docs/first_add_decision_to_terminal_native_reproduction_v1_spec_20260730.json,,确认仍保护当前实现或冻结身份；只随对应代码原子退役,高,测试零静态引用属正常，不是删除证据
561,2026-07-30T15:10:04+08:00,4.67,代码,research/families/f09_campaign_action_uplift/audit/volatility_time_add_rearm_full_path_preflight.py,54640,近期变更待观察,P4,17,research/families/f09_campaign_action_uplift/audit/post_cooldown_incremental_inventory_budget_feasibility.py | research/families/f09_campaign_action_uplift/docs/cross_venue_fair_center_shift_randomized_replay_v1_1_spec_20260801.json | research/families/f09_campaign_action_uplift/docs/cross_venue_fair_center_shift_randomized_replay_v1_spec_20260801.json,,检查测试、文档、registry 与冻结 hash 是否随本次变更同步,高,近期修改不等于语义审计或 action 权限已经完成
562,2026-07-30T15:11:48+08:00,4.67,冻结规范/登记表,research/families/f10_live_replay_attribution/docs/first_opener_replay_bar_payload_manifest_v2_20260730.json,33020,受保护：历史/冻结证据,P3,1,research/families/f10_live_replay_attribution/docs/first_opener_decision_to_terminal_native_producer_v2_spec_20260730.json,,核对身份、hash 与 current/superseded 声明；禁止因年龄改写结论,高,冻结证据只允许索引、路径解析与解释层治理
563,2026-07-30T15:14:59+08:00,4.67,测试,tests/test_sell_first_fill_conditional_value_artifact.py,6841,保留：回归/合同测试,P4,2,research/families/f05_fill_quality_quote_ev/audit/sell_first_fill_conditional_value_artifact.py | research/families/f05_fill_quality_quote_ev/docs/sell_first_fill_conditional_value_feasibility_v3_fit_20260730.json,,确认仍保护当前实现或冻结身份；只随对应代码原子退役,高,测试零静态引用属正常，不是删除证据
564,2026-07-30T15:17:10+08:00,4.67,冻结规范/登记表,research/families/f10_live_replay_attribution/docs/sell_first_fill_conditional_value_feasibility_v2_spec_20260730.json,11562,受保护：历史/冻结证据,P3,2,research/families/f10_live_replay_attribution/docs/first_opener_decision_to_terminal_native_producer_v2_spec_20260730.json | research/families/f10_live_replay_attribution/docs/sell_first_fill_conditional_value_feasibility_v2_invalidation_20260730.json,,核对身份、hash 与 current/superseded 声明；禁止因年龄改写结论,高,冻结证据只允许索引、路径解析与解释层治理
565,2026-07-30T15:27:59+08:00,4.66,冻结规范/登记表,research/families/f10_live_replay_attribution/docs/first_opener_decision_to_terminal_native_producer_v2_spec_20260730.json,6918,受保护：历史/冻结证据,P3,1,research/families/f10_live_replay_attribution/docs/sell_first_fill_conditional_value_feasibility_v2_invalidation_20260730.json,,核对身份、hash 与 current/superseded 声明；禁止因年龄改写结论,高,冻结证据只允许索引、路径解析与解释层治理
566,2026-07-30T16:04:37+08:00,4.63,代码,research/families/f10_live_replay_attribution/audit/first_opener_decision_to_terminal_contract.py,23986,近期变更待观察,P4,6,research/families/f05_fill_quality_quote_ev/audit/sell_first_fill_conditional_value_artifact.py | research/families/f05_fill_quality_quote_ev/docs/sell_first_fill_conditional_value_feasibility_v3_fit_20260730.json | research/families/f10_live_replay_attribution/audit/first_opener_decision_to_terminal_runner.py,,检查测试、文档、registry 与冻结 hash 是否随本次变更同步,高,近期修改不等于语义审计或 action 权限已经完成
567,2026-07-30T16:06:54+08:00,4.63,代码,research/families/f05_fill_quality_quote_ev/audit/sell_first_fill_conditional_value.py,20169,近期变更待观察,P4,4,research/families/f05_fill_quality_quote_ev/audit/sell_first_fill_conditional_value_artifact.py | research/families/f05_fill_quality_quote_ev/docs/sell_first_fill_conditional_value_feasibility_v3_fit_20260730.json | research/families/f10_live_replay_attribution/audit/first_opener_decision_to_terminal_contract.py,,检查测试、文档、registry 与冻结 hash 是否随本次变更同步,高,近期修改不等于语义审计或 action 权限已经完成
568,2026-07-30T16:07:03+08:00,4.63,代码,research/families/f05_fill_quality_quote_ev/audit/sell_first_fill_conditional_value_artifact.py,13095,近期变更待观察,P4,1,research/families/f05_fill_quality_quote_ev/docs/sell_first_fill_conditional_value_feasibility_v3_fit_20260730.json,,检查测试、文档、registry 与冻结 hash 是否随本次变更同步,高,近期修改不等于语义审计或 action 权限已经完成
569,2026-07-30T16:07:49+08:00,4.63,测试,tests/test_sell_first_fill_conditional_value.py,4055,保留：回归/合同测试,P4,4,research/families/f05_fill_quality_quote_ev/audit/sell_first_fill_conditional_value_artifact.py | research/families/f05_fill_quality_quote_ev/docs/sell_first_fill_conditional_value_feasibility_v3_fit_20260730.json | research/families/f10_live_replay_attribution/audit/first_opener_decision_to_terminal_contract.py,,确认仍保护当前实现或冻结身份；只随对应代码原子退役,高,测试零静态引用属正常，不是删除证据
570,2026-07-30T16:09:16+08:00,4.63,冻结规范/登记表,research/families/f10_live_replay_attribution/docs/sell_first_fill_conditional_value_feasibility_v2_invalidation_20260730.json,1765,受保护：历史/冻结证据,P3,2,research/families/f10_live_replay_attribution/docs/first_opener_decision_to_terminal_native_producer_v3_spec_20260730.json | research/families/f10_live_replay_attribution/docs/sell_first_fill_conditional_value_feasibility_v3_spec_20260730.json,,核对身份、hash 与 current/superseded 声明；禁止因年龄改写结论,高,冻结证据只允许索引、路径解析与解释层治理
571,2026-07-30T16:09:16+08:00,4.63,文档,research/families/f10_live_replay_attribution/docs/sell_first_fill_conditional_value_feasibility_v2_invalidation_20260730.md,1422,受保护：历史/冻结证据,P3,0,,2026-07-30,核对身份、hash 与 current/superseded 声明；禁止因年龄改写结论,高,冻结证据只允许索引、路径解析与解释层治理
572,2026-07-30T16:10:00+08:00,4.63,冻结规范/登记表,research/families/f10_live_replay_attribution/docs/sell_first_fill_conditional_value_feasibility_v3_spec_20260730.json,12628,受保护：历史/冻结证据,P3,4,research/families/f05_fill_quality_quote_ev/docs/sell_first_fill_conditional_value_feasibility_v3_fit_20260730.json | research/families/f10_live_replay_attribution/docs/first_opener_decision_to_terminal_native_producer_v3_spec_20260730.json | tests/test_first_opener_decision_to_terminal_contract.py,,核对身份、hash 与 current/superseded 声明；禁止因年龄改写结论,高,冻结证据只允许索引、路径解析与解释层治理
573,2026-07-30T16:10:28+08:00,4.63,冻结规范/登记表,research/families/f10_live_replay_attribution/docs/first_opener_replay_bar_payload_manifest_v3_20260730.json,27287,受保护：历史/冻结证据,P3,1,research/families/f10_live_replay_attribution/docs/first_opener_decision_to_terminal_native_producer_v3_spec_20260730.json,,核对身份、hash 与 current/superseded 声明；禁止因年龄改写结论,高,冻结证据只允许索引、路径解析与解释层治理
574,2026-07-30T16:12:30+08:00,4.63,冻结规范/登记表,research/families/f10_live_replay_attribution/docs/first_opener_decision_to_terminal_native_producer_v3_spec_20260730.json,7069,受保护：历史/冻结证据,P3,2,research/families/f10_live_replay_attribution/audit/first_opener_decision_to_terminal_runner.py | tests/test_first_opener_decision_to_terminal_runner.py,,核对身份、hash 与 current/superseded 声明；禁止因年龄改写结论,高,冻结证据只允许索引、路径解析与解释层治理
575,2026-07-30T17:35:19+08:00,4.57,冻结规范/登记表,research/families/f05_fill_quality_quote_ev/docs/sell_first_fill_conditional_value_feasibility_v3_fit_20260730.json,3233,受保护：历史/冻结证据,P3,0,,,核对身份、hash 与 current/superseded 声明；禁止因年龄改写结论,高,冻结证据只允许索引、路径解析与解释层治理
576,2026-07-30T17:38:52+08:00,4.57,文档,research/families/f05_fill_quality_quote_ev/docs/sell_first_fill_conditional_value_feasibility_v3_development_20260730.md,4317,受保护：历史/冻结证据,P3,1,research/registry.json,2026-07-30,核对身份、hash 与 current/superseded 声明；禁止因年龄改写结论,高,冻结证据只允许索引、路径解析与解释层治理
577,2026-07-30T22:29:10+08:00,4.37,代码,data/download_cryptohft_orderbook.py,122478,近期变更待观察,P4,12,data/build_active_order_queue_tape.py | data/normalize_tardis_orderbook.py | data/normalized_l2_registry.py,,检查测试、文档、registry 与冻结 hash 是否随本次变更同步,高,近期修改不等于语义审计或 action 权限已经完成
578,2026-07-30T22:33:22+08:00,4.36,代码,research/families/f06_placement_fill_cif/audit/direct_fill_cif.py,63363,近期变更待观察,P4,11,research/families/f06_placement_fill_cif/audit/competing_curve_fill_cif.py | research/families/f06_placement_fill_cif/audit/evaluate_direct_fill_cif.py | research/families/f06_placement_fill_cif/audit/evaluate_request_state_race.py,,检查测试、文档、registry 与冻结 hash 是否随本次变更同步,高,近期修改不等于语义审计或 action 权限已经完成
579,2026-07-30T22:33:23+08:00,4.36,代码,research/families/f06_placement_fill_cif/audit/evaluate_empirical_pending_nuisance.py,47411,近期变更待观察,P4,3,research/families/f06_placement_fill_cif/audit/ordered_common_support_fill_surface.py | research/governance/migrations/layout_v2.json | tests/test_empirical_pending_nuisance.py,,检查测试、文档、registry 与冻结 hash 是否随本次变更同步,高,近期修改不等于语义审计或 action 权限已经完成
580,2026-07-30T22:33:23+08:00,4.36,代码,research/families/f06_placement_fill_cif/audit/evaluate_full_curve_fill_cif.py,9585,近期变更待观察,P4,2,research/governance/migrations/layout_v2.json | tests/test_evaluate_full_curve_fill_cif.py,,检查测试、文档、registry 与冻结 hash 是否随本次变更同步,高,近期修改不等于语义审计或 action 权限已经完成
581,2026-07-30T22:33:23+08:00,4.36,代码,research/families/f06_placement_fill_cif/audit/full_curve_fill_cif.py,45405,近期变更待观察,P4,19,research/families/f06_placement_fill_cif/audit/competing_curve_fill_cif.py | research/families/f06_placement_fill_cif/audit/evaluate_competing_curve_cif.py | research/families/f06_placement_fill_cif/audit/evaluate_empirical_pending_nuisance.py,,检查测试、文档、registry 与冻结 hash 是否随本次变更同步,高,近期修改不等于语义审计或 action 权限已经完成
582,2026-07-30T22:33:23+08:00,4.36,代码,research/families/f06_placement_fill_cif/audit/ordered_common_support_fill_surface.py,37982,近期变更待观察,P4,2,research/governance/migrations/layout_v2.json | tests/test_ordered_common_support_fill_surface.py,,检查测试、文档、registry 与冻结 hash 是否随本次变更同步,高,近期修改不等于语义审计或 action 权限已经完成
583,2026-07-30T22:33:24+08:00,4.36,代码,research/families/f06_placement_fill_cif/audit/placement_marginal_fill_value_feasibility.py,54705,近期变更待观察,P4,2,research/families/f06_placement_fill_cif/docs/placement_marginal_fill_value_feasibility_v1_spec_20260729.json | tests/test_placement_marginal_fill_value_feasibility.py,,检查测试、文档、registry 与冻结 hash 是否随本次变更同步,高,近期修改不等于语义审计或 action 权限已经完成
584,2026-07-30T22:33:48+08:00,4.36,代码,scripts/bounded_receive_time_capture.py,43573,近期变更待观察,P4,3,research/system_engineering/docs/bounded_receive_time_capture_operations_20260724.md | scripts/run_bounded_receive_time_capture.sh | tests/test_bounded_receive_time_capture.py,,检查测试、文档、registry 与冻结 hash 是否随本次变更同步,高,近期修改不等于语义审计或 action 权限已经完成
585,2026-07-30T22:33:48+08:00,4.36,代码,research/families/f06_placement_fill_cif/audit/ordered_common_support_contract_audit.py,11974,近期变更待观察,P4,1,research/governance/migrations/layout_v2.json,,检查测试、文档、registry 与冻结 hash 是否随本次变更同步,高,近期修改不等于语义审计或 action 权限已经完成
586,2026-07-30T22:37:53+08:00,4.36,代码,research/families/f06_placement_fill_cif/audit/evaluate_nested_role_competing_curve_cif.py,4985,近期变更待观察,P4,1,research/governance/migrations/layout_v2.json,,检查测试、文档、registry 与冻结 hash 是否随本次变更同步,高,近期修改不等于语义审计或 action 权限已经完成
587,2026-07-30T22:37:53+08:00,4.36,代码,research/families/f05_fill_quality_quote_ev/audit/null_baseline_panel.py,15280,近期变更待观察,P4,3,docs/audit_entrypoints_20260630.md | research/governance/migrations/layout_v2.json | tests/test_null_baseline_panel.py,,检查测试、文档、registry 与冻结 hash 是否随本次变更同步,高,近期修改不等于语义审计或 action 权限已经完成
588,2026-07-30T22:37:53+08:00,4.36,代码,research/families/f06_placement_fill_cif/audit/evaluate_role_calibrated_competing_curve_cif.py,5014,近期变更待观察,P4,1,research/governance/migrations/layout_v2.json,,检查测试、文档、registry 与冻结 hash 是否随本次变更同步,高,近期修改不等于语义审计或 action 权限已经完成
589,2026-07-30T22:37:53+08:00,4.36,代码,research/families/f05_fill_quality_quote_ev/audit/order_level_panel.py,16366,近期变更待观察,P4,3,docs/audit_entrypoints_20260630.md | research/governance/migrations/layout_v2.json | tests/test_order_level_panel_manifest.py,,检查测试、文档、registry 与冻结 hash 是否随本次变更同步,高,近期修改不等于语义审计或 action 权限已经完成
590,2026-07-30T22:37:53+08:00,4.36,代码,research/families/f06_placement_fill_cif/audit/evaluate_competing_curve_cif.py,11646,近期变更待观察,P4,6,research/families/f06_placement_fill_cif/audit/evaluate_nested_role_competing_curve_cif.py | research/families/f06_placement_fill_cif/audit/evaluate_role_calibrated_competing_curve_cif.py | research/governance/migrations/layout_v2.json,,检查测试、文档、registry 与冻结 hash 是否随本次变更同步,高,近期修改不等于语义审计或 action 权限已经完成
591,2026-07-30T22:37:53+08:00,4.36,代码,research/families/f06_placement_fill_cif/audit/evaluate_request_state_race.py,36253,近期变更待观察,P4,4,research/families/f06_placement_fill_cif/audit/evaluate_empirical_pending_nuisance.py | research/families/f06_placement_fill_cif/audit/ordered_common_support_fill_surface.py | research/governance/migrations/layout_v2.json,,检查测试、文档、registry 与冻结 hash 是否随本次变更同步,高,近期修改不等于语义审计或 action 权限已经完成
592,2026-07-30T22:37:53+08:00,4.36,代码,data/build_active_order_queue_tape.py,49113,近期变更待观察,P4,9,models/audit/native_exchange_book_sequence_audit_v2.py | models/exchange_book_replay.py | models/native_exchange_book_cache.py,,检查测试、文档、registry 与冻结 hash 是否随本次变更同步,高,近期修改不等于语义审计或 action 权限已经完成
593,2026-07-31T00:01:37+08:00,4.3,测试,tests/test_audit_tardis_archive.py,2758,保留：回归/合同测试,P4,0,,,确认仍保护当前实现或冻结身份；只随对应代码原子退役,中,测试零静态引用属正常，不是删除证据
594,2026-07-31T00:01:44+08:00,4.3,代码,data/audit_tardis_archive.py,11634,近期变更待观察,P4,2,pipeline.py | tests/test_audit_tardis_archive.py,,检查测试、文档、registry 与冻结 hash 是否随本次变更同步,高,近期修改不等于语义审计或 action 权限已经完成
595,2026-07-31T00:52:30+08:00,4.27,代码,research/families/f06_placement_fill_cif/audit/placement_fill_panel.py,48092,近期变更待观察,P4,2,research/families/f06_placement_fill_cif/docs/placement_fill_request_state_race_v2_spec_20260728.json | research/governance/migrations/layout_v2.json,,检查测试、文档、registry 与冻结 hash 是否随本次变更同步,高,近期修改不等于语义审计或 action 权限已经完成
596,2026-07-31T00:52:31+08:00,4.27,代码,research/families/f06_placement_fill_cif/audit/request_state_panel.py,29324,近期变更待观察,P4,4,research/families/f06_placement_fill_cif/audit/placement_fill_panel.py | research/families/f06_placement_fill_cif/docs/placement_fill_request_state_race_v2_spec_20260728.json | research/governance/migrations/layout_v2.json,,检查测试、文档、registry 与冻结 hash 是否随本次变更同步,高,近期修改不等于语义审计或 action 权限已经完成
597,2026-07-31T00:52:31+08:00,4.27,代码,research/families/f06_placement_fill_cif/audit/paired_action_resolution_feasibility.py,52354,近期变更待观察,P4,2,research/governance/migrations/layout_v2.json | tests/test_paired_action_resolution_feasibility.py,,检查测试、文档、registry 与冻结 hash 是否随本次变更同步,高,近期修改不等于语义审计或 action 权限已经完成
598,2026-07-31T00:52:41+08:00,4.27,代码,models/backtest_ml.py,109447,近期变更待观察,P4,6,.github/skills/mm-as-glft-ml-spread/SKILL.md | models/README.md | models/backtest_tick.py,,检查测试、文档、registry 与冻结 hash 是否随本次变更同步,高,近期修改不等于语义审计或 action 权限已经完成
599,2026-07-31T00:55:58+08:00,4.26,文档,docs/audit_entrypoints_20260630.md,38734,近期变更待观察,P4,2,README.md | README.zh-CN.md,2026-07-31,检查测试、文档、registry 与冻结 hash 是否随本次变更同步,高,近期修改不等于语义审计或 action 权限已经完成
600,2026-07-31T00:57:26+08:00,4.26,代码,narrowgate/cli.py,5209,近期变更待观察,P4,2,docs/dev/ci.md | pyproject.toml,,检查测试、文档、registry 与冻结 hash 是否随本次变更同步,高,近期修改不等于语义审计或 action 权限已经完成
601,2026-07-31T00:59:58+08:00,4.26,代码,research/families/f01_fixed_parameter_racing/parameter_racing_sweep.py,43425,近期变更待观察,P4,8,README.md | README.zh-CN.md | docs/codebase_architecture_20260705.md,,检查测试、文档、registry 与冻结 hash 是否随本次变更同步,高,近期修改不等于语义审计或 action 权限已经完成
602,2026-07-31T01:01:09+08:00,4.26,测试,tests/test_normalize_tardis_orderbook.py,6674,保留：回归/合同测试,P4,0,,,确认仍保护当前实现或冻结身份；只随对应代码原子退役,中,测试零静态引用属正常，不是删除证据
603,2026-07-31T01:09:10+08:00,4.25,测试,tests/test_aggregate_tardis_normalized_quality.py,5220,保留：回归/合同测试,P4,0,,,确认仍保护当前实现或冻结身份；只随对应代码原子退役,中,测试零静态引用属正常，不是删除证据
604,2026-07-31T01:11:17+08:00,4.25,代码,data/aggregate_tardis_normalized_quality.py,20847,近期变更待观察,P4,1,tests/test_aggregate_tardis_normalized_quality.py,,检查测试、文档、registry 与冻结 hash 是否随本次变更同步,高,近期修改不等于语义审计或 action 权限已经完成
605,2026-07-31T01:14:30+08:00,4.25,测试,tests/test_data_windows_formal_l2.py,3580,保留：回归/合同测试,P4,0,,,确认仍保护当前实现或冻结身份；只随对应代码原子退役,中,测试零静态引用属正常，不是删除证据
606,2026-07-31T01:52:18+08:00,4.22,测试,tests/test_audit_non_cryptohft_range.py,4457,保留：回归/合同测试,P4,0,,,确认仍保护当前实现或冻结身份；只随对应代码原子退役,中,测试零静态引用属正常，不是删除证据
607,2026-07-31T01:54:31+08:00,4.22,代码,data/audit_non_cryptohft_range.py,17723,近期变更待观察,P4,1,tests/test_audit_non_cryptohft_range.py,,检查测试、文档、registry 与冻结 hash 是否随本次变更同步,高,近期修改不等于语义审计或 action 权限已经完成
608,2026-07-31T04:28:57+08:00,4.12,测试,tests/test_audit_tardis_normalized_batch.py,8011,保留：回归/合同测试,P4,0,,,确认仍保护当前实现或冻结身份；只随对应代码原子退役,中,测试零静态引用属正常，不是删除证据
609,2026-07-31T04:54:36+08:00,4.1,代码,data/download_tardis_archive.py,17055,近期变更待观察,P4,5,data/audit_tardis_normalized_batch.py | data/audit_tardis_normalized_coverage.py | data/normalize_tardis_orderbook.py,,检查测试、文档、registry 与冻结 hash 是否随本次变更同步,高,近期修改不等于语义审计或 action 权限已经完成
610,2026-07-31T04:54:36+08:00,4.1,代码,data/audit_tardis_normalized_batch.py,21269,近期变更待观察,P4,2,docs/tardis_normalized_l2_contract_errata_20260731.md | tests/test_audit_tardis_normalized_batch.py,,检查测试、文档、registry 与冻结 hash 是否随本次变更同步,高,近期修改不等于语义审计或 action 权限已经完成
611,2026-07-31T04:54:37+08:00,4.1,测试,tests/test_download_tardis_archive.py,2903,保留：回归/合同测试,P4,0,,,确认仍保护当前实现或冻结身份；只随对应代码原子退役,中,测试零静态引用属正常，不是删除证据
612,2026-07-31T05:03:19+08:00,4.09,文档,docs/tardis_bad_day_repair_20260730.md,4058,近期变更待观察,P4,2,docs/market_data.md | docs/marketdata_storage_relocation_20260730.md,2026-07-31,检查测试、文档、registry 与冻结 hash 是否随本次变更同步,高,近期修改不等于语义审计或 action 权限已经完成
613,2026-07-31T05:03:19+08:00,4.09,文档,docs/tardis_normalized_l2_contract_20260731.md,7234,近期变更待观察,P4,1,data/README.md,2026-07-31,检查测试、文档、registry 与冻结 hash 是否随本次变更同步,高,近期修改不等于语义审计或 action 权限已经完成
614,2026-07-31T05:03:20+08:00,4.09,文档,docs/marketdata_backfill_20250801_20251231.md,5650,近期变更待观察,P4,1,docs/market_data.md,2026-07-31,检查测试、文档、registry 与冻结 hash 是否随本次变更同步,高,近期修改不等于语义审计或 action 权限已经完成
615,2026-07-31T05:03:46+08:00,4.09,文档,docs/tardis_normalized_l2_contract_errata_20260731.md,3696,近期变更待观察,P4,0,,2026-07-31,检查测试、文档、registry 与冻结 hash 是否随本次变更同步,中,近期修改不等于语义审计或 action 权限已经完成
616,2026-07-31T05:03:46+08:00,4.09,代码,docs/marketdata_storage_relocation_20260730.json,3688,近期变更待观察,P4,1,docs/marketdata_storage_relocation_20260730.md,,检查测试、文档、registry 与冻结 hash 是否随本次变更同步,高,近期修改不等于语义审计或 action 权限已经完成
617,2026-07-31T05:05:38+08:00,4.09,代码,data/normalize_tardis_orderbook.py,49819,近期变更待观察,P4,4,data/audit_tardis_normalized_batch.py | pipeline.py | tests/test_audit_tardis_normalized_batch.py,,检查测试、文档、registry 与冻结 hash 是否随本次变更同步,高,近期修改不等于语义审计或 action 权限已经完成
618,2026-07-31T05:35:16+08:00,4.07,文档,docs/current_marketdata_quality_rating_20260731.md,5521,近期变更待观察,P4,0,,,检查测试、文档、registry 与冻结 hash 是否随本次变更同步,中,近期修改不等于语义审计或 action 权限已经完成
619,2026-07-31T06:22:19+08:00,4.04,冻结规范/登记表,research/families/f09_campaign_action_uplift/docs/post_cooldown_incremental_inventory_budget_feasibility_v1_1_spec_20260731.json,10450,受保护：历史/冻结证据,P3,1,research/families/f09_campaign_action_uplift/docs/post_cooldown_incremental_inventory_budget_feasibility_v1_2_execution_errata_20260731.json,,核对身份、hash 与 current/superseded 声明；禁止因年龄改写结论,高,冻结证据只允许索引、路径解析与解释层治理
620,2026-07-31T06:25:04+08:00,4.04,代码,research/families/f09_campaign_action_uplift/audit/post_cooldown_incremental_inventory_budget.py,7562,近期变更待观察,P4,5,models/backtest_tick.py | research/families/f09_campaign_action_uplift/audit/post_cooldown_incremental_inventory_budget_feasibility.py | research/families/f09_campaign_action_uplift/docs/post_cooldown_incremental_inventory_budget_feasibility_v1_1_spec_20260731.json,,检查测试、文档、registry 与冻结 hash 是否随本次变更同步,高,近期修改不等于语义审计或 action 权限已经完成
621,2026-07-31T06:25:04+08:00,4.04,测试,tests/test_post_cooldown_incremental_inventory_budget.py,9595,保留：回归/合同测试,P4,8,research/families/f09_campaign_action_uplift/docs/multi_short_reducing_buy_aggression_v1_1_spec_20260801.json | research/families/f09_campaign_action_uplift/docs/multi_short_reducing_buy_aggression_v1_spec_20260801.json | research/families/f09_campaign_action_uplift/docs/post_cooldown_incremental_inventory_budget_feasibility_v1_1_spec_20260731.json,,确认仍保护当前实现或冻结身份；只随对应代码原子退役,高,测试零静态引用属正常，不是删除证据
622,2026-07-31T06:51:34+08:00,4.02,冻结规范/登记表,research/families/f09_campaign_action_uplift/docs/post_cooldown_incremental_inventory_budget_feasibility_v1_2_execution_errata_20260731.json,4184,受保护：历史/冻结证据,P3,1,research/registry.json,,核对身份、hash 与 current/superseded 声明；禁止因年龄改写结论,高,冻结证据只允许索引、路径解析与解释层治理
623,2026-07-31T07:02:57+08:00,4.01,测试,tests/test_buy_q90_portfolio_path_attribution.py,8557,保留：回归/合同测试,P4,2,research/families/f10_live_replay_attribution/audit/buy_q90_portfolio_path_attribution.py | research/families/f10_live_replay_attribution/docs/buy_q90_portfolio_path_attribution_v1_spec_20260731.json,,确认仍保护当前实现或冻结身份；只随对应代码原子退役,高,测试零静态引用属正常，不是删除证据
624,2026-07-31T07:03:06+08:00,4.01,代码,research/families/f10_live_replay_attribution/audit/buy_q90_portfolio_path_attribution.py,50376,近期变更待观察,P4,1,research/families/f10_live_replay_attribution/docs/buy_q90_portfolio_path_attribution_v1_spec_20260731.json,,检查测试、文档、registry 与冻结 hash 是否随本次变更同步,高,近期修改不等于语义审计或 action 权限已经完成
625,2026-07-31T07:04:05+08:00,4.01,冻结规范/登记表,research/families/f10_live_replay_attribution/docs/buy_q90_portfolio_path_attribution_v1_spec_20260731.json,12535,受保护：历史/冻结证据,P3,12,research/families/f10_live_replay_attribution/audit/buy_q90_portfolio_path_attribution.py | research/families/f10_live_replay_attribution/docs/buy_q90_abi_v4_40day_lockstep_v1_1_spec_20260803.json | research/families/f10_live_replay_attribution/docs/buy_q90_abi_v4_40day_lockstep_v1_2_spec_20260803.json,,核对身份、hash 与 current/superseded 声明；禁止因年龄改写结论,高,冻结证据只允许索引、路径解析与解释层治理
626,2026-07-31T11:14:00+08:00,3.83,文档,research/families/f10_live_replay_attribution/docs/buy_q90_portfolio_path_attribution_v1_development_20260731.md,6124,受保护：历史/冻结证据,P3,1,research/registry.json,2026-07-31,核对身份、hash 与 current/superseded 声明；禁止因年龄改写结论,高,冻结证据只允许索引、路径解析与解释层治理
627,2026-07-31T11:38:56+08:00,3.82,代码,research/families/f03_causal_13_head/taker_tempo_features.py,27231,近期变更待观察,P4,2,research/governance/migrations/layout_v2.json | tests/test_taker_tempo_features.py,,检查测试、文档、registry 与冻结 hash 是否随本次变更同步,高,近期修改不等于语义审计或 action 权限已经完成
628,2026-07-31T11:44:07+08:00,3.81,代码,features/preprocess_metrics.py,6427,近期变更待观察,P4,5,.github/skills/mm-as-glft-ml-spread/SKILL.md | docs/marketdata_good_day_alignment_20260720.md | pipeline.py,,检查测试、文档、registry 与冻结 hash 是否随本次变更同步,高,近期修改不等于语义审计或 action 权限已经完成
629,2026-07-31T11:45:32+08:00,3.81,测试,tests/test_research_day_universe.py,5817,保留：回归/合同测试,P4,0,,,确认仍保护当前实现或冻结身份；只随对应代码原子退役,中,测试零静态引用属正常，不是删除证据
630,2026-07-31T11:51:49+08:00,3.81,代码,data/build_research_day_universe.py,24186,近期变更待观察,P4,2,pipeline.py | tests/test_research_day_universe.py,,检查测试、文档、registry 与冻结 hash 是否随本次变更同步,高,近期修改不等于语义审计或 action 权限已经完成
631,2026-07-31T11:59:48+08:00,3.8,代码,models/book_source_contract.py,5926,近期变更待观察,P4,8,models/backtest_tick.py | models/data_windows.py | research/families/f09_campaign_action_uplift/docs/cross_venue_fair_center_shift_randomized_replay_v1_1_spec_20260801.json,,检查测试、文档、registry 与冻结 hash 是否随本次变更同步,高,近期修改不等于语义审计或 action 权限已经完成
632,2026-07-31T12:20:11+08:00,3.79,代码,pipeline.py,8700,近期变更待观察,P4,8,Makefile | README.md | README.zh-CN.md,,检查测试、文档、registry 与冻结 hash 是否随本次变更同步,高,近期修改不等于语义审计或 action 权限已经完成
633,2026-07-31T12:27:26+08:00,3.78,代码,models/source_aware_cpp_baseline.py,15514,近期变更待观察,P4,2,pipeline.py | tests/test_source_aware_cpp_baseline.py,,检查测试、文档、registry 与冻结 hash 是否随本次变更同步,高,近期修改不等于语义审计或 action 权限已经完成
634,2026-07-31T12:27:38+08:00,3.78,测试,tests/test_source_aware_cpp_baseline.py,2514,保留：回归/合同测试,P4,0,,,确认仍保护当前实现或冻结身份；只随对应代码原子退役,中,测试零静态引用属正常，不是删除证据
635,2026-07-31T12:36:23+08:00,3.78,文档,docs/market_data.md,35595,近期变更待观察,P4,3,README.md | README.zh-CN.md | docs/path_conventions.md,2026-07-31,检查测试、文档、registry 与冻结 hash 是否随本次变更同步,高,近期修改不等于语义审计或 action 权限已经完成
636,2026-07-31T12:48:02+08:00,3.77,文档,docs/marketdata_storage_relocation_20260730.md,5930,近期变更待观察,P4,3,README.md | README.zh-CN.md | docs/market_data.md,2026-07-31,检查测试、文档、registry 与冻结 hash 是否随本次变更同步,高,近期修改不等于语义审计或 action 权限已经完成
637,2026-07-31T13:00:42+08:00,3.76,冻结规范/登记表,research/families/f10_live_replay_attribution/docs/buy_q90_live_action_rate_transport_parity_v1_spec_20260731.json,8886,受保护：历史/冻结证据,P3,2,research/families/f10_live_replay_attribution/audit/buy_q90_live_action_rate_transport_parity.py | research/families/f10_live_replay_attribution/docs/buy_q90_live_action_rate_transport_parity_v1_execution_20260731.json,,核对身份、hash 与 current/superseded 声明；禁止因年龄改写结论,高,冻结证据只允许索引、路径解析与解释层治理
638,2026-07-31T13:06:13+08:00,3.76,测试,tests/test_buy_q90_live_action_rate_transport_parity.py,8122,保留：回归/合同测试,P4,2,research/families/f10_live_replay_attribution/audit/buy_q90_live_action_rate_transport_parity.py | research/families/f10_live_replay_attribution/docs/buy_q90_live_action_rate_transport_parity_v1_execution_20260731.json,,确认仍保护当前实现或冻结身份；只随对应代码原子退役,高,测试零静态引用属正常，不是删除证据
639,2026-07-31T13:13:39+08:00,3.75,代码,research/families/f10_live_replay_attribution/audit/buy_q90_live_action_rate_transport_parity.py,46155,近期变更待观察,P4,1,research/families/f10_live_replay_attribution/docs/buy_q90_live_action_rate_transport_parity_v1_execution_20260731.json,,检查测试、文档、registry 与冻结 hash 是否随本次变更同步,高,近期修改不等于语义审计或 action 权限已经完成
640,2026-07-31T13:14:30+08:00,3.75,冻结规范/登记表,research/families/f10_live_replay_attribution/docs/buy_q90_live_action_rate_transport_parity_v1_execution_20260731.json,3072,受保护：历史/冻结证据,P3,0,,,核对身份、hash 与 current/superseded 声明；禁止因年龄改写结论,高,冻结证据只允许索引、路径解析与解释层治理
641,2026-07-31T13:20:35+08:00,3.75,测试,tests/test_buy_q90_same_date_mechanics.py,1550,保留：回归/合同测试,P4,1,research/families/f10_live_replay_attribution/docs/buy_q90_dual_clock_terminal_routing_contract_v2_implementation_20260802.json,,确认仍保护当前实现或冻结身份；只随对应代码原子退役,高,测试零静态引用属正常，不是删除证据
642,2026-07-31T13:26:12+08:00,3.74,代码,research/families/f10_live_replay_attribution/audit/buy_q90_same_date_mechanics.py,10589,近期变更待观察,P4,2,research/families/f10_live_replay_attribution/docs/buy_q90_live_action_rate_transport_parity_v1_same_date_mechanics_spec_20260731.json | research/families/f10_live_replay_attribution/docs/buy_q90_live_action_rate_transport_parity_v1_validity_diagnostic_spec_20260731.json,,检查测试、文档、registry 与冻结 hash 是否随本次变更同步,高,近期修改不等于语义审计或 action 权限已经完成
643,2026-07-31T13:26:38+08:00,3.74,冻结规范/登记表,research/families/f10_live_replay_attribution/docs/buy_q90_live_action_rate_transport_parity_v1_same_date_mechanics_spec_20260731.json,4310,受保护：历史/冻结证据,P3,2,research/families/f10_live_replay_attribution/audit/buy_q90_same_date_mechanics.py | research/families/f10_live_replay_attribution/docs/buy_q90_live_action_rate_transport_parity_v1_validity_diagnostic_spec_20260731.json,,核对身份、hash 与 current/superseded 声明；禁止因年龄改写结论,高,冻结证据只允许索引、路径解析与解释层治理
644,2026-07-31T13:41:04+08:00,3.73,代码,research/families/f10_live_replay_attribution/audit/buy_q90_same_date_validity_diagnostic.py,7661,近期变更待观察,P4,1,research/families/f10_live_replay_attribution/docs/buy_q90_live_action_rate_transport_parity_v1_validity_diagnostic_spec_20260731.json,,检查测试、文档、registry 与冻结 hash 是否随本次变更同步,高,近期修改不等于语义审计或 action 权限已经完成
645,2026-07-31T13:42:09+08:00,3.73,冻结规范/登记表,research/families/f10_live_replay_attribution/docs/buy_q90_live_action_rate_transport_parity_v1_validity_diagnostic_spec_20260731.json,2894,受保护：历史/冻结证据,P3,1,research/families/f10_live_replay_attribution/audit/buy_q90_same_date_validity_diagnostic.py,,核对身份、hash 与 current/superseded 声明；禁止因年龄改写结论,高,冻结证据只允许索引、路径解析与解释层治理
646,2026-07-31T13:53:29+08:00,3.72,测试,tests/test_buy_q90_same_date_validity_diagnostic.py,1243,保留：回归/合同测试,P4,0,,,确认仍保护当前实现或冻结身份；只随对应代码原子退役,中,测试零静态引用属正常，不是删除证据
647,2026-07-31T21:09:00+08:00,3.42,文档,research/families/f10_live_replay_attribution/docs/buy_q90_live_action_rate_transport_parity_v1_20260731.md,7293,受保护：历史/冻结证据,P3,0,,2026-07-31,核对身份、hash 与 current/superseded 声明；禁止因年龄改写结论,高,冻结证据只允许索引、路径解析与解释层治理
648,2026-07-31T23:27:57+08:00,3.32,代码,live/orderbook/binance_usdm.py,21113,近期变更待观察,P4,6,data/README.md | live/ws_handler.py | research/families/f10_live_replay_attribution/docs/buy_q90_causal_visibility_clock_parity_v1_1_spec_20260731.json,,检查测试、文档、registry 与冻结 hash 是否随本次变更同步,高,近期修改不等于语义审计或 action 权限已经完成
649,2026-08-01T00:29:13+08:00,3.28,测试,tests/test_exchange_book_replay.py,24282,保留：回归/合同测试,P4,2,research/families/f10_live_replay_attribution/docs/buy_q90_causal_visibility_clock_parity_v1_1_spec_20260731.json | research/families/f10_live_replay_attribution/docs/buy_q90_causal_visibility_clock_parity_v1_spec_20260731.json,,确认仍保护当前实现或冻结身份；只随对应代码原子退役,高,测试零静态引用属正常，不是删除证据
650,2026-08-01T00:46:59+08:00,3.27,测试,tests/test_dynamic_fill_hazard_live_shadow.py,10221,保留：回归/合同测试,P4,3,research/families/f10_live_replay_attribution/docs/buy_q90_causal_visibility_clock_parity_v1_1_spec_20260731.json | research/families/f10_live_replay_attribution/docs/buy_q90_causal_visibility_clock_parity_v1_spec_20260731.json | research/families/f10_live_replay_attribution/docs/buy_q90_dual_clock_terminal_routing_contract_v2_implementation_20260802.json,,确认仍保护当前实现或冻结身份；只随对应代码原子退役,高,测试零静态引用属正常，不是删除证据
651,2026-08-01T01:49:30+08:00,3.23,文档,research/system_engineering/docs/aws_tokyo_binance_perp_btcusdc_latency_profile_20260725.md,889,近期变更待观察,P4,0,,,检查测试、文档、registry 与冻结 hash 是否随本次变更同步,中,近期修改不等于语义审计或 action 权限已经完成
652,2026-08-01T01:53:19+08:00,3.22,测试,tests/test_buy_q90_causal_visibility_clock_parity.py,2211,保留：回归/合同测试,P4,3,research/families/f10_live_replay_attribution/docs/buy_q90_causal_visibility_clock_parity_v1_1_spec_20260731.json | research/families/f10_live_replay_attribution/docs/buy_q90_causal_visibility_clock_parity_v1_spec_20260731.json | research/families/f10_live_replay_attribution/docs/buy_q90_dual_clock_terminal_routing_contract_v2_implementation_20260802.json,,确认仍保护当前实现或冻结身份；只随对应代码原子退役,高,测试零静态引用属正常，不是删除证据
653,2026-08-01T01:56:15+08:00,3.22,冻结规范/登记表,research/families/f10_live_replay_attribution/docs/buy_q90_causal_visibility_clock_parity_v1_spec_20260731.json,11255,受保护：历史/冻结证据,P3,0,,,核对身份、hash 与 current/superseded 声明；禁止因年龄改写结论,高,冻结证据只允许索引、路径解析与解释层治理
654,2026-08-01T02:14:30+08:00,3.21,代码,research/families/f10_live_replay_attribution/audit/buy_q90_causal_visibility_clock_parity.py,28370,近期变更待观察,P4,2,research/families/f10_live_replay_attribution/docs/buy_q90_causal_visibility_clock_parity_v1_1_spec_20260731.json | research/families/f10_live_replay_attribution/docs/buy_q90_causal_visibility_clock_parity_v1_spec_20260731.json,,检查测试、文档、registry 与冻结 hash 是否随本次变更同步,高,近期修改不等于语义审计或 action 权限已经完成
655,2026-08-01T02:14:48+08:00,3.21,文档,research/families/f10_live_replay_attribution/docs/buy_q90_causal_visibility_clock_parity_v1_implementation_failure_20260731.md,1717,受保护：历史/冻结证据,P3,0,,2026-07-31,核对身份、hash 与 current/superseded 声明；禁止因年龄改写结论,高,冻结证据只允许索引、路径解析与解释层治理
656,2026-08-01T02:16:26+08:00,3.21,冻结规范/登记表,research/families/f10_live_replay_attribution/docs/buy_q90_causal_visibility_clock_parity_v1_1_spec_20260731.json,11583,受保护：历史/冻结证据,P3,2,research/families/f10_live_replay_attribution/audit/buy_q90_causal_visibility_clock_parity.py | research/families/f10_live_replay_attribution/docs/buy_q90_terminal_hold_riskset_audit_v1_spec_20260801.json,,核对身份、hash 与 current/superseded 声明；禁止因年龄改写结论,高,冻结证据只允许索引、路径解析与解释层治理
657,2026-08-01T02:40:17+08:00,3.19,冻结规范/登记表,research/families/f10_live_replay_attribution/docs/buy_q90_causal_visibility_clock_parity_v1_1_denominator_errata_20260731.json,1781,受保护：历史/冻结证据,P3,0,,,核对身份、hash 与 current/superseded 声明；禁止因年龄改写结论,高,冻结证据只允许索引、路径解析与解释层治理
658,2026-08-01T02:40:18+08:00,3.19,文档,research/families/f10_live_replay_attribution/docs/buy_q90_causal_visibility_clock_parity_v1_1_development_20260731.md,4821,受保护：历史/冻结证据,P3,0,,2026-07-31,核对身份、hash 与 current/superseded 声明；禁止因年龄改写结论,高,冻结证据只允许索引、路径解析与解释层治理
659,2026-08-01T03:19:52+08:00,3.16,代码,research/families/f10_live_replay_attribution/audit/buy_q90_terminal_hold_riskset_audit.py,23577,近期变更待观察,P4,1,research/families/f10_live_replay_attribution/docs/buy_q90_terminal_hold_riskset_audit_v1_spec_20260801.json,,检查测试、文档、registry 与冻结 hash 是否随本次变更同步,高,近期修改不等于语义审计或 action 权限已经完成
660,2026-08-01T03:20:41+08:00,3.16,测试,tests/test_buy_q90_terminal_hold_riskset_audit.py,3934,保留：回归/合同测试,P4,2,research/families/f10_live_replay_attribution/docs/buy_q90_dual_clock_terminal_routing_contract_v2_implementation_20260802.json | research/families/f10_live_replay_attribution/docs/buy_q90_terminal_hold_riskset_audit_v1_spec_20260801.json,,确认仍保护当前实现或冻结身份；只随对应代码原子退役,高,测试零静态引用属正常，不是删除证据
661,2026-08-01T03:23:40+08:00,3.16,冻结规范/登记表,research/families/f10_live_replay_attribution/docs/buy_q90_terminal_hold_riskset_audit_v1_spec_20260801.json,5119,受保护：历史/冻结证据,P3,3,research/families/f10_live_replay_attribution/audit/buy_q90_terminal_hold_riskset_audit.py | research/families/f10_live_replay_attribution/docs/buy_q90_terminal_hold_riskset_audit_v1_development_20260801.md | research/registry.json,,核对身份、hash 与 current/superseded 声明；禁止因年龄改写结论,高,冻结证据只允许索引、路径解析与解释层治理
662,2026-08-01T03:25:52+08:00,3.16,文档,research/families/f10_live_replay_attribution/docs/buy_q90_terminal_hold_riskset_audit_v1_development_20260801.md,3978,受保护：历史/冻结证据,P3,3,research/families/f10_live_replay_attribution/docs/buy_q90_action_suspension_operational_release_v1_20260802.md | research/families/f10_live_replay_attribution/docs/live_240h_loss_solution_routing_v1_20260801.md | research/registry.json,2026-08-01,核对身份、hash 与 current/superseded 声明；禁止因年龄改写结论,高,冻结证据只允许索引、路径解析与解释层治理
663,2026-08-01T03:42:38+08:00,3.15,文档,research/families/f10_live_replay_attribution/docs/live_240h_loss_solution_routing_v1_20260801.md,6697,受保护：历史/冻结证据,P3,4,research/families/f09_campaign_action_uplift/docs/multi_short_reducing_buy_aggression_v1_1_spec_20260801.json | research/families/f09_campaign_action_uplift/docs/multi_short_reducing_buy_aggression_v1_spec_20260801.json | research/families/f09_campaign_action_uplift/docs/sell_add_inventory_price_penalty_randomized_replay_v1_spec_20260801.json,2026-08-01,核对身份、hash 与 current/superseded 声明；禁止因年龄改写结论,高,冻结证据只允许索引、路径解析与解释层治理
664,2026-08-01T03:42:38+08:00,3.15,文档,research/families/f09_campaign_action_uplift/docs/post_cooldown_incremental_inventory_budget_feasibility_v1_design.md,7603,受保护：历史/冻结证据,P3,0,,2026-08-01,核对身份、hash 与 current/superseded 声明；禁止因年龄改写结论,高,冻结证据只允许索引、路径解析与解释层治理
665,2026-08-01T04:10:49+08:00,3.13,代码,cpp/narrowgate_cpp/streaming_features.hpp,12873,近期变更待观察,P4,3,cpp/README.md | cpp/narrowgate_cpp/bindings.cpp | cpp/narrowgate_cpp/streaming_features.cpp,,检查测试、文档、registry 与冻结 hash 是否随本次变更同步,高,近期修改不等于语义审计或 action 权限已经完成
666,2026-08-01T04:10:49+08:00,3.13,代码,cpp/narrowgate_cpp/streaming_features.cpp,29551,近期变更待观察,P4,8,cpp/README.md | research/families/f10_live_replay_attribution/docs/operational_baseline_identity_20260802.json | research/families/f10_live_replay_attribution/docs/operational_baseline_identity_20260802_v4.json,,检查测试、文档、registry 与冻结 hash 是否随本次变更同步,高,近期修改不等于语义审计或 action 权限已经完成
667,2026-08-01T04:32:57+08:00,3.11,代码,features/feature_engineer.py,101693,近期变更待观察,P4,16,.github/skills/mm-as-glft-ml-spread/SKILL.md | calendar_features.py | cpp/README.md,,检查测试、文档、registry 与冻结 hash 是否随本次变更同步,高,近期修改不等于语义审计或 action 权限已经完成
668,2026-08-01T04:34:19+08:00,3.11,测试,tests/test_repaired_unit_and_time_contracts.py,9884,保留：回归/合同测试,P4,0,,,确认仍保护当前实现或冻结身份；只随对应代码原子退役,中,测试零静态引用属正常，不是删除证据
669,2026-08-01T04:35:40+08:00,3.11,测试,tests/test_ml_feature_contract.py,7242,保留：回归/合同测试,P4,0,,,确认仍保护当前实现或冻结身份；只随对应代码原子退役,中,测试零静态引用属正常，不是删除证据
670,2026-08-01T05:11:31+08:00,3.09,代码,research/families/f09_campaign_action_uplift/audit/post_cooldown_incremental_inventory_budget_feasibility.py,50280,近期变更待观察,P4,8,research/families/f09_campaign_action_uplift/docs/cross_venue_fair_center_shift_randomized_replay_v1_1_spec_20260801.json | research/families/f09_campaign_action_uplift/docs/cross_venue_fair_center_shift_randomized_replay_v1_spec_20260801.json | research/families/f09_campaign_action_uplift/docs/multi_short_reducing_buy_aggression_v1_1_spec_20260801.json,,检查测试、文档、registry 与冻结 hash 是否随本次变更同步,高,近期修改不等于语义审计或 action 权限已经完成
671,2026-08-01T05:12:07+08:00,3.09,测试,tests/test_post_cooldown_incremental_inventory_budget_feasibility.py,12631,保留：回归/合同测试,P4,8,research/families/f09_campaign_action_uplift/docs/multi_short_reducing_buy_aggression_v1_1_spec_20260801.json | research/families/f09_campaign_action_uplift/docs/multi_short_reducing_buy_aggression_v1_spec_20260801.json | research/families/f09_campaign_action_uplift/docs/post_cooldown_incremental_inventory_budget_feasibility_v1_1_spec_20260731.json,,确认仍保护当前实现或冻结身份；只随对应代码原子退役,高,测试零静态引用属正常，不是删除证据
672,2026-08-01T05:13:28+08:00,3.08,冻结规范/登记表,research/families/f09_campaign_action_uplift/docs/post_cooldown_incremental_inventory_budget_feasibility_v1_2_spec_20260801.json,13591,受保护：历史/冻结证据,P3,4,research/families/f09_campaign_action_uplift/docs/multi_short_reducing_buy_aggression_v1_1_spec_20260801.json | research/families/f09_campaign_action_uplift/docs/multi_short_reducing_buy_aggression_v1_spec_20260801.json | research/families/f09_campaign_action_uplift/docs/post_cooldown_incremental_inventory_budget_feasibility_v1_2_postrun_audit_20260801.json,,核对身份、hash 与 current/superseded 声明；禁止因年龄改写结论,高,冻结证据只允许索引、路径解析与解释层治理
673,2026-08-01T09:01:56+08:00,2.93,文档,research/families/f09_campaign_action_uplift/docs/post_cooldown_incremental_inventory_budget_feasibility_v1_2_development_20260801.md,5166,受保护：历史/冻结证据,P3,0,,2026-08-01,核对身份、hash 与 current/superseded 声明；禁止因年龄改写结论,高,冻结证据只允许索引、路径解析与解释层治理
674,2026-08-01T09:01:56+08:00,2.93,冻结规范/登记表,research/families/f09_campaign_action_uplift/docs/post_cooldown_incremental_inventory_budget_feasibility_v1_2_postrun_audit_20260801.json,3054,受保护：历史/冻结证据,P3,3,research/families/f09_campaign_action_uplift/docs/multi_short_reducing_buy_aggression_v1_1_spec_20260801.json | research/families/f09_campaign_action_uplift/docs/multi_short_reducing_buy_aggression_v1_spec_20260801.json | research/families/f09_campaign_action_uplift/docs/sell_add_inventory_price_penalty_randomized_replay_v1_spec_20260801.json,,核对身份、hash 与 current/superseded 声明；禁止因年龄改写结论,高,冻结证据只允许索引、路径解析与解释层治理
675,2026-08-01T10:59:30+08:00,2.84,测试,tests/test_sell_add_inventory_price_penalty.py,9639,保留：回归/合同测试,P4,1,research/families/f09_campaign_action_uplift/docs/sell_add_inventory_price_penalty_randomized_replay_v1_spec_20260801.json,,确认仍保护当前实现或冻结身份；只随对应代码原子退役,高,测试零静态引用属正常，不是删除证据
676,2026-08-01T11:00:01+08:00,2.84,代码,research/families/f09_campaign_action_uplift/audit/sell_add_inventory_price_penalty.py,6933,近期变更待观察,P4,6,models/backtest_tick.py | research/families/f09_campaign_action_uplift/audit/sell_add_inventory_price_penalty_randomized_replay.py | research/families/f09_campaign_action_uplift/docs/sell_add_inventory_price_penalty_randomized_replay_v1_postrun_audit_20260801.json,,检查测试、文档、registry 与冻结 hash 是否随本次变更同步,高,近期修改不等于语义审计或 action 权限已经完成
677,2026-08-01T11:11:47+08:00,2.84,测试,tests/test_sell_add_inventory_price_penalty_randomized_replay.py,6936,保留：回归/合同测试,P4,1,research/families/f09_campaign_action_uplift/docs/sell_add_inventory_price_penalty_randomized_replay_v1_spec_20260801.json,,确认仍保护当前实现或冻结身份；只随对应代码原子退役,高,测试零静态引用属正常，不是删除证据
678,2026-08-01T11:15:38+08:00,2.83,代码,research/families/f09_campaign_action_uplift/audit/sell_add_inventory_price_penalty_randomized_replay.py,38518,近期变更待观察,P4,2,research/families/f09_campaign_action_uplift/docs/sell_add_inventory_price_penalty_randomized_replay_v1_postrun_audit_20260801.json | research/families/f09_campaign_action_uplift/docs/sell_add_inventory_price_penalty_randomized_replay_v1_spec_20260801.json,,检查测试、文档、registry 与冻结 hash 是否随本次变更同步,高,近期修改不等于语义审计或 action 权限已经完成
679,2026-08-01T11:21:38+08:00,2.83,冻结规范/登记表,research/families/f09_campaign_action_uplift/docs/sell_add_inventory_price_penalty_randomized_replay_v1_spec_20260801.json,19626,受保护：历史/冻结证据,P3,1,research/families/f09_campaign_action_uplift/docs/sell_add_inventory_price_penalty_randomized_replay_v1_postrun_audit_20260801.json,,核对身份、hash 与 current/superseded 声明；禁止因年龄改写结论,高,冻结证据只允许索引、路径解析与解释层治理
680,2026-08-01T12:44:04+08:00,2.77,文档,research/families/f09_campaign_action_uplift/docs/sell_add_inventory_price_penalty_randomized_replay_v1_development_20260801.md,7564,受保护：历史/冻结证据,P3,0,,2026-08-01,核对身份、hash 与 current/superseded 声明；禁止因年龄改写结论,高,冻结证据只允许索引、路径解析与解释层治理
681,2026-08-01T12:44:22+08:00,2.77,冻结规范/登记表,research/families/f09_campaign_action_uplift/docs/sell_add_inventory_price_penalty_randomized_replay_v1_postrun_audit_20260801.json,5915,受保护：历史/冻结证据,P3,0,,,核对身份、hash 与 current/superseded 声明；禁止因年龄改写结论,高,冻结证据只允许索引、路径解析与解释层治理
682,2026-08-01T14:40:49+08:00,2.69,测试,tests/test_multi_short_reducing_buy_aggression_randomized_replay.py,6787,保留：回归/合同测试,P4,2,research/families/f09_campaign_action_uplift/docs/multi_short_reducing_buy_aggression_v1_1_spec_20260801.json | research/families/f09_campaign_action_uplift/docs/multi_short_reducing_buy_aggression_v1_spec_20260801.json,,确认仍保护当前实现或冻结身份；只随对应代码原子退役,高,测试零静态引用属正常，不是删除证据
683,2026-08-01T14:47:25+08:00,2.69,代码,research/families/f09_campaign_action_uplift/audit/multi_short_reducing_buy_aggression_randomized_replay.py,39872,近期变更待观察,P4,2,research/families/f09_campaign_action_uplift/docs/multi_short_reducing_buy_aggression_v1_1_spec_20260801.json | research/families/f09_campaign_action_uplift/docs/multi_short_reducing_buy_aggression_v1_spec_20260801.json,,检查测试、文档、registry 与冻结 hash 是否随本次变更同步,高,近期修改不等于语义审计或 action 权限已经完成
684,2026-08-01T14:54:38+08:00,2.68,冻结规范/登记表,research/families/f09_campaign_action_uplift/docs/multi_short_reducing_buy_aggression_v1_spec_20260801.json,21620,受保护：历史/冻结证据,P3,2,research/families/f09_campaign_action_uplift/docs/multi_short_reducing_buy_aggression_v1_1_spec_20260801.json | research/families/f09_campaign_action_uplift/docs/multi_short_reducing_buy_aggression_v1_implementation_failure_20260801.md,,核对身份、hash 与 current/superseded 声明；禁止因年龄改写结论,高,冻结证据只允许索引、路径解析与解释层治理
685,2026-08-01T14:58:40+08:00,2.68,代码,research/families/f09_campaign_action_uplift/audit/multi_short_reducing_buy_aggression.py,5551,近期变更待观察,P4,6,models/backtest_tick.py | research/families/f09_campaign_action_uplift/audit/multi_short_reducing_buy_aggression_randomized_replay.py | research/families/f09_campaign_action_uplift/docs/multi_short_reducing_buy_aggression_v1_1_spec_20260801.json,,检查测试、文档、registry 与冻结 hash 是否随本次变更同步,高,近期修改不等于语义审计或 action 权限已经完成
686,2026-08-01T14:59:08+08:00,2.68,文档,research/families/f09_campaign_action_uplift/docs/multi_short_reducing_buy_aggression_v1_implementation_failure_20260801.md,1488,受保护：历史/冻结证据,P3,1,research/families/f09_campaign_action_uplift/docs/multi_short_reducing_buy_aggression_v1_1_spec_20260801.json,2026-08-01,核对身份、hash 与 current/superseded 声明；禁止因年龄改写结论,高,冻结证据只允许索引、路径解析与解释层治理
687,2026-08-01T14:59:27+08:00,2.68,测试,tests/test_multi_short_reducing_buy_aggression.py,10167,保留：回归/合同测试,P4,2,research/families/f09_campaign_action_uplift/docs/multi_short_reducing_buy_aggression_v1_1_spec_20260801.json | research/families/f09_campaign_action_uplift/docs/multi_short_reducing_buy_aggression_v1_spec_20260801.json,,确认仍保护当前实现或冻结身份；只随对应代码原子退役,高,测试零静态引用属正常，不是删除证据
688,2026-08-01T15:02:32+08:00,2.68,冻结规范/登记表,research/families/f09_campaign_action_uplift/docs/multi_short_reducing_buy_aggression_v1_1_spec_20260801.json,22476,受保护：历史/冻结证据,P3,1,research/families/f09_campaign_action_uplift/docs/multi_short_reducing_buy_aggression_v1_1_postrun_audit_20260801.json,,核对身份、hash 与 current/superseded 声明；禁止因年龄改写结论,高,冻结证据只允许索引、路径解析与解释层治理
689,2026-08-01T16:29:29+08:00,2.62,代码,models/exchange_book_replay.py,47954,近期变更待观察,P4,61,models/audit/native_exchange_book_universe.py | models/backtest_tick.py | research/families/f01_fixed_parameter_racing/campaign_outcome_replay_audit.py,,检查测试、文档、registry 与冻结 hash 是否随本次变更同步,高,近期修改不等于语义审计或 action 权限已经完成
690,2026-08-01T16:31:37+08:00,2.61,测试,tests/test_native_exchange_book_cache.py,6945,保留：回归/合同测试,P4,0,,,确认仍保护当前实现或冻结身份；只随对应代码原子退役,中,测试零静态引用属正常，不是删除证据
691,2026-08-01T16:32:01+08:00,2.61,代码,models/native_exchange_book_cache.py,13993,近期变更待观察,P4,5,models/exchange_book_replay.py | research/families/f09_campaign_action_uplift/audit/ranked_toxicity_guard_carryover_safe_execution_v2_1.py | research/families/f09_campaign_action_uplift/docs/causal_v12_ranked_toxicity_exposure_guard_carryover_safe_v2_1_execution_spec_20260803.json,,检查测试、文档、registry 与冻结 hash 是否随本次变更同步,高,近期修改不等于语义审计或 action 权限已经完成
692,2026-08-01T16:34:24+08:00,2.61,冻结规范/登记表,research/families/f09_campaign_action_uplift/docs/multi_short_reducing_buy_aggression_v1_1_postrun_audit_20260801.json,4637,受保护：历史/冻结证据,P3,1,research/families/f09_campaign_action_uplift/docs/multi_short_reducing_buy_aggression_v1_1_development_20260801.md,,核对身份、hash 与 current/superseded 声明；禁止因年龄改写结论,高,冻结证据只允许索引、路径解析与解释层治理
693,2026-08-01T16:35:03+08:00,2.61,文档,research/families/f09_campaign_action_uplift/docs/multi_short_reducing_buy_aggression_v1_1_development_20260801.md,4719,受保护：历史/冻结证据,P3,0,,2026-08-01,核对身份、hash 与 current/superseded 声明；禁止因年龄改写结论,高,冻结证据只允许索引、路径解析与解释层治理
694,2026-08-01T16:37:26+08:00,2.61,文档,docs/path_conventions.md,4432,近期变更待观察,P4,1,docs/market_data.md,2026-07-31,检查测试、文档、registry 与冻结 hash 是否随本次变更同步,高,近期修改不等于语义审计或 action 权限已经完成
695,2026-08-01T16:37:45+08:00,2.61,文档,data/README.md,6395,近期变更待观察,P4,0,,2026-08-01,检查测试、文档、registry 与冻结 hash 是否随本次变更同步,中,近期修改不等于语义审计或 action 权限已经完成
696,2026-08-01T16:42:40+08:00,2.61,代码,models/prewarm_tick_cache.py,13758,近期变更待观察,P4,3,models/source_aware_cpp_baseline.py | pipeline.py | research/families/f03_causal_13_head/audit/full_path_ml_ab.py,,检查测试、文档、registry 与冻结 hash 是否随本次变更同步,高,近期修改不等于语义审计或 action 权限已经完成
697,2026-08-01T17:16:17+08:00,2.58,测试,tests/test_paired_live_quote_coordinate_asymmetry.py,5260,保留：回归/合同测试,P4,0,,,确认仍保护当前实现或冻结身份；只随对应代码原子退役,中,测试零静态引用属正常，不是删除证据
698,2026-08-01T17:16:18+08:00,2.58,代码,strategy/quote_core.py,95857,当前权威：需与 v9 baseline/registry 同步,P0,42,.github/skills/mm-as-glft-ml-spread/SKILL.md | cpp/README.md | cpp/narrowgate_cpp/quote_core.hpp,,核对 runtime、config、artifact、Feature DAG、权限与文档 hash；禁止按年龄删除,高,当前运营或研究治理入口；working-tree 变化必须以新身份绑定
699,2026-08-01T17:16:18+08:00,2.58,代码,cpp/narrowgate_cpp/quote_core.hpp,9242,近期变更待观察,P4,4,cpp/README.md | cpp/narrowgate_cpp/bindings.cpp | cpp/narrowgate_cpp/quote_core.cpp,,检查测试、文档、registry 与冻结 hash 是否随本次变更同步,高,近期修改不等于语义审计或 action 权限已经完成
700,2026-08-01T17:21:12+08:00,2.58,测试,tests/test_cpp_quote_core_parity.py,22421,保留：回归/合同测试,P4,2,.github/workflows/ci.yml | cpp/README.md,,确认仍保护当前实现或冻结身份；只随对应代码原子退役,高,测试零静态引用属正常，不是删除证据
701,2026-08-01T17:28:40+08:00,2.57,代码,research/families/f10_live_replay_attribution/audit/paired_live_quote_coordinate_asymmetry.py,23454,近期变更待观察,P4,1,tests/test_paired_live_quote_coordinate_asymmetry.py,,检查测试、文档、registry 与冻结 hash 是否随本次变更同步,高,近期修改不等于语义审计或 action 权限已经完成
702,2026-08-01T17:29:02+08:00,2.57,冻结规范/登记表,research/families/f10_live_replay_attribution/docs/paired_live_quote_coordinate_asymmetry_audit_v1_spec_20260801.json,2390,受保护：历史/冻结证据,P3,0,,,核对身份、hash 与 current/superseded 声明；禁止因年龄改写结论,高,冻结证据只允许索引、路径解析与解释层治理
703,2026-08-01T17:33:23+08:00,2.57,文档,research/families/f10_live_replay_attribution/docs/paired_live_quote_coordinate_asymmetry_audit_v1_20260801.md,5796,受保护：历史/冻结证据,P3,1,research/registry.json,2026-08-01,核对身份、hash 与 current/superseded 声明；禁止因年龄改写结论,高,冻结证据只允许索引、路径解析与解释层治理
704,2026-08-01T17:59:31+08:00,2.55,测试,tests/test_markout_side_asymmetry_engineering_release.py,2389,保留：回归/合同测试,P4,0,,,确认仍保护当前实现或冻结身份；只随对应代码原子退役,中,测试零静态引用属正常，不是删除证据
705,2026-08-01T18:04:00+08:00,2.55,冻结规范/登记表,research/system_engineering/docs/markout_side_asymmetry_sign_engineering_release_v1_spec_20260801.json,3424,受保护：历史/冻结证据,P3,1,research/system_engineering/docs/markout_side_asymmetry_sign_engineering_release_v1_20260801.json,,核对身份、hash 与 current/superseded 声明；禁止因年龄改写结论,高,冻结证据只允许索引、路径解析与解释层治理
706,2026-08-01T18:25:50+08:00,2.53,冻结规范/登记表,research/system_engineering/docs/markout_side_asymmetry_sign_engineering_release_v1_20260801.json,3129,近期变更待观察,P4,2,research/registry.json | research/system_engineering/docs/markout_side_asymmetry_sign_engineering_release_v1_20260801.md,,检查测试、文档、registry 与冻结 hash 是否随本次变更同步,高,近期修改不等于语义审计或 action 权限已经完成
707,2026-08-01T18:25:50+08:00,2.53,文档,research/system_engineering/docs/markout_side_asymmetry_sign_engineering_release_v1_20260801.md,3008,近期变更待观察,P4,1,research/registry.json,2026-08-01,检查测试、文档、registry 与冻结 hash 是否随本次变更同步,高,近期修改不等于语义审计或 action 权限已经完成
708,2026-08-01T18:41:53+08:00,2.52,冻结规范/登记表,research/system_engineering/docs/ec2_python_runtime_migration_v1_20260801_spec.json,2351,近期变更待观察,P4,0,,,检查测试、文档、registry 与冻结 hash 是否随本次变更同步,中,近期修改不等于语义审计或 action 权限已经完成
709,2026-08-01T18:49:10+08:00,2.52,冻结规范/登记表,research/system_engineering/docs/ec2_python_runtime_migration_v1_20260801.json,1940,近期变更待观察,P4,0,,,检查测试、文档、registry 与冻结 hash 是否随本次变更同步,中,近期修改不等于语义审计或 action 权限已经完成
710,2026-08-01T18:49:10+08:00,2.52,文档,research/system_engineering/docs/ec2_python_runtime_migration_v1_20260801.md,2420,近期变更待观察,P4,0,,2026-08-01,检查测试、文档、registry 与冻结 hash 是否随本次变更同步,中,近期修改不等于语义审计或 action 权限已经完成
711,2026-08-01T20:14:07+08:00,2.46,代码,research/families/f09_campaign_action_uplift/audit/cross_venue_fair_center_shift.py,4079,近期变更待观察,P4,6,models/backtest_tick.py | research/families/f09_campaign_action_uplift/audit/cross_venue_fair_center_shift_randomized_replay.py | research/families/f09_campaign_action_uplift/docs/cross_venue_fair_center_shift_randomized_replay_v1_1_spec_20260801.json,,检查测试、文档、registry 与冻结 hash 是否随本次变更同步,高,近期修改不等于语义审计或 action 权限已经完成
712,2026-08-01T20:14:07+08:00,2.46,测试,tests/test_cross_venue_fair_center_shift.py,7820,保留：回归/合同测试,P4,2,research/families/f09_campaign_action_uplift/docs/cross_venue_fair_center_shift_randomized_replay_v1_1_spec_20260801.json | research/families/f09_campaign_action_uplift/docs/cross_venue_fair_center_shift_randomized_replay_v1_spec_20260801.json,,确认仍保护当前实现或冻结身份；只随对应代码原子退役,高,测试零静态引用属正常，不是删除证据
713,2026-08-01T20:14:07+08:00,2.46,代码,research/families/f04_external_market_alpha/audit/cross_venue_causal_fair_price.py,35441,近期变更待观察,P4,7,models/backtest_tick.py | research/families/f04_external_market_alpha/docs/cross_venue_causal_fair_price_v1_spec_20260801.json | research/families/f09_campaign_action_uplift/audit/cross_venue_fair_center_shift_randomized_replay.py,,检查测试、文档、registry 与冻结 hash 是否随本次变更同步,高,近期修改不等于语义审计或 action 权限已经完成
714,2026-08-01T20:14:17+08:00,2.46,代码,strategy/cross_venue_fair_price.py,23417,近期变更待观察,P4,14,execution/exact_opportunity_tape_runtime.py | research/families/f04_external_market_alpha/audit/cross_venue_causal_fair_price.py | research/families/f04_external_market_alpha/audit/external_adverse_quote_edge_guard_mechanics.py,,检查测试、文档、registry 与冻结 hash 是否随本次变更同步,高,近期修改不等于语义审计或 action 权限已经完成
715,2026-08-01T20:22:18+08:00,2.45,冻结规范/登记表,research/families/f04_external_market_alpha/docs/cross_venue_causal_fair_price_v1_spec_20260801.json,7086,受保护：历史/冻结证据,P3,2,research/families/f09_campaign_action_uplift/docs/cross_venue_fair_center_shift_randomized_replay_v1_1_spec_20260801.json | research/families/f09_campaign_action_uplift/docs/cross_venue_fair_center_shift_randomized_replay_v1_spec_20260801.json,,核对身份、hash 与 current/superseded 声明；禁止因年龄改写结论,高,冻结证据只允许索引、路径解析与解释层治理
716,2026-08-01T20:35:55+08:00,2.44,冻结规范/登记表,research/families/f09_campaign_action_uplift/docs/cross_venue_fair_center_shift_randomized_replay_v1_spec_20260801.json,20491,受保护：历史/冻结证据,P3,2,research/families/f09_campaign_action_uplift/docs/cross_venue_fair_center_shift_randomized_replay_v1_1_spec_20260801.json | research/families/f09_campaign_action_uplift/docs/cross_venue_fair_center_shift_randomized_replay_v1_implementation_failure_20260801.md,,核对身份、hash 与 current/superseded 声明；禁止因年龄改写结论,高,冻结证据只允许索引、路径解析与解释层治理
717,2026-08-01T20:58:04+08:00,2.43,代码,research/families/f09_campaign_action_uplift/audit/cross_venue_fair_center_shift_randomized_replay.py,45575,近期变更待观察,P4,2,research/families/f09_campaign_action_uplift/docs/cross_venue_fair_center_shift_randomized_replay_v1_1_spec_20260801.json | research/families/f09_campaign_action_uplift/docs/cross_venue_fair_center_shift_randomized_replay_v1_spec_20260801.json,,检查测试、文档、registry 与冻结 hash 是否随本次变更同步,高,近期修改不等于语义审计或 action 权限已经完成
718,2026-08-01T20:58:30+08:00,2.43,测试,tests/test_cross_venue_fair_center_shift_randomized_replay.py,8804,保留：回归/合同测试,P4,2,research/families/f09_campaign_action_uplift/docs/cross_venue_fair_center_shift_randomized_replay_v1_1_spec_20260801.json | research/families/f09_campaign_action_uplift/docs/cross_venue_fair_center_shift_randomized_replay_v1_spec_20260801.json,,确认仍保护当前实现或冻结身份；只随对应代码原子退役,高,测试零静态引用属正常，不是删除证据
719,2026-08-01T20:59:08+08:00,2.43,文档,research/families/f09_campaign_action_uplift/docs/cross_venue_fair_center_shift_randomized_replay_v1_implementation_failure_20260801.md,1824,受保护：历史/冻结证据,P3,1,research/families/f09_campaign_action_uplift/docs/cross_venue_fair_center_shift_randomized_replay_v1_1_spec_20260801.json,2026-08-01,核对身份、hash 与 current/superseded 声明；禁止因年龄改写结论,高,冻结证据只允许索引、路径解析与解释层治理
720,2026-08-01T21:00:48+08:00,2.43,冻结规范/登记表,research/families/f09_campaign_action_uplift/docs/cross_venue_fair_center_shift_randomized_replay_v1_1_spec_20260801.json,21770,受保护：历史/冻结证据,P3,4,research/families/f09_campaign_action_uplift/docs/causal_v12_ranked_toxicity_exposure_guard_buy_v1_mechanics_spec_20260802.json | research/families/f09_campaign_action_uplift/docs/causal_v12_ranked_toxicity_exposure_guard_carryover_safe_v2_mechanics_spec_20260803.json | research/families/f09_campaign_action_uplift/docs/causal_v12_ranked_toxicity_exposure_guard_sell_v1_mechanics_spec_20260802.json,,核对身份、hash 与 current/superseded 声明；禁止因年龄改写结论,高,冻结证据只允许索引、路径解析与解释层治理
721,2026-08-02T04:53:05+08:00,2.1,冻结规范/登记表,research/families/f09_campaign_action_uplift/docs/cross_venue_fair_center_shift_randomized_replay_v1_1_postrun_audit_20260801.json,4320,受保护：历史/冻结证据,P3,1,research/registry.json,,核对身份、hash 与 current/superseded 声明；禁止因年龄改写结论,高,冻结证据只允许索引、路径解析与解释层治理
722,2026-08-02T04:54:10+08:00,2.1,文档,research/families/f09_campaign_action_uplift/docs/cross_venue_fair_center_shift_randomized_replay_v1_1_development_20260801.md,5844,受保护：历史/冻结证据,P3,1,research/registry.json,2026-08-01,核对身份、hash 与 current/superseded 声明；禁止因年龄改写结论,高,冻结证据只允许索引、路径解析与解释层治理
723,2026-08-02T06:06:40+08:00,2.05,代码,research/families/f03_causal_13_head/ml_model.py,70551,近期变更待观察,P4,9,models/README.md | models/experiment_runner.py | project.md,,检查测试、文档、registry 与冻结 hash 是否随本次变更同步,高,近期修改不等于语义审计或 action 权限已经完成
724,2026-08-02T06:07:04+08:00,2.05,冻结规范/登记表,research/families/f03_causal_13_head/docs/causal_v12_expanded_source_aware_semantics_v6_train_spec_20260802.json,4430,受保护：历史/冻结证据,P3,0,,,核对身份、hash 与 current/superseded 声明；禁止因年龄改写结论,高,冻结证据只允许索引、路径解析与解释层治理
725,2026-08-02T06:12:02+08:00,2.04,代码,research/families/f03_causal_13_head/audit/__init__.py,53,保留：稳定包标记,P4,0,,,确认包导出与安装语义；通常保留,低,mtime 对稳定包标记的治理价值有限
726,2026-08-02T06:12:19+08:00,2.04,测试,tests/test_causal_v12_native_transport_audit.py,1183,保留：回归/合同测试,P4,0,,,确认仍保护当前实现或冻结身份；只随对应代码原子退役,中,测试零静态引用属正常，不是删除证据
727,2026-08-02T06:14:15+08:00,2.04,代码,research/families/f03_causal_13_head/audit/native_transport_audit.py,19146,近期变更待观察,P4,1,tests/test_causal_v12_native_transport_audit.py,,检查测试、文档、registry 与冻结 hash 是否随本次变更同步,高,近期修改不等于语义审计或 action 权限已经完成
728,2026-08-02T06:14:29+08:00,2.04,冻结规范/登记表,research/families/f03_causal_13_head/docs/causal_v12_native_transport_audit_spec_20260802.json,3264,受保护：历史/冻结证据,P3,0,,,核对身份、hash 与 current/superseded 声明；禁止因年龄改写结论,高,冻结证据只允许索引、路径解析与解释层治理
729,2026-08-02T06:29:19+08:00,2.03,测试,tests/test_causal_v12_full_path_ml_ab.py,4041,保留：回归/合同测试,P4,2,research/families/f03_causal_13_head/docs/causal_v12_native_full_path_ml_ab_spec_20260802.json | research/families/f03_causal_13_head/docs/causal_v12_postfit_native_full_path_ml_ab_spec_20260802.json,,确认仍保护当前实现或冻结身份；只随对应代码原子退役,高,测试零静态引用属正常，不是删除证据
730,2026-08-02T06:33:14+08:00,2.03,代码,research/families/f03_causal_13_head/audit/full_path_ml_ab.py,30136,近期变更待观察,P4,1,tests/test_causal_v12_full_path_ml_ab.py,,检查测试、文档、registry 与冻结 hash 是否随本次变更同步,高,近期修改不等于语义审计或 action 权限已经完成
731,2026-08-02T06:34:57+08:00,2.03,冻结规范/登记表,research/families/f03_causal_13_head/docs/causal_v12_native_full_path_ml_ab_spec_20260802.json,7868,受保护：历史/冻结证据,P3,2,research/families/f02_empirical_p3_touch/docs/p3_touch_conditional_curve_quote_mapping_v1_spec_20260803.json | research/families/f02_empirical_p3_touch/docs/p3_touch_source_aware_expanded_v3_quote_path_spec_20260803.json,,核对身份、hash 与 current/superseded 声明；禁止因年龄改写结论,高,冻结证据只允许索引、路径解析与解释层治理
732,2026-08-02T07:10:24+08:00,2.0,代码,strategy/model_contract.py,9237,当前权威：需与 v9 baseline/registry 同步,P0,16,docs/repository_lru_audit_20260727.md | live/main.py | research/families/f03_causal_13_head/ml_model.py,,核对 runtime、config、artifact、Feature DAG、权限与文档 hash；禁止按年龄删除,高,当前运营或研究治理入口；working-tree 变化必须以新身份绑定
733,2026-08-02T07:13:44+08:00,2.0,测试,tests/test_ml_training_experiments.py,13158,保留：回归/合同测试,P4,0,,,确认仍保护当前实现或冻结身份；只随对应代码原子退役,中,测试零静态引用属正常，不是删除证据
734,2026-08-02T07:21:41+08:00,2.0,工程配置,Makefile,7964,近期变更待观察,P4,0,,,检查测试、文档、registry 与冻结 hash 是否随本次变更同步,中,近期修改不等于语义审计或 action 权限已经完成
735,2026-08-02T07:35:55+08:00,1.99,测试,tests/test_signal_feature_cutoff.py,11027,保留：回归/合同测试,P4,0,,,确认仍保护当前实现或冻结身份；只随对应代码原子退役,中,测试零静态引用属正常，不是删除证据
736,2026-08-02T07:46:06+08:00,1.98,冻结规范/登记表,research/families/f10_live_replay_attribution/docs/operational_baseline_identity_20260802.json,6118,受保护：历史/冻结证据,P3,5,project.md | research/families/f03_causal_13_head/docs/causal_v12_operational_baseline_promotion_20260802.md | research/families/f03_causal_13_head/docs/causal_v12_owner_authorized_live_canary_20260802.md,,核对身份、hash 与 current/superseded 声明；禁止因年龄改写结论,高,冻结证据只允许索引、路径解析与解释层治理
737,2026-08-02T07:46:07+08:00,1.98,文档,research/families/f03_causal_13_head/docs/causal_v12_owner_authorized_live_canary_20260802.md,2851,受保护：历史/冻结证据,P3,0,,2026-08-02,核对身份、hash 与 current/superseded 声明；禁止因年龄改写结论,高,冻结证据只允许索引、路径解析与解释层治理
738,2026-08-02T08:04:13+08:00,1.97,测试,tests/test_bitget_reference_download.py,4022,保留：回归/合同测试,P4,0,,,确认仍保护当前实现或冻结身份；只随对应代码原子退役,中,测试零静态引用属正常，不是删除证据
739,2026-08-02T08:09:29+08:00,1.96,代码,data/import_okx_archive.py,15003,近期变更待观察,P4,2,pipeline.py | tests/test_okx_reference.py,,检查测试、文档、registry 与冻结 hash 是否随本次变更同步,高,近期修改不等于语义审计或 action 权限已经完成
740,2026-08-02T08:09:29+08:00,1.96,测试,tests/test_okx_reference.py,10346,保留：回归/合同测试,P4,0,,,确认仍保护当前实现或冻结身份；只随对应代码原子退役,中,测试零静态引用属正常，不是删除证据
741,2026-08-02T08:42:13+08:00,1.94,冻结规范/登记表,research/families/f03_causal_13_head/docs/causal_v12_postfit_native_oos_20260726_31_spec_20260802.json,4182,受保护：历史/冻结证据,P3,0,,,核对身份、hash 与 current/superseded 声明；禁止因年龄改写结论,高,冻结证据只允许索引、路径解析与解释层治理
742,2026-08-02T08:48:54+08:00,1.94,冻结规范/登记表,research/families/f03_causal_13_head/docs/causal_v12_postfit_native_full_path_ml_ab_spec_20260802.json,6995,受保护：历史/冻结证据,P3,0,,,核对身份、hash 与 current/superseded 声明；禁止因年龄改写结论,高,冻结证据只允许索引、路径解析与解释层治理
743,2026-08-02T08:53:51+08:00,1.93,代码,data/download_bitget_reference.py,17237,近期变更待观察,P4,8,data/build_external_reference_features.py | data/download_bybit_reference.py | data/download_okx_archive.py,,检查测试、文档、registry 与冻结 hash 是否随本次变更同步,高,近期修改不等于语义审计或 action 权限已经完成
744,2026-08-02T08:54:51+08:00,1.93,文档,research/families/f03_causal_13_head/docs/causal_v12_postfit_native_oos_20260726_31_20260802.md,4310,受保护：历史/冻结证据,P3,0,,2026-08-02,核对身份、hash 与 current/superseded 声明；禁止因年龄改写结论,高,冻结证据只允许索引、路径解析与解释层治理
745,2026-08-02T09:11:37+08:00,1.92,代码,research/families/f03_causal_13_head/audit/owner_amended_economic_rescore.py,13579,近期变更待观察,P4,1,tests/test_causal_v12_owner_amended_economic_rescore.py,,检查测试、文档、registry 与冻结 hash 是否随本次变更同步,高,近期修改不等于语义审计或 action 权限已经完成
746,2026-08-02T09:11:37+08:00,1.92,测试,tests/test_causal_v12_owner_amended_economic_rescore.py,2286,保留：回归/合同测试,P4,0,,,确认仍保护当前实现或冻结身份；只随对应代码原子退役,中,测试零静态引用属正常，不是删除证据
747,2026-08-02T09:13:10+08:00,1.92,冻结规范/登记表,research/families/f03_causal_13_head/docs/causal_v12_owner_amended_economic_gate_v2_20260802.json,4449,受保护：历史/冻结证据,P3,2,research/families/f10_live_replay_attribution/docs/operational_baseline_identity_20260802_v4.json | research/families/f10_live_replay_attribution/docs/operational_baseline_identity_20260802_v5.json,,核对身份、hash 与 current/superseded 声明；禁止因年龄改写结论,高,冻结证据只允许索引、路径解析与解释层治理
748,2026-08-02T09:15:46+08:00,1.92,文档,research/families/f03_causal_13_head/docs/causal_v12_owner_amended_economic_rescore_v2_20260802.md,4428,受保护：历史/冻结证据,P3,1,research/registry.json,2026-08-02,核对身份、hash 与 current/superseded 声明；禁止因年龄改写结论,高,冻结证据只允许索引、路径解析与解释层治理
749,2026-08-02T09:33:15+08:00,1.9,冻结规范/登记表,research/families/f10_live_replay_attribution/docs/operational_baseline_identity_20260802_v4.json,8462,受保护：历史/冻结证据,P3,3,project.md | research/families/f03_causal_13_head/docs/causal_v12_operational_baseline_promotion_20260802.md | research/families/f10_live_replay_attribution/docs/operational_baseline_identity_20260802_v5.json,,核对身份、hash 与 current/superseded 声明；禁止因年龄改写结论,高,冻结证据只允许索引、路径解析与解释层治理
750,2026-08-02T09:33:15+08:00,1.9,文档,research/families/f03_causal_13_head/docs/causal_v12_operational_baseline_promotion_20260802.md,2964,受保护：历史/冻结证据,P3,0,,2026-08-02,核对身份、hash 与 current/superseded 声明；禁止因年龄改写结论,高,冻结证据只允许索引、路径解析与解释层治理
751,2026-08-02T09:36:10+08:00,1.9,代码,models/tick_ab.py,42688,近期变更待观察,P4,10,.github/skills/mm-as-glft-ml-spread/SKILL.md | models/alpha_evidence_ledger.py | models/experiment_runner.py,,检查测试、文档、registry 与冻结 hash 是否随本次变更同步,高,近期修改不等于语义审计或 action 权限已经完成
752,2026-08-02T10:27:55+08:00,1.87,冻结规范/登记表,research/families/f10_live_replay_attribution/docs/operational_baseline_identity_20260802_v5.json,9729,受保护：历史/冻结证据,P3,7,project.md | research/families/f09_campaign_action_uplift/docs/causal_v12_ranked_toxicity_exposure_guard_buy_v1_mechanics_spec_20260802.json | research/families/f09_campaign_action_uplift/docs/causal_v12_ranked_toxicity_exposure_guard_registration_linkage_v2_amendment_20260802.json,,核对身份、hash 与 current/superseded 声明；禁止因年龄改写结论,高,冻结证据只允许索引、路径解析与解释层治理
753,2026-08-02T10:31:52+08:00,1.86,文档,research/families/f10_live_replay_attribution/docs/buy_q90_action_suspension_operational_release_v1_20260802.md,3869,受保护：历史/冻结证据,P3,3,research/families/f09_campaign_action_uplift/docs/causal_v12_ranked_toxicity_exposure_guard_buy_v1_mechanics_spec_20260802.json | research/families/f09_campaign_action_uplift/docs/causal_v12_ranked_toxicity_exposure_guard_sell_v1_mechanics_spec_20260802.json | research/registry.json,2026-08-02,核对身份、hash 与 current/superseded 声明；禁止因年龄改写结论,高,冻结证据只允许索引、路径解析与解释层治理
754,2026-08-02T10:50:20+08:00,1.85,代码,execution/active_order_depth_path.py,9990,近期变更待观察,P4,7,live/ws_handler.py | project.md | research/families/f10_live_replay_attribution/docs/buy_q90_causal_visibility_clock_parity_v1_1_spec_20260731.json,,检查测试、文档、registry 与冻结 hash 是否随本次变更同步,高,近期修改不等于语义审计或 action 权限已经完成
755,2026-08-02T10:50:42+08:00,1.85,代码,live/ws_handler.py,71946,近期变更待观察,P4,10,.github/skills/mm-as-glft-ml-spread/SKILL.md | live/main.py | project.md,,检查测试、文档、registry 与冻结 hash 是否随本次变更同步,高,近期修改不等于语义审计或 action 权限已经完成
756,2026-08-02T10:56:31+08:00,1.85,测试,tests/test_binance_deep_book.py,16619,保留：回归/合同测试,P4,2,research/families/f10_live_replay_attribution/docs/buy_q90_causal_visibility_clock_parity_v1_1_spec_20260731.json | research/families/f10_live_replay_attribution/docs/buy_q90_causal_visibility_clock_parity_v1_spec_20260731.json,,确认仍保护当前实现或冻结身份；只随对应代码原子退役,高,测试零静态引用属正常，不是删除证据
757,2026-08-02T11:21:23+08:00,1.83,冻结规范/登记表,research/families/f10_live_replay_attribution/docs/buy_q90_terminal_recovery_contract_v1_implementation_20260802.json,4100,受保护：历史/冻结证据,P3,3,research/families/f10_live_replay_attribution/docs/buy_q90_dual_clock_terminal_routing_contract_v2_implementation_20260802.json | research/families/f10_live_replay_attribution/docs/buy_q90_terminal_recovery_contract_v1_implementation_20260802.md | research/registry.json,,核对身份、hash 与 current/superseded 声明；禁止因年龄改写结论,高,冻结证据只允许索引、路径解析与解释层治理
758,2026-08-02T11:21:23+08:00,1.83,文档,research/families/f10_live_replay_attribution/docs/buy_q90_terminal_recovery_contract_v1_implementation_20260802.md,2949,受保护：历史/冻结证据,P3,2,research/families/f10_live_replay_attribution/docs/buy_q90_dual_clock_terminal_routing_contract_v2_implementation_20260802.json | research/registry.json,2026-08-02,核对身份、hash 与 current/superseded 声明；禁止因年龄改写结论,高,冻结证据只允许索引、路径解析与解释层治理
759,2026-08-02T12:11:00+08:00,1.79,代码,research/families/f04_external_market_alpha/audit/external_adverse_quote_edge_guard_mechanics.py,52033,近期变更待观察,P4,1,tests/test_external_adverse_quote_edge_guard_mechanics.py,,检查测试、文档、registry 与冻结 hash 是否随本次变更同步,高,近期修改不等于语义审计或 action 权限已经完成
760,2026-08-02T12:11:15+08:00,1.79,冻结规范/登记表,research/families/f04_external_market_alpha/docs/external_adverse_quote_edge_guard_mechanics_v1_spec_20260802.json,6949,受保护：历史/冻结证据,P3,2,research/families/f04_external_market_alpha/docs/babel_external_market_research_map.md | research/registry.json,,核对身份、hash 与 current/superseded 声明；禁止因年龄改写结论,高,冻结证据只允许索引、路径解析与解释层治理
761,2026-08-02T12:27:36+08:00,1.78,文档,research/families/f04_external_market_alpha/docs/cross_venue_reference_to_alpha_roadmap_20260711.md,20637,受保护：历史/冻结证据,P3,4,README.md | README.zh-CN.md | project.md,2026-08-02,核对身份、hash 与 current/superseded 声明；禁止因年龄改写结论,高,冻结证据只允许索引、路径解析与解释层治理
762,2026-08-02T12:30:04+08:00,1.78,文档,research/families/f04_external_market_alpha/docs/external_adverse_quote_edge_guard_mechanics_v1_development_20260802.md,5500,受保护：历史/冻结证据,P3,2,research/families/f04_external_market_alpha/docs/babel_external_market_research_map.md | research/registry.json,2026-08-02,核对身份、hash 与 current/superseded 声明；禁止因年龄改写结论,高,冻结证据只允许索引、路径解析与解释层治理
763,2026-08-02T12:31:17+08:00,1.78,文档,research/README.md,3248,当前权威：需与 v9 baseline/registry 同步,P0,5,README.md | README.zh-CN.md | docs/repository_lru_audit_20260727.md,2026-08-02,核对 runtime、config、artifact、Feature DAG、权限与文档 hash；禁止按年龄删除,高,当前运营或研究治理入口；working-tree 变化必须以新身份绑定
764,2026-08-02T14:11:54+08:00,1.71,代码,research/families/f09_campaign_action_uplift/audit/toxic_fill_selectivity_v2.py,6530,近期变更待观察,P4,3,research/families/f09_campaign_action_uplift/docs/causal_v12_ranked_toxicity_exposure_guard_buy_v1_mechanics_spec_20260802.json | research/families/f09_campaign_action_uplift/docs/causal_v12_ranked_toxicity_exposure_guard_sell_v1_mechanics_spec_20260802.json | tests/test_toxic_fill_selectivity_v2.py,,检查测试、文档、registry 与冻结 hash 是否随本次变更同步,高,近期修改不等于语义审计或 action 权限已经完成
765,2026-08-02T14:12:23+08:00,1.71,测试,tests/test_toxic_fill_selectivity_v2.py,3455,保留：回归/合同测试,P4,2,research/families/f09_campaign_action_uplift/docs/causal_v12_ranked_toxicity_exposure_guard_buy_v1_mechanics_spec_20260802.json | research/families/f09_campaign_action_uplift/docs/causal_v12_ranked_toxicity_exposure_guard_sell_v1_mechanics_spec_20260802.json,,确认仍保护当前实现或冻结身份；只随对应代码原子退役,高,测试零静态引用属正常，不是删除证据
766,2026-08-02T14:16:27+08:00,1.71,冻结规范/登记表,research/families/f09_campaign_action_uplift/docs/causal_v12_ranked_toxicity_exposure_guard_outcome_contract_v1_20260802.json,3919,受保护：历史/冻结证据,P3,4,research/families/f09_campaign_action_uplift/docs/causal_v12_ranked_toxicity_exposure_guard_buy_v1_mechanics_spec_20260802.json | research/families/f09_campaign_action_uplift/docs/causal_v12_ranked_toxicity_exposure_guard_outcome_contract_v2_20260802.json | research/families/f09_campaign_action_uplift/docs/causal_v12_ranked_toxicity_exposure_guard_sell_v1_mechanics_spec_20260802.json,,核对身份、hash 与 current/superseded 声明；禁止因年龄改写结论,高,冻结证据只允许索引、路径解析与解释层治理
767,2026-08-02T14:27:53+08:00,1.7,代码,research/families/f09_campaign_action_uplift/audit/causal_v12_ranked_toxicity_exposure_guard.py,15965,近期变更待观察,P4,13,research/families/f09_campaign_action_uplift/audit/causal_v12_ranked_toxicity_exposure_guard_full_path_adapter.py | research/families/f09_campaign_action_uplift/audit/causal_v12_ranked_toxicity_exposure_guard_full_path_adapter_v1_4.py | research/families/f09_campaign_action_uplift/audit/causal_v12_ranked_toxicity_exposure_guard_full_path_adapter_v2.py,,检查测试、文档、registry 与冻结 hash 是否随本次变更同步,高,近期修改不等于语义审计或 action 权限已经完成
768,2026-08-02T14:28:06+08:00,1.7,测试,tests/test_causal_v12_ranked_toxicity_exposure_guard.py,9946,保留：回归/合同测试,P4,4,research/families/f09_campaign_action_uplift/docs/causal_v12_ranked_toxicity_exposure_guard_buy_v1_mechanics_spec_20260802.json | research/families/f09_campaign_action_uplift/docs/causal_v12_ranked_toxicity_exposure_guard_full_path_adapter_v1_1_execution_amendment_20260802.json | research/families/f09_campaign_action_uplift/docs/causal_v12_ranked_toxicity_exposure_guard_full_path_adapter_v1_2_execution_amendment_20260802.json,,确认仍保护当前实现或冻结身份；只随对应代码原子退役,高,测试零静态引用属正常，不是删除证据
769,2026-08-02T14:34:21+08:00,1.7,代码,research/families/f09_campaign_action_uplift/audit/ranked_toxicity_exposure_guard_registration.py,7568,近期变更待观察,P4,2,research/families/f09_campaign_action_uplift/docs/causal_v12_ranked_toxicity_exposure_guard_buy_v1_mechanics_spec_20260802.json | research/families/f09_campaign_action_uplift/docs/causal_v12_ranked_toxicity_exposure_guard_sell_v1_mechanics_spec_20260802.json,,检查测试、文档、registry 与冻结 hash 是否随本次变更同步,高,近期修改不等于语义审计或 action 权限已经完成
770,2026-08-02T14:34:22+08:00,1.7,文档,research/families/f09_campaign_action_uplift/docs/causal_v12_ranked_toxicity_exposure_guard_v1_registration_20260802.md,3847,受保护：历史/冻结证据,P3,1,research/registry.json,2026-08-02,核对身份、hash 与 current/superseded 声明；禁止因年龄改写结论,高,冻结证据只允许索引、路径解析与解释层治理
771,2026-08-02T14:35:26+08:00,1.69,冻结规范/登记表,research/families/f09_campaign_action_uplift/docs/causal_v12_ranked_toxicity_exposure_guard_buy_v1_mechanics_spec_20260802.json,11255,受保护：历史/冻结证据,P3,9,research/families/f09_campaign_action_uplift/docs/causal_v12_ranked_toxicity_exposure_guard_carryover_safe_v2_mechanics_spec_20260803.json | research/families/f09_campaign_action_uplift/docs/causal_v12_ranked_toxicity_exposure_guard_full_path_adapter_v1_1_20260802.md | research/families/f09_campaign_action_uplift/docs/causal_v12_ranked_toxicity_exposure_guard_full_path_adapter_v1_1_execution_amendment_20260802.json,,核对身份、hash 与 current/superseded 声明；禁止因年龄改写结论,高,冻结证据只允许索引、路径解析与解释层治理
772,2026-08-02T14:35:26+08:00,1.69,冻结规范/登记表,research/families/f09_campaign_action_uplift/docs/causal_v12_ranked_toxicity_exposure_guard_sell_v1_mechanics_spec_20260802.json,11262,受保护：历史/冻结证据,P3,9,research/families/f09_campaign_action_uplift/docs/causal_v12_ranked_toxicity_exposure_guard_carryover_safe_v2_mechanics_spec_20260803.json | research/families/f09_campaign_action_uplift/docs/causal_v12_ranked_toxicity_exposure_guard_full_path_adapter_v1_1_20260802.md | research/families/f09_campaign_action_uplift/docs/causal_v12_ranked_toxicity_exposure_guard_full_path_adapter_v1_1_execution_amendment_20260802.json,,核对身份、hash 与 current/superseded 声明；禁止因年龄改写结论,高,冻结证据只允许索引、路径解析与解释层治理
773,2026-08-02T14:35:35+08:00,1.69,冻结规范/登记表,research/families/f09_campaign_action_uplift/docs/causal_v12_ranked_toxicity_exposure_guard_buy_v1_registration_audit_20260802.json,1131,受保护：历史/冻结证据,P3,1,research/families/f09_campaign_action_uplift/docs/causal_v12_ranked_toxicity_exposure_guard_v1_registration_20260802.md,,核对身份、hash 与 current/superseded 声明；禁止因年龄改写结论,高,冻结证据只允许索引、路径解析与解释层治理
774,2026-08-02T14:35:44+08:00,1.69,冻结规范/登记表,research/families/f09_campaign_action_uplift/docs/causal_v12_ranked_toxicity_exposure_guard_sell_v1_registration_audit_20260802.json,1133,受保护：历史/冻结证据,P3,1,research/families/f09_campaign_action_uplift/docs/causal_v12_ranked_toxicity_exposure_guard_v1_registration_20260802.md,,核对身份、hash 与 current/superseded 声明；禁止因年龄改写结论,高,冻结证据只允许索引、路径解析与解释层治理
775,2026-08-02T15:03:36+08:00,1.68,测试,tests/test_feature_dag.py,4266,保留：回归/合同测试,P4,5,research/families/f04_external_market_alpha/docs/cross_venue_causal_fair_price_v1_spec_20260801.json | research/families/f09_campaign_action_uplift/docs/cross_venue_fair_center_shift_randomized_replay_v1_1_spec_20260801.json | research/families/f09_campaign_action_uplift/docs/cross_venue_fair_center_shift_randomized_replay_v1_spec_20260801.json,,确认仍保护当前实现或冻结身份；只随对应代码原子退役,高,测试零静态引用属正常，不是删除证据
776,2026-08-02T15:35:57+08:00,1.65,测试,tests/test_external_adverse_quote_edge_guard_mechanics.py,8047,保留：回归/合同测试,P4,2,research/families/f04_external_market_alpha/docs/external_adverse_quote_edge_guard_exact_opener_mechanics_v2_1_execution_amendment_20260802.json | research/families/f04_external_market_alpha/docs/external_adverse_quote_edge_guard_exact_opener_mechanics_v2_spec_20260802.json,,确认仍保护当前实现或冻结身份；只随对应代码原子退役,高,测试零静态引用属正常，不是删除证据
777,2026-08-02T15:43:27+08:00,1.65,代码,execution/exact_opportunity_tape.py,3705,近期变更待观察,P4,10,execution/exact_opportunity_tape_runtime.py | research/families/f04_external_market_alpha/audit/exact_opener_opportunity_tape.py | research/families/f04_external_market_alpha/audit/exact_opener_opportunity_tape_v2_2.py,,检查测试、文档、registry 与冻结 hash 是否随本次变更同步,高,近期修改不等于语义审计或 action 权限已经完成
778,2026-08-02T15:43:27+08:00,1.65,代码,strategy/external_adverse_quote_edge_guard.py,6293,近期变更待观察,P4,5,execution/exact_opportunity_tape_runtime.py | research/families/f04_external_market_alpha/docs/external_adverse_quote_edge_guard_exact_opener_mechanics_v2_2_execution_contract_20260803.json | research/families/f04_external_market_alpha/docs/external_adverse_quote_edge_guard_exact_opener_mechanics_v2_spec_20260802.json,,检查测试、文档、registry 与冻结 hash 是否随本次变更同步,高,近期修改不等于语义审计或 action 权限已经完成
779,2026-08-02T15:48:40+08:00,1.64,冻结规范/登记表,research/families/f04_external_market_alpha/docs/external_adverse_quote_edge_guard_exact_opener_mechanics_v2_spec_20260802.json,7035,受保护：历史/冻结证据,P3,3,research/families/f04_external_market_alpha/docs/babel_external_market_research_map.md | research/families/f04_external_market_alpha/docs/external_adverse_quote_edge_guard_exact_opener_mechanics_v2_1_execution_amendment_20260802.json | research/registry.json,,核对身份、hash 与 current/superseded 声明；禁止因年龄改写结论,高,冻结证据只允许索引、路径解析与解释层治理
780,2026-08-02T15:48:40+08:00,1.64,文档,research/families/f04_external_market_alpha/docs/external_adverse_quote_edge_guard_exact_opener_mechanics_v2_registration_20260802.md,2718,受保护：历史/冻结证据,P3,2,research/families/f04_external_market_alpha/docs/external_adverse_quote_edge_guard_exact_opener_mechanics_v2_1_execution_amendment_20260802.json | research/registry.json,2026-08-02,核对身份、hash 与 current/superseded 声明；禁止因年龄改写结论,高,冻结证据只允许索引、路径解析与解释层治理
781,2026-08-02T16:10:42+08:00,1.63,文档,research/families/f09_campaign_action_uplift/docs/causal_v12_ranked_toxicity_exposure_guard_full_path_adapter_v1_1_20260802.md,3825,受保护：历史/冻结证据,P3,1,research/families/f09_campaign_action_uplift/docs/causal_v12_ranked_toxicity_exposure_guard_full_path_adapter_v1_1_execution_amendment_20260802.json,2026-08-02,核对身份、hash 与 current/superseded 声明；禁止因年龄改写结论,高,冻结证据只允许索引、路径解析与解释层治理
782,2026-08-02T16:22:55+08:00,1.62,代码,research/families/f09_campaign_action_uplift/audit/causal_v12_ranked_toxicity_exposure_guard_full_path_adapter.py,45525,近期变更待观察,P4,17,research/families/f09_campaign_action_uplift/audit/causal_v12_ranked_toxicity_exposure_guard_full_path_adapter_v1_4.py | research/families/f09_campaign_action_uplift/audit/causal_v12_ranked_toxicity_exposure_guard_full_path_adapter_v2.py | research/families/f09_campaign_action_uplift/audit/ranked_toxicity_guard_authoritative_replay.py,,检查测试、文档、registry 与冻结 hash 是否随本次变更同步,高,近期修改不等于语义审计或 action 权限已经完成
783,2026-08-02T16:24:26+08:00,1.62,测试,tests/test_causal_v12_ranked_toxicity_exposure_guard_full_path_adapter.py,18565,保留：回归/合同测试,P4,2,research/families/f09_campaign_action_uplift/docs/causal_v12_ranked_toxicity_exposure_guard_full_path_adapter_v1_1_execution_amendment_20260802.json | research/families/f09_campaign_action_uplift/docs/causal_v12_ranked_toxicity_exposure_guard_full_path_adapter_v1_2_execution_amendment_20260802.json,,确认仍保护当前实现或冻结身份；只随对应代码原子退役,高,测试零静态引用属正常，不是删除证据
784,2026-08-02T16:28:39+08:00,1.62,代码,research/families/f09_campaign_action_uplift/audit/ranked_toxicity_guard_full_path_adapter_contract.py,8200,近期变更待观察,P4,2,research/families/f09_campaign_action_uplift/docs/causal_v12_ranked_toxicity_exposure_guard_full_path_adapter_v1_1_execution_amendment_20260802.json | tests/test_ranked_toxicity_guard_full_path_adapter_contract.py,,检查测试、文档、registry 与冻结 hash 是否随本次变更同步,高,近期修改不等于语义审计或 action 权限已经完成
785,2026-08-02T16:29:21+08:00,1.62,冻结规范/登记表,research/families/f09_campaign_action_uplift/docs/causal_v12_ranked_toxicity_exposure_guard_full_path_adapter_v1_1_execution_amendment_20260802.json,9877,受保护：历史/冻结证据,P3,3,research/families/f09_campaign_action_uplift/docs/causal_v12_ranked_toxicity_exposure_guard_full_path_adapter_v1_1_20260802.md | research/families/f09_campaign_action_uplift/docs/causal_v12_ranked_toxicity_exposure_guard_full_path_adapter_v1_2_execution_amendment_20260802.json | research/registry.json,,核对身份、hash 与 current/superseded 声明；禁止因年龄改写结论,高,冻结证据只允许索引、路径解析与解释层治理
786,2026-08-02T16:29:38+08:00,1.62,冻结规范/登记表,research/families/f09_campaign_action_uplift/docs/causal_v12_ranked_toxicity_exposure_guard_full_path_adapter_v1_1_audit_20260802.json,2890,受保护：历史/冻结证据,P3,0,,,核对身份、hash 与 current/superseded 声明；禁止因年龄改写结论,高,冻结证据只允许索引、路径解析与解释层治理
787,2026-08-02T16:49:06+08:00,1.6,测试,tests/test_order_lifecycle_journal.py,4428,保留：回归/合同测试,P4,2,research/families/f09_campaign_action_uplift/docs/causal_v12_ranked_toxicity_exposure_guard_full_path_adapter_v1_2_execution_amendment_20260802.json | research/families/f10_live_replay_attribution/docs/buy_q90_dual_clock_terminal_routing_contract_v2_implementation_20260802.json,,确认仍保护当前实现或冻结身份；只随对应代码原子退役,高,测试零静态引用属正常，不是删除证据
788,2026-08-02T16:49:06+08:00,1.6,代码,execution/order_lifecycle_journal.py,5331,近期变更待观察,P4,14,models/backtest_tick.py | research/families/f04_external_market_alpha/docs/external_adverse_quote_edge_guard_exact_opener_mechanics_v2_2_execution_contract_20260803.json | research/families/f09_campaign_action_uplift/audit/ranked_toxicity_guard_full_path_adapter_contract_v1_2.py,,检查测试、文档、registry 与冻结 hash 是否随本次变更同步,高,近期修改不等于语义审计或 action 权限已经完成
789,2026-08-02T16:50:55+08:00,1.6,测试,tests/test_replay_path_dependent_controls.py,29193,保留：回归/合同测试,P4,12,research/families/f09_campaign_action_uplift/docs/causal_v12_ranked_toxicity_exposure_guard_full_path_adapter_v1_4_execution_amendment_20260802.json | research/families/f09_campaign_action_uplift/docs/multi_short_reducing_buy_aggression_v1_1_spec_20260801.json | research/families/f09_campaign_action_uplift/docs/multi_short_reducing_buy_aggression_v1_spec_20260801.json,,确认仍保护当前实现或冻结身份；只随对应代码原子退役,高,测试零静态引用属正常，不是删除证据
790,2026-08-02T17:05:24+08:00,1.59,代码,research/families/f09_campaign_action_uplift/audit/ranked_toxicity_guard_full_path_adapter_contract_v1_2.py,10966,近期变更待观察,P4,3,research/families/f09_campaign_action_uplift/docs/causal_v12_ranked_toxicity_exposure_guard_full_path_adapter_v1_2_execution_amendment_20260802.json | research/families/f10_live_replay_attribution/docs/buy_q90_dual_clock_terminal_routing_contract_v2_implementation_20260802.json | tests/test_ranked_toxicity_guard_full_path_adapter_contract.py,,检查测试、文档、registry 与冻结 hash 是否随本次变更同步,高,近期修改不等于语义审计或 action 权限已经完成
791,2026-08-02T17:05:24+08:00,1.59,文档,research/families/f09_campaign_action_uplift/docs/causal_v12_ranked_toxicity_exposure_guard_full_path_adapter_v1_2_20260802.md,2125,受保护：历史/冻结证据,P3,1,research/families/f09_campaign_action_uplift/docs/causal_v12_ranked_toxicity_exposure_guard_full_path_adapter_v1_2_execution_amendment_20260802.json,2026-08-02,核对身份、hash 与 current/superseded 声明；禁止因年龄改写结论,高,冻结证据只允许索引、路径解析与解释层治理
792,2026-08-02T17:11:10+08:00,1.59,文档,research/families/f10_live_replay_attribution/docs/buy_q90_dual_clock_terminal_routing_contract_v2_implementation_20260802.md,5652,受保护：历史/冻结证据,P3,0,,2026-08-02,核对身份、hash 与 current/superseded 声明；禁止因年龄改写结论,高,冻结证据只允许索引、路径解析与解释层治理
793,2026-08-02T17:11:27+08:00,1.59,冻结规范/登记表,research/families/f09_campaign_action_uplift/docs/causal_v12_ranked_toxicity_exposure_guard_full_path_adapter_v1_2_execution_amendment_20260802.json,10462,受保护：历史/冻结证据,P3,4,research/families/f09_campaign_action_uplift/docs/causal_v12_ranked_toxicity_exposure_guard_full_path_adapter_v1_2_20260802.md | research/families/f09_campaign_action_uplift/docs/causal_v12_ranked_toxicity_exposure_guard_full_path_adapter_v1_3_execution_amendment_20260802.json | research/families/f09_campaign_action_uplift/docs/causal_v12_ranked_toxicity_exposure_guard_registration_linkage_v2_amendment_20260802.json,,核对身份、hash 与 current/superseded 声明；禁止因年龄改写结论,高,冻结证据只允许索引、路径解析与解释层治理
794,2026-08-02T17:11:37+08:00,1.59,冻结规范/登记表,research/families/f09_campaign_action_uplift/docs/causal_v12_ranked_toxicity_exposure_guard_full_path_adapter_v1_2_audit_20260802.json,3090,受保护：历史/冻结证据,P3,0,,,核对身份、hash 与 current/superseded 声明；禁止因年龄改写结论,高,冻结证据只允许索引、路径解析与解释层治理
795,2026-08-02T17:15:35+08:00,1.58,冻结规范/登记表,research/families/f10_live_replay_attribution/docs/buy_q90_dual_clock_terminal_routing_contract_v2_implementation_20260802.json,9700,受保护：历史/冻结证据,P3,4,research/families/f10_live_replay_attribution/docs/buy_q90_dual_clock_terminal_routing_contract_v2_implementation_20260802.md | research/families/f10_live_replay_attribution/docs/buy_q90_runtime_authority_contract_v3_implementation_20260802.json | research/registry.json,,核对身份、hash 与 current/superseded 声明；禁止因年龄改写结论,高,冻结证据只允许索引、路径解析与解释层治理
796,2026-08-02T17:27:32+08:00,1.58,代码,live/runtime_policy.py,3224,当前权威：需与 v9 baseline/registry 同步,P0,6,docs/repository_lru_audit_20260727.md | live/config.py | live/main.py,,核对 runtime、config、artifact、Feature DAG、权限与文档 hash；禁止按年龄删除,高,当前运营或研究治理入口；working-tree 变化必须以新身份绑定
797,2026-08-02T17:29:01+08:00,1.57,代码,research/families/f09_campaign_action_uplift/audit/ranked_toxicity_exposure_guard_registration_linkage_v2.py,7553,近期变更待观察,P4,3,research/families/f09_campaign_action_uplift/docs/causal_v12_ranked_toxicity_exposure_guard_registration_linkage_v2_amendment_20260802.json | research/families/f09_campaign_action_uplift/docs/causal_v12_ranked_toxicity_exposure_guard_registration_linkage_v3_amendment_20260803.json | tests/test_ranked_toxicity_registration_linkage_v2.py,,检查测试、文档、registry 与冻结 hash 是否随本次变更同步,高,近期修改不等于语义审计或 action 权限已经完成
798,2026-08-02T17:30:02+08:00,1.57,冻结规范/登记表,research/families/f09_campaign_action_uplift/docs/causal_v12_ranked_toxicity_exposure_guard_registration_linkage_v2_amendment_20260802.json,3785,受保护：历史/冻结证据,P3,2,research/families/f09_campaign_action_uplift/docs/causal_v12_ranked_toxicity_exposure_guard_registration_linkage_v3_amendment_20260803.json | research/registry.json,,核对身份、hash 与 current/superseded 声明；禁止因年龄改写结论,高,冻结证据只允许索引、路径解析与解释层治理
799,2026-08-02T17:30:25+08:00,1.57,冻结规范/登记表,research/families/f09_campaign_action_uplift/docs/causal_v12_ranked_toxicity_exposure_guard_registration_linkage_v2_audit_20260802.json,1586,受保护：历史/冻结证据,P3,0,,,核对身份、hash 与 current/superseded 声明；禁止因年龄改写结论,高,冻结证据只允许索引、路径解析与解释层治理
800,2026-08-02T17:32:42+08:00,1.57,工程配置,live/run.sh,9449,近期变更待观察,P4,18,.github/skills/mm-as-glft-ml-spread/SKILL.md | Makefile | README.md,,检查测试、文档、registry 与冻结 hash 是否随本次变更同步,高,近期修改不等于语义审计或 action 权限已经完成
801,2026-08-02T17:32:42+08:00,1.57,测试,tests/test_live_runtime_policy.py,3916,保留：回归/合同测试,P4,1,research/families/f10_live_replay_attribution/docs/buy_q90_runtime_authority_contract_v3_implementation_20260802.json,,确认仍保护当前实现或冻结身份；只随对应代码原子退役,高,测试零静态引用属正常，不是删除证据
802,2026-08-02T17:40:52+08:00,1.57,冻结规范/登记表,research/families/f10_live_replay_attribution/docs/buy_q90_runtime_authority_contract_v3_implementation_20260802.json,3880,受保护：历史/冻结证据,P3,3,research/families/f10_live_replay_attribution/docs/buy_q90_fresh_prospective_placement_recovery_v4_implementation_20260802.json | research/families/f10_live_replay_attribution/docs/buy_q90_runtime_authority_contract_v3_implementation_20260802.md | tests/test_buy_q90_runtime_authority_contract_v3.py,,核对身份、hash 与 current/superseded 声明；禁止因年龄改写结论,高,冻结证据只允许索引、路径解析与解释层治理
803,2026-08-02T17:41:47+08:00,1.57,文档,research/families/f10_live_replay_attribution/docs/buy_q90_runtime_authority_contract_v3_implementation_20260802.md,2094,受保护：历史/冻结证据,P3,0,,2026-08-02,核对身份、hash 与 current/superseded 声明；禁止因年龄改写结论,高,冻结证据只允许索引、路径解析与解释层治理
804,2026-08-02T17:57:10+08:00,1.55,代码,models/audit/experiment_scorecard_v2.py,18582,近期变更待观察,P4,4,docs/experiment_scorecard_v2_continuous_path_profiles_20260802.json | research/families/f09_campaign_action_uplift/audit/ranked_toxicity_guard_full_path_adapter_contract_v1_3.py | research/families/f09_campaign_action_uplift/docs/causal_v12_ranked_toxicity_exposure_guard_full_path_adapter_v1_3_execution_amendment_20260802.json,,检查测试、文档、registry 与冻结 hash 是否随本次变更同步,高,近期修改不等于语义审计或 action 权限已经完成
805,2026-08-02T17:57:10+08:00,1.55,测试,tests/test_experiment_scorecard_v2.py,8881,保留：回归/合同测试,P4,2,docs/experiment_scorecard_v2_continuous_path_profiles_20260802.json | research/families/f09_campaign_action_uplift/docs/causal_v12_ranked_toxicity_exposure_guard_full_path_adapter_v1_3_execution_amendment_20260802.json,,确认仍保护当前实现或冻结身份；只随对应代码原子退役,高,测试零静态引用属正常，不是删除证据
806,2026-08-02T17:58:31+08:00,1.55,代码,docs/experiment_scorecard_v2_continuous_path_profiles_20260802.json,5098,近期变更待观察,P4,5,docs/experiment_scorecard_v2_continuous_path_profiles_20260802.md | research/families/f09_campaign_action_uplift/docs/causal_v12_ranked_toxicity_exposure_guard_full_path_adapter_v1_3_execution_amendment_20260802.json | research/families/f09_campaign_action_uplift/docs/causal_v12_ranked_toxicity_exposure_guard_full_path_adapter_v1_4_execution_amendment_20260802.json,,检查测试、文档、registry 与冻结 hash 是否随本次变更同步,高,近期修改不等于语义审计或 action 权限已经完成
807,2026-08-02T17:59:44+08:00,1.55,冻结规范/登记表,research/families/f09_campaign_action_uplift/docs/causal_v12_ranked_toxicity_exposure_guard_outcome_contract_v2_20260802.json,5981,受保护：历史/冻结证据,P3,4,research/families/f09_campaign_action_uplift/docs/causal_v12_ranked_toxicity_exposure_guard_full_path_adapter_v1_3_20260802.md | research/families/f09_campaign_action_uplift/docs/causal_v12_ranked_toxicity_exposure_guard_full_path_adapter_v1_3_execution_amendment_20260802.json | research/families/f09_campaign_action_uplift/docs/causal_v12_ranked_toxicity_exposure_guard_full_path_adapter_v1_4_execution_amendment_20260802.json,,核对身份、hash 与 current/superseded 声明；禁止因年龄改写结论,高,冻结证据只允许索引、路径解析与解释层治理
808,2026-08-02T18:01:17+08:00,1.55,代码,research/families/f09_campaign_action_uplift/audit/ranked_toxicity_guard_full_path_adapter_contract_v1_3.py,11389,近期变更待观察,P4,2,research/families/f09_campaign_action_uplift/docs/causal_v12_ranked_toxicity_exposure_guard_full_path_adapter_v1_3_execution_amendment_20260802.json | tests/test_ranked_toxicity_guard_full_path_adapter_contract_v1_3.py,,检查测试、文档、registry 与冻结 hash 是否随本次变更同步,高,近期修改不等于语义审计或 action 权限已经完成
809,2026-08-02T18:01:55+08:00,1.55,测试,tests/test_ranked_toxicity_guard_full_path_adapter_contract_v1_3.py,2992,保留：回归/合同测试,P4,1,research/families/f09_campaign_action_uplift/docs/causal_v12_ranked_toxicity_exposure_guard_full_path_adapter_v1_3_execution_amendment_20260802.json,,确认仍保护当前实现或冻结身份；只随对应代码原子退役,高,测试零静态引用属正常，不是删除证据
810,2026-08-02T18:05:48+08:00,1.55,冻结规范/登记表,research/families/f09_campaign_action_uplift/docs/causal_v12_ranked_toxicity_exposure_guard_full_path_adapter_v1_3_execution_amendment_20260802.json,8072,受保护：历史/冻结证据,P3,3,research/families/f09_campaign_action_uplift/docs/causal_v12_ranked_toxicity_exposure_guard_full_path_adapter_v1_3_20260802.md | research/families/f09_campaign_action_uplift/docs/causal_v12_ranked_toxicity_exposure_guard_full_path_adapter_v1_4_execution_amendment_20260802.json | research/registry.json,,核对身份、hash 与 current/superseded 声明；禁止因年龄改写结论,高,冻结证据只允许索引、路径解析与解释层治理
811,2026-08-02T18:06:10+08:00,1.55,冻结规范/登记表,research/families/f09_campaign_action_uplift/docs/causal_v12_ranked_toxicity_exposure_guard_full_path_adapter_v1_3_audit_20260802.json,1168,受保护：历史/冻结证据,P3,1,research/families/f09_campaign_action_uplift/docs/causal_v12_ranked_toxicity_exposure_guard_full_path_adapter_v1_3_20260802.md,,核对身份、hash 与 current/superseded 声明；禁止因年龄改写结论,高,冻结证据只允许索引、路径解析与解释层治理
812,2026-08-02T18:07:42+08:00,1.55,文档,docs/experiment_scorecard_v2_continuous_path_profiles_20260802.md,1865,近期变更待观察,P4,2,docs/research/README.md | project.md,2026-08-02,检查测试、文档、registry 与冻结 hash 是否随本次变更同步,高,近期修改不等于语义审计或 action 权限已经完成
813,2026-08-02T18:07:42+08:00,1.55,文档,research/families/f09_campaign_action_uplift/docs/causal_v12_ranked_toxicity_exposure_guard_full_path_adapter_v1_3_20260802.md,1373,受保护：历史/冻结证据,P3,1,research/families/f09_campaign_action_uplift/docs/causal_v12_ranked_toxicity_exposure_guard_full_path_adapter_v1_4_20260802.md,2026-08-02,核对身份、hash 与 current/superseded 声明；禁止因年龄改写结论,高,冻结证据只允许索引、路径解析与解释层治理
814,2026-08-02T18:09:19+08:00,1.55,文档,docs/research/README.md,8077,近期变更待观察,P4,0,,2026-07-28,检查测试、文档、registry 与冻结 hash 是否随本次变更同步,中,近期修改不等于语义审计或 action 权限已经完成
815,2026-08-02T18:15:04+08:00,1.54,测试,tests/test_exact_opportunity_tape.py,12559,保留：回归/合同测试,P4,2,research/families/f04_external_market_alpha/docs/external_adverse_quote_edge_guard_exact_opener_mechanics_v2_1_execution_amendment_20260802.json | research/families/f04_external_market_alpha/docs/external_adverse_quote_edge_guard_exact_opener_mechanics_v2_spec_20260802.json,,确认仍保护当前实现或冻结身份；只随对应代码原子退役,高,测试零静态引用属正常，不是删除证据
816,2026-08-02T18:16:04+08:00,1.54,代码,research/families/f04_external_market_alpha/audit/exact_opener_opportunity_tape.py,18926,近期变更待观察,P4,5,research/families/f04_external_market_alpha/audit/exact_opener_opportunity_tape_contract_v2_1.py | research/families/f04_external_market_alpha/docs/external_adverse_quote_edge_guard_exact_opener_mechanics_v2_1_execution_amendment_20260802.json | research/families/f04_external_market_alpha/docs/external_adverse_quote_edge_guard_exact_opener_mechanics_v2_2_execution_contract_20260803.json,,检查测试、文档、registry 与冻结 hash 是否随本次变更同步,高,近期修改不等于语义审计或 action 权限已经完成
817,2026-08-02T18:17:06+08:00,1.54,代码,research/families/f04_external_market_alpha/audit/exact_opener_opportunity_tape_contract_v2_1.py,6618,近期变更待观察,P4,2,research/families/f04_external_market_alpha/docs/external_adverse_quote_edge_guard_exact_opener_mechanics_v2_1_execution_amendment_20260802.json | tests/test_exact_opener_opportunity_tape_contract_v2_1.py,,检查测试、文档、registry 与冻结 hash 是否随本次变更同步,高,近期修改不等于语义审计或 action 权限已经完成
818,2026-08-02T18:17:54+08:00,1.54,测试,tests/test_exact_opener_opportunity_tape_contract_v2_1.py,3152,保留：回归/合同测试,P4,1,research/families/f04_external_market_alpha/docs/external_adverse_quote_edge_guard_exact_opener_mechanics_v2_1_execution_amendment_20260802.json,,确认仍保护当前实现或冻结身份；只随对应代码原子退役,高,测试零静态引用属正常，不是删除证据
819,2026-08-02T18:22:56+08:00,1.54,冻结规范/登记表,research/families/f04_external_market_alpha/docs/external_adverse_quote_edge_guard_exact_opener_mechanics_v2_1_execution_amendment_20260802.json,7482,受保护：历史/冻结证据,P3,2,research/families/f04_external_market_alpha/docs/external_adverse_quote_edge_guard_exact_opener_mechanics_v2_1_collection_preflight_failure_20260802.json | research/families/f04_external_market_alpha/docs/external_adverse_quote_edge_guard_exact_opener_mechanics_v2_2_execution_contract_20260803.json,,核对身份、hash 与 current/superseded 声明；禁止因年龄改写结论,高,冻结证据只允许索引、路径解析与解释层治理
820,2026-08-02T18:23:10+08:00,1.54,冻结规范/登记表,research/families/f04_external_market_alpha/docs/external_adverse_quote_edge_guard_exact_opener_mechanics_v2_1_audit_20260802.json,990,受保护：历史/冻结证据,P3,0,,,核对身份、hash 与 current/superseded 声明；禁止因年龄改写结论,高,冻结证据只允许索引、路径解析与解释层治理
821,2026-08-02T18:24:18+08:00,1.54,文档,research/families/f04_external_market_alpha/docs/external_adverse_quote_edge_guard_exact_opener_mechanics_v2_1_20260802.md,2577,受保护：历史/冻结证据,P3,1,research/families/f04_external_market_alpha/docs/babel_external_market_research_map.md,2026-08-02,核对身份、hash 与 current/superseded 声明；禁止因年龄改写结论,高,冻结证据只允许索引、路径解析与解释层治理
822,2026-08-02T19:10:04+08:00,1.5,测试,tests/test_chunked_parquet_journal.py,1761,保留：回归/合同测试,P4,1,research/families/f09_campaign_action_uplift/docs/causal_v12_ranked_toxicity_exposure_guard_full_path_adapter_v1_4_execution_amendment_20260802.json,,确认仍保护当前实现或冻结身份；只随对应代码原子退役,高,测试零静态引用属正常，不是删除证据
823,2026-08-02T19:21:56+08:00,1.5,代码,execution/chunked_parquet_journal.py,9021,近期变更待观察,P4,16,research/families/f09_campaign_action_uplift/audit/causal_v12_ranked_toxicity_exposure_guard_full_path_adapter_v1_4.py | research/families/f09_campaign_action_uplift/audit/causal_v12_ranked_toxicity_exposure_guard_full_path_adapter_v2.py | research/families/f09_campaign_action_uplift/audit/ranked_toxicity_guard_authoritative_replay.py,,检查测试、文档、registry 与冻结 hash 是否随本次变更同步,高,近期修改不等于语义审计或 action 权限已经完成
824,2026-08-02T19:48:53+08:00,1.48,代码,research/families/f09_campaign_action_uplift/audit/causal_v12_ranked_toxicity_exposure_guard_full_path_adapter_v1_4.py,28857,近期变更待观察,P4,7,research/families/f09_campaign_action_uplift/audit/causal_v12_ranked_toxicity_exposure_guard_full_path_adapter_v2.py | research/families/f09_campaign_action_uplift/audit/ranked_toxicity_guard_authoritative_replay.py | research/families/f09_campaign_action_uplift/audit/ranked_toxicity_guard_full_path_adapter_contract_v1_4.py,,检查测试、文档、registry 与冻结 hash 是否随本次变更同步,高,近期修改不等于语义审计或 action 权限已经完成
825,2026-08-02T19:49:03+08:00,1.48,代码,research/families/f09_campaign_action_uplift/audit/ranked_toxicity_guard_authoritative_replay.py,26137,近期变更待观察,P4,5,research/families/f09_campaign_action_uplift/audit/ranked_toxicity_guard_authoritative_replay_v1_5.py | research/families/f09_campaign_action_uplift/audit/ranked_toxicity_guard_authoritative_replay_v2.py | research/families/f09_campaign_action_uplift/audit/ranked_toxicity_guard_full_path_adapter_contract_v1_4.py,,检查测试、文档、registry 与冻结 hash 是否随本次变更同步,高,近期修改不等于语义审计或 action 权限已经完成
826,2026-08-02T19:49:28+08:00,1.48,测试,tests/test_causal_v12_ranked_toxicity_exposure_guard_full_path_adapter_v1_4.py,8715,保留：回归/合同测试,P4,1,research/families/f09_campaign_action_uplift/docs/causal_v12_ranked_toxicity_exposure_guard_full_path_adapter_v1_4_execution_amendment_20260802.json,,确认仍保护当前实现或冻结身份；只随对应代码原子退役,高,测试零静态引用属正常，不是删除证据
827,2026-08-02T19:50:33+08:00,1.48,测试,tests/test_ranked_toxicity_guard_authoritative_replay.py,17179,保留：回归/合同测试,P4,1,research/families/f09_campaign_action_uplift/docs/causal_v12_ranked_toxicity_exposure_guard_full_path_adapter_v1_4_execution_amendment_20260802.json,,确认仍保护当前实现或冻结身份；只随对应代码原子退役,高,测试零静态引用属正常，不是删除证据
828,2026-08-02T19:53:20+08:00,1.47,文档,research/families/f09_campaign_action_uplift/docs/causal_v12_ranked_toxicity_exposure_guard_full_path_adapter_v1_4_20260802.md,3166,受保护：历史/冻结证据,P3,0,,2026-08-02,核对身份、hash 与 current/superseded 声明；禁止因年龄改写结论,高,冻结证据只允许索引、路径解析与解释层治理
829,2026-08-02T19:54:18+08:00,1.47,代码,research/families/f09_campaign_action_uplift/audit/ranked_toxicity_guard_full_path_adapter_contract_v1_4.py,10773,近期变更待观察,P4,2,research/families/f09_campaign_action_uplift/docs/causal_v12_ranked_toxicity_exposure_guard_full_path_adapter_v1_4_execution_amendment_20260802.json | tests/test_ranked_toxicity_guard_full_path_adapter_contract_v1_4.py,,检查测试、文档、registry 与冻结 hash 是否随本次变更同步,高,近期修改不等于语义审计或 action 权限已经完成
830,2026-08-02T19:55:05+08:00,1.47,冻结规范/登记表,research/families/f09_campaign_action_uplift/docs/causal_v12_ranked_toxicity_exposure_guard_full_path_adapter_v1_4_execution_amendment_20260802.json,12259,受保护：历史/冻结证据,P3,3,research/families/f09_campaign_action_uplift/docs/causal_v12_ranked_toxicity_exposure_guard_full_path_adapter_v1_4_20260802.md | research/families/f09_campaign_action_uplift/docs/causal_v12_ranked_toxicity_exposure_guard_full_path_mechanics_v1_5_implementation_failure_20260802.json | research/registry.json,,核对身份、hash 与 current/superseded 声明；禁止因年龄改写结论,高,冻结证据只允许索引、路径解析与解释层治理
831,2026-08-02T19:55:13+08:00,1.47,冻结规范/登记表,research/families/f09_campaign_action_uplift/docs/causal_v12_ranked_toxicity_exposure_guard_full_path_adapter_v1_4_audit_20260802.json,1172,受保护：历史/冻结证据,P3,2,research/families/f09_campaign_action_uplift/docs/causal_v12_ranked_toxicity_exposure_guard_full_path_adapter_v1_4_20260802.md | research/registry.json,,核对身份、hash 与 current/superseded 声明；禁止因年龄改写结论,高,冻结证据只允许索引、路径解析与解释层治理
832,2026-08-02T20:07:47+08:00,1.46,代码,research/governance/paths.py,7649,近期变更待观察,P4,15,docs/repository_lru_audit_20260727.md | research/families/f05_fill_quality_quote_ev/audit/decision_visible_negative_fill_value_evidence.py | research/families/f06_placement_fill_cif/audit/evaluate_empirical_pending_nuisance.py,,检查测试、文档、registry 与冻结 hash 是否随本次变更同步,高,近期修改不等于语义审计或 action 权限已经完成
833,2026-08-02T20:08:05+08:00,1.46,代码,research/families/f05_fill_quality_quote_ev/audit/decision_visible_negative_fill_value_evidence.py,38154,近期变更待观察,P4,0,,,检查测试、文档、registry 与冻结 hash 是否随本次变更同步,中,近期修改不等于语义审计或 action 权限已经完成
834,2026-08-02T20:08:21+08:00,1.46,代码,research/families/f10_live_replay_attribution/audit/first_add_decision_to_terminal_runner.py,21950,近期变更待观察,P4,2,research/families/f10_live_replay_attribution/docs/first_add_decision_to_terminal_native_producer_v1_spec_20260729.json | research/families/f10_live_replay_attribution/docs/first_add_decision_to_terminal_native_reproduction_v1_spec_20260730.json,,检查测试、文档、registry 与冻结 hash 是否随本次变更同步,高,近期修改不等于语义审计或 action 权限已经完成
835,2026-08-02T20:08:34+08:00,1.46,代码,research/families/f10_live_replay_attribution/audit/first_opener_decision_to_terminal_runner.py,40454,近期变更待观察,P4,5,research/families/f05_fill_quality_quote_ev/audit/sell_first_fill_conditional_value_artifact.py | research/families/f05_fill_quality_quote_ev/docs/sell_first_fill_conditional_value_feasibility_v3_fit_20260730.json | research/families/f10_live_replay_attribution/docs/first_opener_decision_to_terminal_native_producer_v1_spec_20260730.json,,检查测试、文档、registry 与冻结 hash 是否随本次变更同步,高,近期修改不等于语义审计或 action 权限已经完成
836,2026-08-02T20:08:58+08:00,1.46,代码,research/families/f09_campaign_action_uplift/audit/cooldown_release_one_cycle_mechanics_reaudit.py,41494,近期变更待观察,P4,1,research/families/f09_campaign_action_uplift/docs/cooldown_release_one_cycle_mechanics_reaudit_v1_spec_20260730.json,,检查测试、文档、registry 与冻结 hash 是否随本次变更同步,高,近期修改不等于语义审计或 action 权限已经完成
837,2026-08-02T20:09:08+08:00,1.46,测试,tests/test_first_add_decision_to_terminal_runner.py,2701,保留：回归/合同测试,P4,2,research/families/f10_live_replay_attribution/docs/first_add_decision_to_terminal_native_producer_v1_spec_20260729.json | research/families/f10_live_replay_attribution/docs/first_add_decision_to_terminal_native_reproduction_v1_spec_20260730.json,,确认仍保护当前实现或冻结身份；只随对应代码原子退役,高,测试零静态引用属正常，不是删除证据
838,2026-08-02T20:09:32+08:00,1.46,测试,tests/test_first_opener_decision_to_terminal_contract.py,8525,保留：回归/合同测试,P4,7,research/families/f05_fill_quality_quote_ev/audit/sell_first_fill_conditional_value_artifact.py | research/families/f05_fill_quality_quote_ev/docs/sell_first_fill_conditional_value_feasibility_v3_fit_20260730.json | research/families/f10_live_replay_attribution/audit/first_opener_decision_to_terminal_contract.py,,确认仍保护当前实现或冻结身份；只随对应代码原子退役,高,测试零静态引用属正常，不是删除证据
839,2026-08-02T20:09:44+08:00,1.46,测试,tests/test_cooldown_release_one_cycle_mechanics_reaudit.py,5477,保留：回归/合同测试,P4,1,research/families/f09_campaign_action_uplift/docs/cooldown_release_one_cycle_mechanics_reaudit_v1_spec_20260730.json,,确认仍保护当前实现或冻结身份；只随对应代码原子退役,高,测试零静态引用属正常，不是删除证据
840,2026-08-02T20:10:48+08:00,1.46,代码,data_paths.py,4705,当前权威：需与 v9 baseline/registry 同步,P0,16,Dockerfile | README.md | README.zh-CN.md,,核对 runtime、config、artifact、Feature DAG、权限与文档 hash；禁止按年龄删除,高,当前运营或研究治理入口；working-tree 变化必须以新身份绑定
841,2026-08-02T20:12:47+08:00,1.46,测试,tests/test_data_paths.py,4207,保留：回归/合同测试,P4,3,research/families/f09_campaign_action_uplift/docs/multi_short_reducing_buy_aggression_v1_1_spec_20260801.json | research/families/f09_campaign_action_uplift/docs/multi_short_reducing_buy_aggression_v1_spec_20260801.json | research/families/f09_campaign_action_uplift/docs/sell_add_inventory_price_penalty_randomized_replay_v1_spec_20260801.json,,确认仍保护当前实现或冻结身份；只随对应代码原子退役,高,测试零静态引用属正常，不是删除证据
842,2026-08-02T20:14:16+08:00,1.46,测试,tests/test_first_opener_decision_to_terminal_runner.py,5996,保留：回归/合同测试,P4,6,research/families/f05_fill_quality_quote_ev/audit/sell_first_fill_conditional_value_artifact.py | research/families/f05_fill_quality_quote_ev/docs/sell_first_fill_conditional_value_feasibility_v3_fit_20260730.json | research/families/f10_live_replay_attribution/audit/first_opener_decision_to_terminal_runner.py,,确认仍保护当前实现或冻结身份；只随对应代码原子退役,高,测试零静态引用属正常，不是删除证据
843,2026-08-02T20:20:43+08:00,1.45,测试,tests/test_research_family_layout.py,6157,保留：回归/合同测试,P4,0,,,确认仍保护当前实现或冻结身份；只随对应代码原子退役,中,测试零静态引用属正常，不是删除证据
844,2026-08-02T21:14:26+08:00,1.42,代码,cpp/narrowgate_cpp/dynamic_fill_hazard.hpp,15594,近期变更待观察,P4,21,cpp/narrowgate_cpp/bindings.cpp | cpp/narrowgate_cpp/dynamic_fill_hazard.cpp | research/families/f09_campaign_action_uplift/docs/post_cooldown_incremental_inventory_budget_feasibility_v1_1_spec_20260731.json,,检查测试、文档、registry 与冻结 hash 是否随本次变更同步,高,近期修改不等于语义审计或 action 权限已经完成
845,2026-08-02T21:15:42+08:00,1.42,代码,cpp/narrowgate_cpp/dynamic_fill_hazard.cpp,45294,近期变更待观察,P4,19,research/families/f09_campaign_action_uplift/docs/post_cooldown_incremental_inventory_budget_feasibility_v1_1_spec_20260731.json | research/families/f09_campaign_action_uplift/docs/post_cooldown_incremental_inventory_budget_feasibility_v1_2_spec_20260801.json | research/families/f09_campaign_action_uplift/docs/volatility_time_add_rearm_cpp_q90_parity_v1_spec_20260729.json,,检查测试、文档、registry 与冻结 hash 是否随本次变更同步,高,近期修改不等于语义审计或 action 权限已经完成
846,2026-08-02T21:19:04+08:00,1.41,代码,execution/order_lifecycle.py,23161,近期变更待观察,P4,25,execution/order_lifecycle_journal.py | models/backtest_tick.py | research/families/f04_external_market_alpha/docs/external_adverse_quote_edge_guard_exact_opener_mechanics_v2_2_execution_contract_20260803.json,,检查测试、文档、registry 与冻结 hash 是否随本次变更同步,高,近期修改不等于语义审计或 action 权限已经完成
847,2026-08-02T21:21:55+08:00,1.41,测试,tests/test_execution_order_lifecycle.py,10685,保留：回归/合同测试,P4,6,research/families/f09_campaign_action_uplift/docs/causal_v12_ranked_toxicity_exposure_guard_full_path_adapter_v1_1_execution_amendment_20260802.json | research/families/f09_campaign_action_uplift/docs/causal_v12_ranked_toxicity_exposure_guard_full_path_adapter_v1_2_execution_amendment_20260802.json | research/families/f10_live_replay_attribution/docs/buy_q90_dual_clock_terminal_routing_contract_v2_implementation_20260802.json,,确认仍保护当前实现或冻结身份；只随对应代码原子退役,高,测试零静态引用属正常，不是删除证据
848,2026-08-02T21:26:41+08:00,1.41,代码,strategy/dynamic_fill_hazard_model.py,52968,近期变更待观察,P4,36,models/backtest_tick.py | research/families/f09_campaign_action_uplift/audit/volatility_time_add_rearm_live_stack_parity.py | research/families/f09_campaign_action_uplift/docs/post_cooldown_incremental_inventory_budget_feasibility_v1_1_spec_20260731.json,,检查测试、文档、registry 与冻结 hash 是否随本次变更同步,高,近期修改不等于语义审计或 action 权限已经完成
849,2026-08-02T21:30:15+08:00,1.41,测试,tests/test_dynamic_fill_hazard_live_action.py,13462,保留：回归/合同测试,P4,3,research/families/f10_live_replay_attribution/docs/buy_q90_dual_clock_terminal_routing_contract_v2_implementation_20260802.json | research/families/f10_live_replay_attribution/docs/buy_q90_fresh_prospective_placement_recovery_v4_implementation_20260802.json | tests/test_buy_q90_dual_clock_terminal_routing_contract_v2.py,,确认仍保护当前实现或冻结身份；只随对应代码原子退役,高,测试零静态引用属正常，不是删除证据
850,2026-08-02T21:34:21+08:00,1.4,冻结规范/登记表,research/families/f10_live_replay_attribution/docs/buy_q90_fresh_prospective_placement_recovery_v4_implementation_20260802.json,4817,受保护：历史/冻结证据,P3,9,research/families/f10_live_replay_attribution/docs/buy_q90_abi_v4_40day_lockstep_v1_1_spec_20260803.json | research/families/f10_live_replay_attribution/docs/buy_q90_abi_v4_40day_lockstep_v1_2_spec_20260803.json | research/families/f10_live_replay_attribution/docs/buy_q90_abi_v4_40day_lockstep_v1_3_spec_20260803.json,,核对身份、hash 与 current/superseded 声明；禁止因年龄改写结论,高,冻结证据只允许索引、路径解析与解释层治理
851,2026-08-02T21:34:21+08:00,1.4,文档,research/families/f10_live_replay_attribution/docs/buy_q90_fresh_prospective_placement_recovery_v4_implementation_20260802.md,3229,受保护：历史/冻结证据,P3,1,research/registry.json,2026-08-02,核对身份、hash 与 current/superseded 声明；禁止因年龄改写结论,高,冻结证据只允许索引、路径解析与解释层治理
852,2026-08-02T21:45:26+08:00,1.4,代码,research/families/f09_campaign_action_uplift/audit/ranked_toxicity_guard_full_path_mechanics.py,39089,近期变更待观察,P4,1,research/families/f09_campaign_action_uplift/docs/causal_v12_ranked_toxicity_exposure_guard_full_path_mechanics_v1_5_implementation_failure_20260802.json,,检查测试、文档、registry 与冻结 hash 是否随本次变更同步,高,近期修改不等于语义审计或 action 权限已经完成
853,2026-08-02T21:45:59+08:00,1.4,代码,research/families/f09_campaign_action_uplift/audit/ranked_toxicity_guard_authoritative_replay_v1_5.py,25336,近期变更待观察,P4,10,research/families/f09_campaign_action_uplift/audit/ranked_toxicity_guard_authoritative_replay_v2.py | research/families/f09_campaign_action_uplift/audit/ranked_toxicity_guard_carryover_safe_execution_v2_2.py | research/families/f09_campaign_action_uplift/audit/ranked_toxicity_guard_full_path_mechanics.py,,检查测试、文档、registry 与冻结 hash 是否随本次变更同步,高,近期修改不等于语义审计或 action 权限已经完成
854,2026-08-02T21:46:40+08:00,1.4,测试,tests/test_ranked_toxicity_guard_authoritative_replay_v1_5.py,9458,保留：回归/合同测试,P4,0,,,确认仍保护当前实现或冻结身份；只随对应代码原子退役,中,测试零静态引用属正常，不是删除证据
855,2026-08-02T22:09:37+08:00,1.38,冻结规范/登记表,research/families/f09_campaign_action_uplift/docs/causal_v12_ranked_toxicity_exposure_guard_full_path_mechanics_v1_5_implementation_failure_20260802.json,5440,受保护：历史/冻结证据,P3,3,research/families/f09_campaign_action_uplift/docs/causal_v12_ranked_toxicity_exposure_guard_carryover_safe_v2_mechanics_spec_20260803.json | research/families/f09_campaign_action_uplift/docs/causal_v12_ranked_toxicity_exposure_guard_full_path_mechanics_v1_5_implementation_failure_20260802.md | research/registry.json,,核对身份、hash 与 current/superseded 声明；禁止因年龄改写结论,高,冻结证据只允许索引、路径解析与解释层治理
856,2026-08-02T22:09:37+08:00,1.38,文档,research/families/f09_campaign_action_uplift/docs/causal_v12_ranked_toxicity_exposure_guard_full_path_mechanics_v1_5_implementation_failure_20260802.md,3178,受保护：历史/冻结证据,P3,1,project.md,2026-08-02,核对身份、hash 与 current/superseded 声明；禁止因年龄改写结论,高,冻结证据只允许索引、路径解析与解释层治理
857,2026-08-02T22:14:42+08:00,1.38,冻结规范/登记表,research/families/f04_external_market_alpha/docs/external_adverse_quote_edge_guard_exact_opener_mechanics_v2_1_collection_preflight_failure_20260802.json,4511,受保护：历史/冻结证据,P3,1,research/families/f04_external_market_alpha/docs/external_adverse_quote_edge_guard_exact_opener_mechanics_v2_1_collection_preflight_failure_20260802.md,,核对身份、hash 与 current/superseded 声明；禁止因年龄改写结论,高,冻结证据只允许索引、路径解析与解释层治理
858,2026-08-02T22:14:42+08:00,1.38,文档,research/families/f04_external_market_alpha/docs/external_adverse_quote_edge_guard_exact_opener_mechanics_v2_1_collection_preflight_failure_20260802.md,2686,受保护：历史/冻结证据,P3,1,research/families/f04_external_market_alpha/docs/babel_external_market_research_map.md,2026-08-02,核对身份、hash 与 current/superseded 声明；禁止因年龄改写结论,高,冻结证据只允许索引、路径解析与解释层治理
859,2026-08-02T22:21:26+08:00,1.37,文档,research/families/f04_external_market_alpha/docs/babel_external_market_research_map.md,7900,受保护：历史/冻结证据,P3,1,research/registry.json,2026-08-02,核对身份、hash 与 current/superseded 声明；禁止因年龄改写结论,高,冻结证据只允许索引、路径解析与解释层治理
860,2026-08-02T22:24:18+08:00,1.37,测试,tests/test_ranked_toxicity_guard_full_path_adapter_contract.py,1422,保留：回归/合同测试,P4,3,research/families/f09_campaign_action_uplift/docs/causal_v12_ranked_toxicity_exposure_guard_full_path_adapter_v1_1_execution_amendment_20260802.json | research/families/f09_campaign_action_uplift/docs/causal_v12_ranked_toxicity_exposure_guard_full_path_adapter_v1_2_execution_amendment_20260802.json | research/families/f10_live_replay_attribution/docs/buy_q90_dual_clock_terminal_routing_contract_v2_implementation_20260802.json,,确认仍保护当前实现或冻结身份；只随对应代码原子退役,高,测试零静态引用属正常，不是删除证据
861,2026-08-02T22:24:18+08:00,1.37,测试,tests/test_ranked_toxicity_guard_full_path_adapter_contract_v1_4.py,2683,保留：回归/合同测试,P4,1,research/families/f09_campaign_action_uplift/docs/causal_v12_ranked_toxicity_exposure_guard_full_path_adapter_v1_4_execution_amendment_20260802.json,,确认仍保护当前实现或冻结身份；只随对应代码原子退役,高,测试零静态引用属正常，不是删除证据
862,2026-08-03T03:42:50+08:00,1.15,代码,research/families/f09_campaign_action_uplift/audit/ranked_toxicity_guard_authoritative_replay_v2.py,9598,近期变更待观察,P4,8,research/families/f09_campaign_action_uplift/audit/ranked_toxicity_guard_carryover_safe_execution_v2_1.py | research/families/f09_campaign_action_uplift/audit/ranked_toxicity_guard_carryover_safe_execution_v2_2.py | research/families/f09_campaign_action_uplift/audit/ranked_toxicity_guard_full_path_mechanics_v2.py,,检查测试、文档、registry 与冻结 hash 是否随本次变更同步,高,近期修改不等于语义审计或 action 权限已经完成
863,2026-08-03T03:44:26+08:00,1.15,代码,strategy/order_manager.py,29636,近期变更待观察,P4,22,.github/skills/mm-as-glft-ml-spread/SKILL.md | execution/exact_opportunity_tape_runtime.py | project.md,,检查测试、文档、registry 与冻结 hash 是否随本次变更同步,高,近期修改不等于语义审计或 action 权限已经完成
864,2026-08-03T03:49:31+08:00,1.14,代码,research/families/f09_campaign_action_uplift/audit/ranked_toxicity_guard_full_path_mechanics_v2.py,25125,近期变更待观察,P4,2,research/families/f09_campaign_action_uplift/docs/causal_v12_ranked_toxicity_exposure_guard_carryover_safe_v2_implementation_20260803.json | research/families/f09_campaign_action_uplift/docs/causal_v12_ranked_toxicity_exposure_guard_carryover_safe_v2_mechanics_spec_20260803.json,,检查测试、文档、registry 与冻结 hash 是否随本次变更同步,高,近期修改不等于语义审计或 action 权限已经完成
865,2026-08-03T03:51:29+08:00,1.14,代码,research/families/f04_external_market_alpha/audit/exact_opener_opportunity_tape_contract_v2_2.py,6032,近期变更待观察,P4,2,research/families/f04_external_market_alpha/docs/external_adverse_quote_edge_guard_exact_opener_mechanics_v2_2_execution_contract_20260803.json | tests/test_exact_opener_opportunity_tape_contract_v2_2.py,,检查测试、文档、registry 与冻结 hash 是否随本次变更同步,高,近期修改不等于语义审计或 action 权限已经完成
866,2026-08-03T03:52:04+08:00,1.14,冻结规范/登记表,research/families/f10_live_replay_attribution/docs/buy_q90_abi_v4_40day_lockstep_v1_spec_20260803.json,6217,受保护：历史/冻结证据,P3,1,research/families/f10_live_replay_attribution/docs/buy_q90_abi_v4_40day_lockstep_v1_1_spec_20260803.json,,核对身份、hash 与 current/superseded 声明；禁止因年龄改写结论,高,冻结证据只允许索引、路径解析与解释层治理
867,2026-08-03T03:52:12+08:00,1.14,代码,research/families/f04_external_market_alpha/audit/exact_opener_opportunity_tape_v2_2.py,14674,近期变更待观察,P4,3,research/families/f04_external_market_alpha/docs/external_adverse_quote_edge_guard_exact_opener_mechanics_v2_2_execution_contract_20260803.json | scripts/exact_opportunity_tape_v2_2.py | tests/test_exact_opportunity_tape_v2_2.py,,检查测试、文档、registry 与冻结 hash 是否随本次变更同步,高,近期修改不等于语义审计或 action 权限已经完成
868,2026-08-03T03:52:12+08:00,1.14,代码,scripts/exact_opportunity_tape_v2_2.py,3214,近期变更待观察,P4,1,research/families/f04_external_market_alpha/docs/external_adverse_quote_edge_guard_exact_opener_mechanics_v2_2_execution_contract_20260803.json,,检查测试、文档、registry 与冻结 hash 是否随本次变更同步,高,近期修改不等于语义审计或 action 权限已经完成
869,2026-08-03T04:04:00+08:00,1.13,测试,tests/test_exact_opportunity_tape_v2_2.py,10938,保留：回归/合同测试,P4,1,research/families/f04_external_market_alpha/docs/external_adverse_quote_edge_guard_exact_opener_mechanics_v2_2_execution_contract_20260803.json,,确认仍保护当前实现或冻结身份；只随对应代码原子退役,高,测试零静态引用属正常，不是删除证据
870,2026-08-03T04:04:32+08:00,1.13,代码,execution/exact_opportunity_tape_runtime.py,26526,近期变更待观察,P4,5,research/families/f04_external_market_alpha/audit/exact_opener_opportunity_tape_v2_2.py | research/families/f04_external_market_alpha/docs/external_adverse_quote_edge_guard_exact_opener_mechanics_v2_2_execution_contract_20260803.json | scripts/exact_opportunity_tape_v2_2.py,,检查测试、文档、registry 与冻结 hash 是否随本次变更同步,高,近期修改不等于语义审计或 action 权限已经完成
871,2026-08-03T04:54:34+08:00,1.1,文档,research/families/f04_external_market_alpha/docs/external_adverse_quote_edge_guard_exact_opener_mechanics_v2_2_20260803.md,2470,受保护：历史/冻结证据,P3,1,research/registry.json,2026-08-03,核对身份、hash 与 current/superseded 声明；禁止因年龄改写结论,高,冻结证据只允许索引、路径解析与解释层治理
872,2026-08-03T04:55:16+08:00,1.1,冻结规范/登记表,research/families/f04_external_market_alpha/docs/external_adverse_quote_edge_guard_exact_opener_mechanics_v2_2_execution_contract_20260803.json,6922,受保护：历史/冻结证据,P3,1,research/registry.json,,核对身份、hash 与 current/superseded 声明；禁止因年龄改写结论,高,冻结证据只允许索引、路径解析与解释层治理
873,2026-08-03T04:55:26+08:00,1.1,冻结规范/登记表,research/families/f04_external_market_alpha/docs/external_adverse_quote_edge_guard_exact_opener_mechanics_v2_2_audit_20260803.json,878,受保护：历史/冻结证据,P3,1,research/registry.json,,核对身份、hash 与 current/superseded 声明；禁止因年龄改写结论,高,冻结证据只允许索引、路径解析与解释层治理
874,2026-08-03T04:57:25+08:00,1.1,冻结规范/登记表,research/families/f10_live_replay_attribution/docs/buy_q90_abi_v4_40day_lockstep_v1_1_spec_20260803.json,6943,受保护：历史/冻结证据,P3,1,research/families/f10_live_replay_attribution/docs/buy_q90_abi_v4_40day_lockstep_v1_2_spec_20260803.json,,核对身份、hash 与 current/superseded 声明；禁止因年龄改写结论,高,冻结证据只允许索引、路径解析与解释层治理
875,2026-08-03T04:59:20+08:00,1.09,冻结规范/登记表,research/families/f10_live_replay_attribution/docs/buy_q90_abi_v4_40day_lockstep_v1_2_spec_20260803.json,6900,受保护：历史/冻结证据,P3,1,research/families/f10_live_replay_attribution/docs/buy_q90_abi_v4_40day_lockstep_v1_3_spec_20260803.json,,核对身份、hash 与 current/superseded 声明；禁止因年龄改写结论,高,冻结证据只允许索引、路径解析与解释层治理
876,2026-08-03T05:00:43+08:00,1.09,代码,research/families/f09_campaign_action_uplift/audit/causal_v12_ranked_toxicity_exposure_guard_full_path_adapter_v2.py,23701,近期变更待观察,P4,6,research/families/f09_campaign_action_uplift/audit/ranked_toxicity_guard_authoritative_replay_v2.py | research/families/f09_campaign_action_uplift/docs/causal_v12_ranked_toxicity_exposure_guard_carryover_safe_v2_1_execution_spec_20260803.json | research/families/f09_campaign_action_uplift/docs/causal_v12_ranked_toxicity_exposure_guard_carryover_safe_v2_2_execution_spec_20260803.json,,检查测试、文档、registry 与冻结 hash 是否随本次变更同步,高,近期修改不等于语义审计或 action 权限已经完成
877,2026-08-03T05:00:55+08:00,1.09,冻结规范/登记表,research/families/f10_live_replay_attribution/docs/buy_q90_abi_v4_40day_lockstep_v1_3_spec_20260803.json,6883,受保护：历史/冻结证据,P3,1,research/families/f10_live_replay_attribution/docs/buy_q90_abi_v4_40day_lockstep_v1_4_spec_20260803.json,,核对身份、hash 与 current/superseded 声明；禁止因年龄改写结论,高,冻结证据只允许索引、路径解析与解释层治理
878,2026-08-03T05:01:09+08:00,1.09,测试,tests/test_ranked_toxicity_guard_carryover_safe_assignment_v2.py,15975,保留：回归/合同测试,P4,1,research/families/f09_campaign_action_uplift/docs/causal_v12_ranked_toxicity_exposure_guard_carryover_safe_v2_implementation_20260803.json,,确认仍保护当前实现或冻结身份；只随对应代码原子退役,高,测试零静态引用属正常，不是删除证据
880,2026-08-03T05:12:23+08:00,1.09,冻结规范/登记表,research/families/f10_live_replay_attribution/docs/buy_q90_abi_v4_40day_lockstep_v1_4_spec_20260803.json,6993,受保护：历史/冻结证据,P3,2,research/families/f10_live_replay_attribution/docs/buy_q90_abi_v4_40day_lockstep_v1_4_smoke_failure_20260803.json | research/families/f10_live_replay_attribution/docs/buy_q90_abi_v4_40day_lockstep_v1_5_spec_20260803.json,,核对身份、hash 与 current/superseded 声明；禁止因年龄改写结论,高,冻结证据只允许索引、路径解析与解释层治理
881,2026-08-03T05:16:13+08:00,1.08,冻结规范/登记表,research/families/f09_campaign_action_uplift/docs/causal_v12_ranked_toxicity_exposure_guard_carryover_safe_v2_mechanics_spec_20260803.json,14095,受保护：历史/冻结证据,P3,6,research/families/f09_campaign_action_uplift/docs/causal_v12_ranked_toxicity_exposure_guard_carryover_safe_v2_1_execution_spec_20260803.json | research/families/f09_campaign_action_uplift/docs/causal_v12_ranked_toxicity_exposure_guard_carryover_safe_v2_2_execution_spec_20260803.json | research/families/f09_campaign_action_uplift/docs/causal_v12_ranked_toxicity_exposure_guard_carryover_safe_v2_implementation_20260803.json,,核对身份、hash 与 current/superseded 声明；禁止因年龄改写结论,高,冻结证据只允许索引、路径解析与解释层治理
882,2026-08-03T05:17:13+08:00,1.08,冻结规范/登记表,research/families/f09_campaign_action_uplift/docs/causal_v12_ranked_toxicity_exposure_guard_carryover_safe_v2_implementation_20260803.json,4703,受保护：历史/冻结证据,P3,2,research/families/f09_campaign_action_uplift/docs/causal_v12_ranked_toxicity_exposure_guard_carryover_safe_v2_1_execution_spec_20260803.json | research/families/f09_campaign_action_uplift/docs/causal_v12_ranked_toxicity_exposure_guard_carryover_safe_v2_implementation_20260803.md,,核对身份、hash 与 current/superseded 声明；禁止因年龄改写结论,高,冻结证据只允许索引、路径解析与解释层治理
883,2026-08-03T05:17:13+08:00,1.08,文档,research/families/f09_campaign_action_uplift/docs/causal_v12_ranked_toxicity_exposure_guard_carryover_safe_v2_implementation_20260803.md,2024,受保护：历史/冻结证据,P3,0,,2026-08-03,核对身份、hash 与 current/superseded 声明；禁止因年龄改写结论,高,冻结证据只允许索引、路径解析与解释层治理
884,2026-08-03T05:20:08+08:00,1.08,文档,docs/replay_cache_materialization_contract.md,7892,近期变更待观察,P4,1,docs/feature_dag_contract.md,2026-08-03,检查测试、文档、registry 与冻结 hash 是否随本次变更同步,高,近期修改不等于语义审计或 action 权限已经完成
885,2026-08-03T05:22:16+08:00,1.08,测试,tests/test_replay_cache_dag_audit.py,2034,保留：回归/合同测试,P4,0,,,确认仍保护当前实现或冻结身份；只随对应代码原子退役,中,测试零静态引用属正常，不是删除证据
886,2026-08-03T05:22:16+08:00,1.08,代码,scripts/audit_legacy_replay_cache.py,1662,近期变更待观察,P4,2,docs/replay_cache_dag_v2_governance_20260803.md | docs/replay_cache_materialization_contract.md,,检查测试、文档、registry 与冻结 hash 是否随本次变更同步,高,近期修改不等于语义审计或 action 权限已经完成
887,2026-08-03T05:22:16+08:00,1.08,代码,models/replay_cache_dag.py,14997,近期变更待观察,P4,10,data/README.md | docs/feature_dag_contract.md | docs/replay_cache_materialization_contract.md,,检查测试、文档、registry 与冻结 hash 是否随本次变更同步,高,近期修改不等于语义审计或 action 权限已经完成
888,2026-08-03T05:22:16+08:00,1.08,代码,models/replay_cache_audit.py,5833,近期变更待观察,P4,3,docs/replay_cache_dag_v2_governance_20260803.md | scripts/audit_legacy_replay_cache.py | tests/test_replay_cache_dag_audit.py,,检查测试、文档、registry 与冻结 hash 是否随本次变更同步,高,近期修改不等于语义审计或 action 权限已经完成
889,2026-08-03T05:22:16+08:00,1.08,测试,tests/test_window_component_cache.py,5031,保留：回归/合同测试,P4,0,,,确认仍保护当前实现或冻结身份；只随对应代码原子退役,中,测试零静态引用属正常，不是删除证据
890,2026-08-03T05:22:16+08:00,1.08,代码,models/replay_cache_components.py,26533,近期变更待观察,P4,2,models/data_windows.py | tests/test_replay_cache_dag_components.py,,检查测试、文档、registry 与冻结 hash 是否随本次变更同步,高,近期修改不等于语义审计或 action 权限已经完成
891,2026-08-03T05:22:16+08:00,1.08,代码,models/data_windows.py,49382,近期变更待观察,P4,54,docs/marketdata_storage_relocation_20260730.md | models/prewarm_tick_cache.py | models/quote_context_batch.py,,检查测试、文档、registry 与冻结 hash 是否随本次变更同步,高,近期修改不等于语义审计或 action 权限已经完成
892,2026-08-03T05:23:12+08:00,1.08,测试,tests/test_replay_cache_dag_components.py,10554,保留：回归/合同测试,P4,0,,,确认仍保护当前实现或冻结身份；只随对应代码原子退役,中,测试零静态引用属正常，不是删除证据
893,2026-08-03T05:23:56+08:00,1.08,冻结规范/登记表,research/families/f10_live_replay_attribution/docs/buy_q90_abi_v4_40day_lockstep_v1_4_smoke_failure_20260803.json,1401,受保护：历史/冻结证据,P3,0,,,核对身份、hash 与 current/superseded 声明；禁止因年龄改写结论,高,冻结证据只允许索引、路径解析与解释层治理
894,2026-08-03T05:23:56+08:00,1.08,文档,research/families/f10_live_replay_attribution/docs/buy_q90_abi_v4_40day_lockstep_v1_4_smoke_failure_20260803.md,1564,受保护：历史/冻结证据,P3,0,,2026-08-03,核对身份、hash 与 current/superseded 声明；禁止因年龄改写结论,高,冻结证据只允许索引、路径解析与解释层治理
895,2026-08-03T05:24:11+08:00,1.08,冻结规范/登记表,research/families/f10_live_replay_attribution/docs/buy_q90_abi_v4_40day_lockstep_v1_5_spec_20260803.json,7271,受保护：历史/冻结证据,P3,1,research/families/f10_live_replay_attribution/docs/buy_q90_abi_v4_40day_lockstep_v1_6_spec_20260803.json,,核对身份、hash 与 current/superseded 声明；禁止因年龄改写结论,高,冻结证据只允许索引、路径解析与解释层治理
896,2026-08-03T05:26:25+08:00,1.08,代码,docs/replay_cache_legacy_reference_audit_20260803.json,193201,近期变更待观察,P4,1,docs/replay_cache_dag_v2_governance_20260803.md,,检查测试、文档、registry 与冻结 hash 是否随本次变更同步,高,近期修改不等于语义审计或 action 权限已经完成
897,2026-08-03T05:26:49+08:00,1.08,文档,docs/replay_cache_dag_v2_governance_20260803.md,3945,近期变更待观察,P4,1,docs/replay_cache_materialization_contract.md,2026-08-03,检查测试、文档、registry 与冻结 hash 是否随本次变更同步,高,近期修改不等于语义审计或 action 权限已经完成
898,2026-08-03T05:34:53+08:00,1.07,代码,strategy/replay_controls.py,18972,近期变更待观察,P4,30,models/backtest_config.py | models/backtest_tick.py | models/replay_contract.py,,检查测试、文档、registry 与冻结 hash 是否随本次变更同步,高,近期修改不等于语义审计或 action 权限已经完成
899,2026-08-03T05:35:47+08:00,1.07,测试,tests/test_dynamic_fill_hazard_cpp_parity.py,26576,保留：回归/合同测试,P4,9,research/families/f10_live_replay_attribution/audit/buy_q90_portfolio_path_attribution.py | research/families/f10_live_replay_attribution/docs/buy_q90_abi_v4_40day_lockstep_v1_6_spec_20260803.json | research/families/f10_live_replay_attribution/docs/buy_q90_causal_visibility_clock_parity_v1_1_spec_20260731.json,,确认仍保护当前实现或冻结身份；只随对应代码原子退役,高,测试零静态引用属正常，不是删除证据
900,2026-08-03T05:35:47+08:00,1.07,测试,tests/test_buy_q90_abi_v4_40day_lockstep.py,4659,保留：回归/合同测试,P4,7,research/families/f10_live_replay_attribution/docs/buy_q90_abi_v4_40day_lockstep_v1_1_spec_20260803.json | research/families/f10_live_replay_attribution/docs/buy_q90_abi_v4_40day_lockstep_v1_2_spec_20260803.json | research/families/f10_live_replay_attribution/docs/buy_q90_abi_v4_40day_lockstep_v1_3_spec_20260803.json,,确认仍保护当前实现或冻结身份；只随对应代码原子退役,高,测试零静态引用属正常，不是删除证据
901,2026-08-03T05:36:22+08:00,1.07,代码,research/families/f10_live_replay_attribution/audit/buy_q90_abi_v4_40day_lockstep.py,26686,近期变更待观察,P4,7,research/families/f10_live_replay_attribution/docs/buy_q90_abi_v4_40day_lockstep_v1_1_spec_20260803.json | research/families/f10_live_replay_attribution/docs/buy_q90_abi_v4_40day_lockstep_v1_2_spec_20260803.json | research/families/f10_live_replay_attribution/docs/buy_q90_abi_v4_40day_lockstep_v1_3_spec_20260803.json,,检查测试、文档、registry 与冻结 hash 是否随本次变更同步,高,近期修改不等于语义审计或 action 权限已经完成
902,2026-08-03T05:38:06+08:00,1.07,冻结规范/登记表,research/families/f10_live_replay_attribution/docs/buy_q90_abi_v4_40day_lockstep_v1_6_spec_20260803.json,7892,受保护：历史/冻结证据,P3,3,research/families/f10_live_replay_attribution/audit/buy_q90_abi_v4_40day_lockstep.py | research/families/f10_live_replay_attribution/docs/buy_q90_abi_v4_40day_lockstep_v1_6_one_day_smoke_20260803.json | research/registry.json,,核对身份、hash 与 current/superseded 声明；禁止因年龄改写结论,高,冻结证据只允许索引、路径解析与解释层治理
903,2026-08-03T05:48:13+08:00,1.06,代码,research/families/f09_campaign_action_uplift/audit/ranked_toxicity_guard_carryover_safe_execution_v2_1.py,17891,近期变更待观察,P4,2,research/families/f09_campaign_action_uplift/docs/causal_v12_ranked_toxicity_exposure_guard_carryover_safe_v2_1_execution_spec_20260803.json | research/families/f09_campaign_action_uplift/docs/causal_v12_ranked_toxicity_exposure_guard_carryover_safe_v2_2_execution_spec_20260803.json,,检查测试、文档、registry 与冻结 hash 是否随本次变更同步,高,近期修改不等于语义审计或 action 权限已经完成
904,2026-08-03T05:48:53+08:00,1.06,冻结规范/登记表,research/families/f09_campaign_action_uplift/docs/causal_v12_ranked_toxicity_exposure_guard_carryover_safe_v2_1_execution_spec_20260803.json,6677,受保护：历史/冻结证据,P3,3,research/families/f09_campaign_action_uplift/docs/causal_v12_ranked_toxicity_exposure_guard_carryover_safe_v2_1_execution_failure_20260803.json | research/families/f09_campaign_action_uplift/docs/causal_v12_ranked_toxicity_exposure_guard_carryover_safe_v2_2_execution_spec_20260803.json | tests/test_ranked_toxicity_guard_carryover_safe_execution_v2_1.py,,核对身份、hash 与 current/superseded 声明；禁止因年龄改写结论,高,冻结证据只允许索引、路径解析与解释层治理
905,2026-08-03T05:51:09+08:00,1.06,冻结规范/登记表,research/families/f10_live_replay_attribution/docs/buy_q90_abi_v4_40day_lockstep_v1_6_one_day_smoke_20260803.json,3710,受保护：历史/冻结证据,P3,2,research/families/f10_live_replay_attribution/docs/buy_q90_abi_v4_40day_lockstep_v1_6_one_day_smoke_20260803.md | research/registry.json,,核对身份、hash 与 current/superseded 声明；禁止因年龄改写结论,高,冻结证据只允许索引、路径解析与解释层治理
906,2026-08-03T05:51:09+08:00,1.06,文档,research/families/f10_live_replay_attribution/docs/buy_q90_abi_v4_40day_lockstep_v1_6_one_day_smoke_20260803.md,3299,受保护：历史/冻结证据,P3,0,,2026-08-03,核对身份、hash 与 current/superseded 声明；禁止因年龄改写结论,高,冻结证据只允许索引、路径解析与解释层治理
907,2026-08-03T05:57:53+08:00,1.05,冻结规范/登记表,research/families/f09_campaign_action_uplift/docs/causal_v12_ranked_toxicity_exposure_guard_carryover_safe_v2_1_execution_failure_20260803.json,4338,受保护：历史/冻结证据,P3,1,research/families/f09_campaign_action_uplift/docs/causal_v12_ranked_toxicity_exposure_guard_carryover_safe_v2_2_execution_spec_20260803.json,,核对身份、hash 与 current/superseded 声明；禁止因年龄改写结论,高,冻结证据只允许索引、路径解析与解释层治理
908,2026-08-03T05:57:53+08:00,1.05,文档,research/families/f09_campaign_action_uplift/docs/causal_v12_ranked_toxicity_exposure_guard_carryover_safe_v2_1_execution_failure_20260803.md,1651,受保护：历史/冻结证据,P3,0,,2026-08-03,核对身份、hash 与 current/superseded 声明；禁止因年龄改写结论,高,冻结证据只允许索引、路径解析与解释层治理
909,2026-08-03T06:03:43+08:00,1.05,代码,research/families/f09_campaign_action_uplift/audit/ranked_toxicity_guard_carryover_safe_execution_v2_2.py,14256,近期变更待观察,P4,2,research/families/f09_campaign_action_uplift/docs/causal_v12_ranked_toxicity_exposure_guard_carryover_safe_v2_2_execution_result_20260803.json | research/families/f09_campaign_action_uplift/docs/causal_v12_ranked_toxicity_exposure_guard_carryover_safe_v2_2_execution_spec_20260803.json,,检查测试、文档、registry 与冻结 hash 是否随本次变更同步,高,近期修改不等于语义审计或 action 权限已经完成
910,2026-08-03T06:07:18+08:00,1.05,冻结规范/登记表,research/families/f09_campaign_action_uplift/docs/causal_v12_ranked_toxicity_exposure_guard_carryover_safe_v2_2_execution_spec_20260803.json,7147,受保护：历史/冻结证据,P3,3,research/families/f09_campaign_action_uplift/docs/causal_v12_ranked_toxicity_exposure_guard_carryover_safe_v2_2_execution_result_20260803.json | research/registry.json | tests/test_ranked_toxicity_guard_carryover_safe_execution_v2_2.py,,核对身份、hash 与 current/superseded 声明；禁止因年龄改写结论,高,冻结证据只允许索引、路径解析与解释层治理
911,2026-08-03T06:19:02+08:00,1.04,文档,research/families/f07_active_order_continuation/README.md,3628,近期变更待观察,P4,1,research/governance/migrations/layout_v2.json,2026-08-03,检查测试、文档、registry 与冻结 hash 是否随本次变更同步,高,近期修改不等于语义审计或 action 权限已经完成
912,2026-08-03T06:21:34+08:00,1.04,文档,research/families/f09_campaign_action_uplift/docs/causal_v12_ranked_toxicity_exposure_guard_carryover_safe_v2_2_execution_result_20260803.md,2073,受保护：历史/冻结证据,P3,1,research/registry.json,2026-08-03,核对身份、hash 与 current/superseded 声明；禁止因年龄改写结论,高,冻结证据只允许索引、路径解析与解释层治理
913,2026-08-03T06:22:19+08:00,1.04,冻结规范/登记表,research/families/f09_campaign_action_uplift/docs/causal_v12_ranked_toxicity_exposure_guard_carryover_safe_v2_2_execution_result_20260803.json,4166,受保护：历史/冻结证据,P3,2,research/families/f09_campaign_action_uplift/docs/causal_v12_ranked_toxicity_exposure_guard_carryover_safe_v2_2_execution_result_20260803.md | research/registry.json,,核对身份、hash 与 current/superseded 声明；禁止因年龄改写结论,高,冻结证据只允许索引、路径解析与解释层治理
914,2026-08-03T06:31:05+08:00,1.03,冻结规范/登记表,research/families/f09_campaign_action_uplift/docs/causal_v12_ranked_toxicity_exposure_guard_registration_linkage_v3_amendment_20260803.json,3825,受保护：历史/冻结证据,P3,1,research/registry.json,,核对身份、hash 与 current/superseded 声明；禁止因年龄改写结论,高,冻结证据只允许索引、路径解析与解释层治理
915,2026-08-03T06:31:22+08:00,1.03,冻结规范/登记表,research/families/f09_campaign_action_uplift/docs/causal_v12_ranked_toxicity_exposure_guard_registration_linkage_v3_audit_20260803.json,1586,受保护：历史/冻结证据,P3,1,research/registry.json,,核对身份、hash 与 current/superseded 声明；禁止因年龄改写结论,高,冻结证据只允许索引、路径解析与解释层治理
916,2026-08-03T06:44:01+08:00,1.02,冻结规范/登记表,research/families/f05_fill_quality_quote_ev/docs/buy_fill_selection_action_suspension_operational_release_v1_20260803.json,3311,受保护：历史/冻结证据,P3,2,research/families/f05_fill_quality_quote_ev/docs/buy_fill_selection_shadow_action_separation_operational_release_v2_20260803.json | research/families/f10_live_replay_attribution/docs/operational_baseline_identity_20260803_v6.json,,核对身份、hash 与 current/superseded 声明；禁止因年龄改写结论,高,冻结证据只允许索引、路径解析与解释层治理
917,2026-08-03T06:44:01+08:00,1.02,文档,research/families/f05_fill_quality_quote_ev/docs/buy_fill_selection_action_suspension_operational_release_v1_20260803.md,1642,受保护：历史/冻结证据,P3,1,research/families/f10_live_replay_attribution/docs/operational_baseline_identity_20260803_v6.json,2026-08-03,核对身份、hash 与 current/superseded 声明；禁止因年龄改写结论,高,冻结证据只允许索引、路径解析与解释层治理
918,2026-08-03T06:50:57+08:00,1.02,测试,tests/test_ranked_toxicity_registration_linkage_v2.py,2260,保留：回归/合同测试,P4,2,research/families/f09_campaign_action_uplift/docs/causal_v12_ranked_toxicity_exposure_guard_registration_linkage_v2_amendment_20260802.json | research/families/f09_campaign_action_uplift/docs/causal_v12_ranked_toxicity_exposure_guard_registration_linkage_v3_amendment_20260803.json,,确认仍保护当前实现或冻结身份；只随对应代码原子退役,高,测试零静态引用属正常，不是删除证据
919,2026-08-03T06:58:04+08:00,1.01,冻结规范/登记表,research/families/f10_live_replay_attribution/docs/operational_baseline_identity_20260803_v6.json,5660,受保护：历史/冻结证据,P3,2,project.md | research/families/f10_live_replay_attribution/docs/operational_baseline_identity_20260803_v7.json,,核对身份、hash 与 current/superseded 声明；禁止因年龄改写结论,高,冻结证据只允许索引、路径解析与解释层治理
920,2026-08-03T07:11:15+08:00,1.0,测试,tests/test_buy_fill_selection_shadow_action_split.py,3904,保留：回归/合同测试,P4,0,,,确认仍保护当前实现或冻结身份；只随对应代码原子退役,中,测试零静态引用属正常，不是删除证据
921,2026-08-03T07:24:54+08:00,0.99,冻结规范/登记表,research/families/f05_fill_quality_quote_ev/docs/buy_fill_selection_shadow_action_separation_operational_release_v2_20260803.json,4018,受保护：历史/冻结证据,P3,3,research/families/f05_fill_quality_quote_ev/docs/buy_fill_selection_live_shadow_retirement_operational_release_v3_20260804.json | research/families/f05_fill_quality_quote_ev/docs/buy_fill_selection_shadow_action_separation_operational_release_v2_20260803.md | research/families/f10_live_replay_attribution/docs/operational_baseline_identity_20260803_v7.json,,核对身份、hash 与 current/superseded 声明；禁止因年龄改写结论,高,冻结证据只允许索引、路径解析与解释层治理
922,2026-08-03T07:24:54+08:00,0.99,文档,research/families/f05_fill_quality_quote_ev/docs/buy_fill_selection_shadow_action_separation_operational_release_v2_20260803.md,2060,受保护：历史/冻结证据,P3,1,research/families/f10_live_replay_attribution/docs/operational_baseline_identity_20260803_v7.json,2026-08-03,核对身份、hash 与 current/superseded 声明；禁止因年龄改写结论,高,冻结证据只允许索引、路径解析与解释层治理
923,2026-08-03T07:25:56+08:00,0.99,冻结规范/登记表,research/families/f10_live_replay_attribution/docs/operational_baseline_identity_20260803_v7.json,5912,受保护：历史/冻结证据,P3,5,project.md | research/families/f02_empirical_p3_touch/docs/p3_touch_conditional_curve_quote_mapping_v1_spec_20260803.json | research/families/f02_empirical_p3_touch/docs/p3_touch_source_aware_expanded_v3_quote_path_spec_20260803.json,,核对身份、hash 与 current/superseded 声明；禁止因年龄改写结论,高,冻结证据只允许索引、路径解析与解释层治理
924,2026-08-03T07:28:11+08:00,0.99,文档,research/families/f09_campaign_action_uplift/README.md,23515,近期变更待观察,P4,1,research/governance/migrations/layout_v2.json,2026-08-03,检查测试、文档、registry 与冻结 hash 是否随本次变更同步,高,近期修改不等于语义审计或 action 权限已经完成
925,2026-08-03T07:35:14+08:00,0.99,文档,research/families/f04_external_market_alpha/README.md,7107,近期变更待观察,P4,1,research/governance/migrations/layout_v2.json,2026-08-03,检查测试、文档、registry 与冻结 hash 是否随本次变更同步,高,近期修改不等于语义审计或 action 权限已经完成
926,2026-08-03T08:00:00+08:00,0.97,工程配置,pyproject.toml,2810,近期变更待观察,P4,2,Dockerfile | docs/dev/README.md,,检查测试、文档、registry 与冻结 hash 是否随本次变更同步,高,近期修改不等于语义审计或 action 权限已经完成
927,2026-08-03T08:04:12+08:00,0.97,代码,models/replay/__init__.py,491,保留：稳定包标记,P4,0,,,确认包导出与安装语义；通常保留,低,mtime 对稳定包标记的治理价值有限
928,2026-08-03T08:05:00+08:00,0.97,代码,models/replay/replay_state_checkpoint.py,10868,近期变更待观察,P4,6,research/shared/replay_lifecycle/README.md | research/shared/replay_lifecycle/docs/continuous_replay_state_v1_contract.json | scripts/run_restart_aware_continuous_baseline.py,,检查测试、文档、registry 与冻结 hash 是否随本次变更同步,高,近期修改不等于语义审计或 action 权限已经完成
929,2026-08-03T08:05:00+08:00,0.97,代码,models/replay/restart_boundary.py,11202,近期变更待观察,P4,3,research/shared/replay_lifecycle/README.md | research/shared/replay_lifecycle/docs/restart_boundary_contract_v1.json | tests/test_restart_boundary.py,,检查测试、文档、registry 与冻结 hash 是否随本次变更同步,高,近期修改不等于语义审计或 action 权限已经完成
930,2026-08-03T08:06:38+08:00,0.96,测试,tests/test_continuous_replay_state.py,2723,保留：回归/合同测试,P4,0,,,确认仍保护当前实现或冻结身份；只随对应代码原子退役,中,测试零静态引用属正常，不是删除证据
931,2026-08-03T08:06:39+08:00,0.96,测试,tests/test_restart_boundary.py,3083,保留：回归/合同测试,P4,0,,,确认仍保护当前实现或冻结身份；只随对应代码原子退役,中,测试零静态引用属正常，不是删除证据
932,2026-08-03T08:21:41+08:00,0.95,代码,models/replay/continuous_calendar.py,12348,近期变更待观察,P4,4,research/shared/replay_lifecycle/README.md | scripts/run_restart_aware_continuous_baseline.py | tests/test_continuous_calendar.py,,检查测试、文档、registry 与冻结 hash 是否随本次变更同步,高,近期修改不等于语义审计或 action 权限已经完成
933,2026-08-03T08:21:41+08:00,0.95,测试,tests/test_continuous_calendar.py,6251,保留：回归/合同测试,P4,0,,,确认仍保护当前实现或冻结身份；只随对应代码原子退役,中,测试零静态引用属正常，不是删除证据
934,2026-08-03T08:30:24+08:00,0.95,文档,research/shared/replay_lifecycle/docs/versioned_continuous_replay_substrate_v1.md,3329,近期变更待观察,P4,0,,2026-08-03,检查测试、文档、registry 与冻结 hash 是否随本次变更同步,中,近期修改不等于语义审计或 action 权限已经完成
935,2026-08-03T08:30:24+08:00,0.95,冻结规范/登记表,research/shared/replay_lifecycle/docs/calendar_continuity_manifest_v1_contract.json,796,近期变更待观察,P4,1,tests/test_continuous_replay_contract_identities.py,,检查测试、文档、registry 与冻结 hash 是否随本次变更同步,高,近期修改不等于语义审计或 action 权限已经完成
936,2026-08-03T08:30:25+08:00,0.95,冻结规范/登记表,research/shared/replay_lifecycle/docs/restart_boundary_contract_v1.json,730,近期变更待观察,P4,1,tests/test_continuous_replay_contract_identities.py,,检查测试、文档、registry 与冻结 hash 是否随本次变更同步,高,近期修改不等于语义审计或 action 权限已经完成
937,2026-08-03T08:30:25+08:00,0.95,冻结规范/登记表,research/shared/replay_lifecycle/docs/continuous_replay_state_v1_contract.json,582,近期变更待观察,P4,1,tests/test_continuous_replay_contract_identities.py,,检查测试、文档、registry 与冻结 hash 是否随本次变更同步,高,近期修改不等于语义审计或 action 权限已经完成
938,2026-08-03T08:33:19+08:00,0.95,测试,tests/test_continuous_replay_contract_identities.py,877,保留：回归/合同测试,P4,0,,,确认仍保护当前实现或冻结身份；只随对应代码原子退役,中,测试零静态引用属正常，不是删除证据
939,2026-08-03T08:41:59+08:00,0.94,测试,tests/test_calendar_gap_manifest.py,7289,保留：回归/合同测试,P4,0,,,确认仍保护当前实现或冻结身份；只随对应代码原子退役,中,测试零静态引用属正常，不是删除证据
940,2026-08-03T09:57:10+08:00,0.89,冻结规范/登记表,research/shared/replay_lifecycle/docs/calendar_continuity_manifest_20260417_20260730_v1.json,363611,近期变更待观察,P4,2,scripts/run_restart_aware_continuous_baseline.py | tests/test_continuous_tick_runner.py,,检查测试、文档、registry 与冻结 hash 是否随本次变更同步,高,近期修改不等于语义审计或 action 权限已经完成
941,2026-08-03T09:58:07+08:00,0.89,代码,data/audit_tardis_normalized_coverage.py,12372,近期变更待观察,P4,1,tests/test_audit_tardis_normalized_coverage.py,,检查测试、文档、registry 与冻结 hash 是否随本次变更同步,高,近期修改不等于语义审计或 action 权限已经完成
942,2026-08-03T09:58:28+08:00,0.89,测试,tests/test_audit_tardis_normalized_coverage.py,5919,保留：回归/合同测试,P4,0,,,确认仍保护当前实现或冻结身份；只随对应代码原子退役,中,测试零静态引用属正常，不是删除证据
943,2026-08-03T10:02:27+08:00,0.88,文档,research/shared/data_identity/README.md,1410,近期变更待观察,P4,1,research/governance/migrations/layout_v2.json,2026-08-03,检查测试、文档、registry 与冻结 hash 是否随本次变更同步,高,近期修改不等于语义审计或 action 权限已经完成
944,2026-08-03T10:38:47+08:00,0.86,代码,models/replay/continuous_accounting.py,11318,近期变更待观察,P4,4,research/shared/replay_lifecycle/README.md | research/shared/replay_lifecycle/docs/continuous_accounting_contract_v1.json | scripts/run_restart_aware_continuous_baseline.py,,检查测试、文档、registry 与冻结 hash 是否随本次变更同步,高,近期修改不等于语义审计或 action 权限已经完成
945,2026-08-03T10:38:47+08:00,0.86,测试,tests/test_continuous_accounting.py,3515,保留：回归/合同测试,P4,0,,,确认仍保护当前实现或冻结身份；只随对应代码原子退役,中,测试零静态引用属正常，不是删除证据
946,2026-08-03T10:44:30+08:00,0.86,测试,tests/test_cpp_planned_maintenance_replay.py,2545,保留：回归/合同测试,P4,0,,,确认仍保护当前实现或冻结身份；只随对应代码原子退役,中,测试零静态引用属正常，不是删除证据
947,2026-08-03T10:46:02+08:00,0.85,代码,models/replay/continuous_tick_runner.py,5877,近期变更待观察,P4,2,scripts/run_restart_aware_continuous_baseline.py | tests/test_continuous_tick_runner.py,,检查测试、文档、registry 与冻结 hash 是否随本次变更同步,高,近期修改不等于语义审计或 action 权限已经完成
948,2026-08-03T10:46:03+08:00,0.85,测试,tests/test_continuous_tick_runner.py,2259,保留：回归/合同测试,P4,0,,,确认仍保护当前实现或冻结身份；只随对应代码原子退役,中,测试零静态引用属正常，不是删除证据
949,2026-08-03T10:58:20+08:00,0.85,代码,scripts/run_restart_aware_continuous_baseline.py,36003,近期变更待观察,P4,0,,,检查测试、文档、registry 与冻结 hash 是否随本次变更同步,中,近期修改不等于语义审计或 action 权限已经完成
950,2026-08-03T11:49:39+08:00,0.81,工程配置,cpp/pyproject.toml,355,近期变更待观察,P4,2,Makefile | cpp/README.md,,检查测试、文档、registry 与冻结 hash 是否随本次变更同步,高,近期修改不等于语义审计或 action 权限已经完成
951,2026-08-03T11:49:39+08:00,0.81,工程配置,.github/workflows/ci.yml,3088,近期变更待观察,P4,0,,,检查测试、文档、registry 与冻结 hash 是否随本次变更同步,中,近期修改不等于语义审计或 action 权限已经完成
952,2026-08-03T11:50:37+08:00,0.81,代码,models/backtest_config.py,51245,当前权威：需与 v9 baseline/registry 同步,P0,66,.github/skills/mm-as-glft-ml-spread/SKILL.md | docs/repository_lru_audit_20260727.md | models/backtest_ml.py,,核对 runtime、config、artifact、Feature DAG、权限与文档 hash；禁止按年龄删除,高,当前运营或研究治理入口；working-tree 变化必须以新身份绑定
953,2026-08-03T11:51:49+08:00,0.81,文档,docs/dev/ci.md,1410,近期变更待观察,P4,3,README.md | README.zh-CN.md | docs/dev/README.md,2026-08-03,检查测试、文档、registry 与冻结 hash 是否随本次变更同步,高,近期修改不等于语义审计或 action 权限已经完成
954,2026-08-03T11:56:14+08:00,0.81,代码,models/experiment_runner.py,17808,近期变更待观察,P4,2,Makefile | project.md,,检查测试、文档、registry 与冻结 hash 是否随本次变更同步,高,近期修改不等于语义审计或 action 权限已经完成
955,2026-08-03T12:20:09+08:00,0.79,测试,tests/test_executable_price_tick_contract.py,2436,保留：回归/合同测试,P4,0,,,确认仍保护当前实现或冻结身份；只随对应代码原子退役,中,测试零静态引用属正常，不是删除证据
956,2026-08-03T12:22:46+08:00,0.79,代码,cpp/narrowgate_cpp/common.hpp,7767,近期变更待观察,P4,10,cpp/README.md | cpp/narrowgate_cpp/global_flow.hpp | cpp/narrowgate_cpp/quote_core.hpp,,检查测试、文档、registry 与冻结 hash 是否随本次变更同步,高,近期修改不等于语义审计或 action 权限已经完成
957,2026-08-03T12:29:32+08:00,0.78,代码,scripts/run_full_calendar_71d_baseline.py,20777,近期变更待观察,P4,1,research/shared/replay_lifecycle/docs/executable_price_tick_contract_v1_20260803.json,,检查测试、文档、registry 与冻结 hash 是否随本次变更同步,高,近期修改不等于语义审计或 action 权限已经完成
958,2026-08-03T12:36:14+08:00,0.78,测试,tests/test_cpp_tick_replay_parity.py,73116,保留：回归/合同测试,P4,4,.github/workflows/ci.yml | cpp/README.md | research/families/f10_live_replay_attribution/audit/buy_q90_portfolio_path_attribution.py,,确认仍保护当前实现或冻结身份；只随对应代码原子退役,高,测试零静态引用属正常，不是删除证据
959,2026-08-03T12:37:53+08:00,0.78,测试,tests/test_buy_q90_fresh_prospective_placement_recovery_v4.py,2962,保留：回归/合同测试,P4,1,research/families/f10_live_replay_attribution/docs/buy_q90_fresh_prospective_placement_recovery_v4_implementation_20260802.json,,确认仍保护当前实现或冻结身份；只随对应代码原子退役,高,测试零静态引用属正常，不是删除证据
960,2026-08-03T12:37:53+08:00,0.78,测试,tests/test_ranked_toxicity_guard_carryover_safe_execution_v2_1.py,3842,保留：回归/合同测试,P4,1,research/families/f09_campaign_action_uplift/docs/causal_v12_ranked_toxicity_exposure_guard_carryover_safe_v2_1_execution_spec_20260803.json,,确认仍保护当前实现或冻结身份；只随对应代码原子退役,高,测试零静态引用属正常，不是删除证据
961,2026-08-03T12:37:54+08:00,0.78,测试,tests/test_ranked_toxicity_guard_carryover_safe_execution_v2_2.py,3395,保留：回归/合同测试,P4,2,research/families/f09_campaign_action_uplift/docs/causal_v12_ranked_toxicity_exposure_guard_carryover_safe_v2_2_execution_result_20260803.json | research/families/f09_campaign_action_uplift/docs/causal_v12_ranked_toxicity_exposure_guard_carryover_safe_v2_2_execution_spec_20260803.json,,确认仍保护当前实现或冻结身份；只随对应代码原子退役,高,测试零静态引用属正常，不是删除证据
962,2026-08-03T12:52:14+08:00,0.77,冻结规范/登记表,research/shared/replay_lifecycle/docs/executable_price_tick_contract_v1_20260803.json,4198,近期变更待观察,P4,1,research/shared/replay_lifecycle/docs/executable_price_tick_contract_v1_20260803.md,,检查测试、文档、registry 与冻结 hash 是否随本次变更同步,高,近期修改不等于语义审计或 action 权限已经完成
963,2026-08-03T12:52:20+08:00,0.77,文档,research/shared/replay_lifecycle/docs/executable_price_tick_contract_v1_20260803.md,3376,近期变更待观察,P4,0,,2026-08-03,检查测试、文档、registry 与冻结 hash 是否随本次变更同步,中,近期修改不等于语义审计或 action 权限已经完成
964,2026-08-03T13:15:18+08:00,0.75,冻结规范/登记表,research/families/f02_empirical_p3_touch/docs/p3_touch_source_aware_expanded_v3_day_manifest_20260803.json,7252,受保护：历史/冻结证据,P3,3,research/families/f02_empirical_p3_touch/docs/p3_touch_source_aware_expanded_v3_spec_20260803.json | research/families/f02_empirical_p3_touch/docs/p3_touch_volatility_conditioned_v4_spec_20260803.json | tests/test_p3_touch_source_aware_expanded_v3.py,,核对身份、hash 与 current/superseded 声明；禁止因年龄改写结论,高,冻结证据只允许索引、路径解析与解释层治理
965,2026-08-03T13:16:25+08:00,0.75,冻结规范/登记表,research/families/f02_empirical_p3_touch/docs/p3_touch_source_aware_expanded_v3_spec_20260803.json,5637,受保护：历史/冻结证据,P3,2,research/families/f02_empirical_p3_touch/audit/p3_touch_source_aware_expanded.py | tests/test_p3_touch_source_aware_expanded_v3.py,,核对身份、hash 与 current/superseded 声明；禁止因年龄改写结论,高,冻结证据只允许索引、路径解析与解释层治理
966,2026-08-03T13:20:54+08:00,0.75,代码,research/families/f02_empirical_p3_touch/audit/p3_touch_source_aware_expanded.py,35908,近期变更待观察,P4,3,research/families/f02_empirical_p3_touch/audit/p3_touch_volatility_conditioned.py | research/families/f02_empirical_p3_touch/docs/p3_touch_volatility_conditioned_v4_spec_20260803.json | tests/test_p3_touch_source_aware_expanded_v3.py,,检查测试、文档、registry 与冻结 hash 是否随本次变更同步,高,近期修改不等于语义审计或 action 权限已经完成
967,2026-08-03T13:25:04+08:00,0.74,冻结规范/登记表,research/families/f02_empirical_p3_touch/docs/p3_touch_source_aware_expanded_v3_quote_path_spec_20260803.json,7043,受保护：历史/冻结证据,P3,2,research/families/f02_empirical_p3_touch/audit/p3_touch_quote_path_comparison.py | research/families/f02_empirical_p3_touch/docs/p3_touch_volatility_conditioned_v4_spec_20260803.json,,核对身份、hash 与 current/superseded 声明；禁止因年龄改写结论,高,冻结证据只允许索引、路径解析与解释层治理
968,2026-08-03T13:29:09+08:00,0.74,代码,research/families/f02_empirical_p3_touch/audit/p3_touch_quote_path_comparison.py,25392,近期变更待观察,P4,3,research/families/f02_empirical_p3_touch/audit/p3_touch_conditional_quote_path.py | research/families/f02_empirical_p3_touch/docs/p3_touch_conditional_curve_quote_mapping_v1_spec_20260803.json | tests/test_p3_touch_source_aware_expanded_v3.py,,检查测试、文档、registry 与冻结 hash 是否随本次变更同步,高,近期修改不等于语义审计或 action 权限已经完成
969,2026-08-03T13:29:57+08:00,0.74,测试,tests/test_p3_touch_source_aware_expanded_v3.py,5154,保留：回归/合同测试,P4,0,,,确认仍保护当前实现或冻结身份；只随对应代码原子退役,中,测试零静态引用属正常，不是删除证据
970,2026-08-03T13:35:22+08:00,0.74,文档,research/families/f02_empirical_p3_touch/docs/p3_touch_source_aware_expanded_v3_development_20260803.md,6317,受保护：历史/冻结证据,P3,0,,2026-08-03,核对身份、hash 与 current/superseded 声明；禁止因年龄改写结论,高,冻结证据只允许索引、路径解析与解释层治理
971,2026-08-03T13:35:48+08:00,0.74,文档,docs/expanded_research_day_universe_20250801_20260731.md,8746,近期变更待观察,P4,2,docs/market_data.md | project.md,2026-08-03,检查测试、文档、registry 与冻结 hash 是否随本次变更同步,高,近期修改不等于语义审计或 action 权限已经完成
972,2026-08-03T14:33:14+08:00,0.7,代码,features/feature_dag.py,26718,当前权威：需与 v9 baseline/registry 同步,P0,26,Makefile | docs/feature_dag_contract.md | docs/repository_lru_audit_20260727.md,,核对 runtime、config、artifact、Feature DAG、权限与文档 hash；禁止按年龄删除,高,当前运营或研究治理入口；working-tree 变化必须以新身份绑定
973,2026-08-03T14:35:04+08:00,0.69,代码,research/families/f02_empirical_p3_touch/audit/p3_touch_window_context.py,14837,近期变更待观察,P4,4,research/families/f02_empirical_p3_touch/audit/p3_touch_decision_cadence_context.py | research/families/f02_empirical_p3_touch/audit/p3_touch_volatility_conditioned.py | research/families/f02_empirical_p3_touch/docs/p3_touch_volatility_conditioned_v4_spec_20260803.json,,检查测试、文档、registry 与冻结 hash 是否随本次变更同步,高,近期修改不等于语义审计或 action 权限已经完成
974,2026-08-03T14:48:47+08:00,0.69,代码,research/families/f02_empirical_p3_touch/audit/p3_touch_volatility_conditioned.py,70531,近期变更待观察,P4,6,research/families/f02_empirical_p3_touch/audit/p3_touch_conditional_quote_mapping.py | research/families/f02_empirical_p3_touch/audit/p3_touch_decision_cadence_transport.py | research/families/f02_empirical_p3_touch/audit/p3_touch_exact_distance_surface.py,,检查测试、文档、registry 与冻结 hash 是否随本次变更同步,高,近期修改不等于语义审计或 action 权限已经完成
975,2026-08-03T14:51:18+08:00,0.68,冻结规范/登记表,research/families/f02_empirical_p3_touch/docs/p3_touch_volatility_conditioned_v4_spec_20260803.json,10974,受保护：历史/冻结证据,P3,3,research/families/f02_empirical_p3_touch/docs/p3_touch_conditional_curve_quote_mapping_v1_spec_20260803.json | research/families/f02_empirical_p3_touch/docs/p3_touch_volatility_conditioned_v4_1_spec_20260803.json | tests/test_p3_touch_volatility_conditioned_v4.py,,核对身份、hash 与 current/superseded 声明；禁止因年龄改写结论,高,冻结证据只允许索引、路径解析与解释层治理
976,2026-08-03T15:04:06+08:00,0.67,文档,research/families/f02_empirical_p3_touch/docs/p3_touch_volatility_conditioned_v4_development_20260803.md,6446,受保护：历史/冻结证据,P3,1,research/families/f02_empirical_p3_touch/docs/p3_touch_volatility_conditioned_v4_1_spec_20260803.json,2026-08-03,核对身份、hash 与 current/superseded 声明；禁止因年龄改写结论,高,冻结证据只允许索引、路径解析与解释层治理
977,2026-08-03T15:10:48+08:00,0.67,代码,research/families/f02_empirical_p3_touch/audit/p3_touch_volatility_conditioned_coverage_override.py,11319,近期变更待观察,P4,2,research/families/f02_empirical_p3_touch/docs/p3_touch_volatility_conditioned_v4_1_spec_20260803.json | tests/test_p3_touch_volatility_conditioned_coverage_override.py,,检查测试、文档、registry 与冻结 hash 是否随本次变更同步,高,近期修改不等于语义审计或 action 权限已经完成
978,2026-08-03T15:11:49+08:00,0.67,冻结规范/登记表,research/families/f02_empirical_p3_touch/docs/p3_touch_volatility_conditioned_v4_1_spec_20260803.json,3291,受保护：历史/冻结证据,P3,6,research/families/f02_empirical_p3_touch/docs/p3_touch_conditional_curve_quote_mapping_v1_spec_20260803.json | research/families/f02_empirical_p3_touch/docs/p3_touch_decision_cadence_transport_v1_spec_20260803.json | research/families/f02_empirical_p3_touch/docs/p3_touch_policy_visible_decision_cadence_transport_v1_spec_20260803.json,,核对身份、hash 与 current/superseded 声明；禁止因年龄改写结论,高,冻结证据只允许索引、路径解析与解释层治理
979,2026-08-03T15:12:16+08:00,0.67,测试,tests/test_p3_touch_volatility_conditioned_v4.py,8209,保留：回归/合同测试,P4,0,,,确认仍保护当前实现或冻结身份；只随对应代码原子退役,中,测试零静态引用属正常，不是删除证据
980,2026-08-03T15:13:06+08:00,0.67,测试,tests/test_p3_touch_volatility_conditioned_coverage_override.py,5552,保留：回归/合同测试,P4,0,,,确认仍保护当前实现或冻结身份；只随对应代码原子退役,中,测试零静态引用属正常，不是删除证据
981,2026-08-03T15:14:54+08:00,0.67,文档,research/families/f02_empirical_p3_touch/docs/p3_touch_volatility_conditioned_v4_1_development_20260803.md,3755,受保护：历史/冻结证据,P3,0,,2026-08-03,核对身份、hash 与 current/superseded 声明；禁止因年龄改写结论,高,冻结证据只允许索引、路径解析与解释层治理
982,2026-08-03T15:14:54+08:00,0.67,文档,docs/feature_dag_contract.md,7091,近期变更待观察,P4,0,,2026-08-03,检查测试、文档、registry 与冻结 hash 是否随本次变更同步,中,近期修改不等于语义审计或 action 权限已经完成
983,2026-08-03T15:36:50+08:00,0.65,测试,tests/test_conditional_p3_cpp_overlay.py,3734,保留：回归/合同测试,P4,0,,,确认仍保护当前实现或冻结身份；只随对应代码原子退役,中,测试零静态引用属正常，不是删除证据
984,2026-08-03T15:48:45+08:00,0.64,代码,research/families/f02_empirical_p3_touch/audit/p3_touch_conditional_quote_mapping.py,12130,近期变更待观察,P4,3,research/families/f02_empirical_p3_touch/audit/p3_touch_conditional_quote_path.py | research/families/f02_empirical_p3_touch/docs/p3_touch_conditional_curve_quote_mapping_v1_spec_20260803.json | tests/test_p3_touch_conditional_quote_mapping.py,,检查测试、文档、registry 与冻结 hash 是否随本次变更同步,高,近期修改不等于语义审计或 action 权限已经完成
985,2026-08-03T15:48:45+08:00,0.64,代码,research/families/f02_empirical_p3_touch/audit/p3_touch_conditional_quote_path.py,27278,近期变更待观察,P4,1,research/families/f02_empirical_p3_touch/docs/p3_touch_conditional_curve_quote_mapping_v1_spec_20260803.json,,检查测试、文档、registry 与冻结 hash 是否随本次变更同步,高,近期修改不等于语义审计或 action 权限已经完成
986,2026-08-03T15:49:07+08:00,0.64,测试,tests/test_p3_touch_conditional_quote_mapping.py,2628,保留：回归/合同测试,P4,0,,,确认仍保护当前实现或冻结身份；只随对应代码原子退役,中,测试零静态引用属正常，不是删除证据
987,2026-08-03T15:51:21+08:00,0.64,冻结规范/登记表,research/families/f02_empirical_p3_touch/docs/p3_touch_conditional_curve_quote_mapping_v1_spec_20260803.json,21989,受保护：历史/冻结证据,P3,4,research/families/f02_empirical_p3_touch/docs/p3_touch_conditional_curve_quote_mapping_v1_contract_errata_20260803.json | research/governance/historical_reproduction_registry.v1.json | research/registry.json,,核对身份、hash 与 current/superseded 声明；禁止因年龄改写结论,高,冻结证据只允许索引、路径解析与解释层治理
988,2026-08-03T15:56:17+08:00,0.64,文档,research/families/f02_empirical_p3_touch/docs/p3_touch_conditional_curve_quote_mapping_v1_development_20260803.md,5031,受保护：历史/冻结证据,P3,3,research/families/f02_empirical_p3_touch/docs/p3_touch_conditional_curve_quote_mapping_v1_contract_errata_20260803.json | research/families/f05_fill_quality_quote_ev/docs/conditional_p3_quote_mapping_status_closure_v1_20260804.json | research/registry.json,2026-08-03,核对身份、hash 与 current/superseded 声明；禁止因年龄改写结论,高,冻结证据只允许索引、路径解析与解释层治理
989,2026-08-03T16:19:05+08:00,0.62,文档,research/families/f02_empirical_p3_touch/docs/p3_touch_conditional_curve_quote_mapping_v1_contract_errata_20260803.md,2621,受保护：历史/冻结证据,P3,1,research/registry.json,2026-08-03,核对身份、hash 与 current/superseded 声明；禁止因年龄改写结论,高,冻结证据只允许索引、路径解析与解释层治理
990,2026-08-03T16:19:30+08:00,0.62,冻结规范/登记表,research/families/f02_empirical_p3_touch/docs/p3_touch_conditional_curve_quote_mapping_v1_contract_errata_20260803.json,3573,受保护：历史/冻结证据,P3,4,research/families/f02_empirical_p3_touch/docs/p3_touch_conditional_curve_quote_mapping_v1_contract_errata_20260803.md | research/families/f05_fill_quality_quote_ev/docs/conditional_p3_quote_mapping_status_closure_v1_20260804.json | research/registry.json,,核对身份、hash 与 current/superseded 声明；禁止因年龄改写结论,高,冻结证据只允许索引、路径解析与解释层治理
991,2026-08-03T16:21:41+08:00,0.62,冻结规范/登记表,research/governance/historical_reproduction_registry.v1.json,3196,近期变更待观察,P4,3,research/governance/historical_reproduction.py | research/registry.json | tests/test_conditional_p3_scalar_reproduction_gate.py,,检查测试、文档、registry 与冻结 hash 是否随本次变更同步,高,近期修改不等于语义审计或 action 权限已经完成
992,2026-08-03T16:22:25+08:00,0.62,代码,models/backtest_tick.py,1294453,当前权威：需与 v9 baseline/registry 同步,P0,82,.github/skills/mm-as-glft-ml-spread/SKILL.md | cpp/README.md | docs/codebase_architecture_20260705.md,,核对 runtime、config、artifact、Feature DAG、权限与文档 hash；禁止按年龄删除,高,当前运营或研究治理入口；working-tree 变化必须以新身份绑定
993,2026-08-03T16:24:17+08:00,0.62,冻结规范/登记表,research/shared/replay_lifecycle/docs/continuous_accounting_contract_v1.json,700,近期变更待观察,P4,1,tests/test_continuous_replay_contract_identities.py,,检查测试、文档、registry 与冻结 hash 是否随本次变更同步,高,近期修改不等于语义审计或 action 权限已经完成
994,2026-08-03T16:24:31+08:00,0.62,测试,tests/test_buy_q90_dual_clock_terminal_routing_contract_v2.py,3011,保留：回归/合同测试,P4,4,research/families/f09_campaign_action_uplift/docs/causal_v12_ranked_toxicity_exposure_guard_full_path_adapter_v1_4_execution_amendment_20260802.json | research/families/f10_live_replay_attribution/docs/buy_q90_dual_clock_terminal_routing_contract_v2_implementation_20260802.json | research/families/f10_live_replay_attribution/docs/buy_q90_runtime_authority_contract_v3_implementation_20260802.json,,确认仍保护当前实现或冻结身份；只随对应代码原子退役,高,测试零静态引用属正常，不是删除证据
995,2026-08-03T16:24:31+08:00,0.62,测试,tests/test_exact_opener_opportunity_tape_contract_v2_2.py,2856,保留：回归/合同测试,P4,1,research/families/f04_external_market_alpha/docs/external_adverse_quote_edge_guard_exact_opener_mechanics_v2_2_execution_contract_20260803.json,,确认仍保护当前实现或冻结身份；只随对应代码原子退役,高,测试零静态引用属正常，不是删除证据
996,2026-08-03T16:28:41+08:00,0.62,测试,tests/test_conditional_p3_scalar_reproduction_gate.py,4416,保留：回归/合同测试,P4,0,,,确认仍保护当前实现或冻结身份；只随对应代码原子退役,中,测试零静态引用属正常，不是删除证据
997,2026-08-03T17:16:51+08:00,0.58,测试,tests/test_joint_quote_direct_value_surface.py,10089,保留：回归/合同测试,P4,0,,,确认仍保护当前实现或冻结身份；只随对应代码原子退役,中,测试零静态引用属正常，不是删除证据
998,2026-08-03T17:16:51+08:00,0.58,代码,research/families/f05_fill_quality_quote_ev/audit/joint_quote_direct_value_surface.py,36546,近期变更待观察,P4,0,,,检查测试、文档、registry 与冻结 hash 是否随本次变更同步,中,近期修改不等于语义审计或 action 权限已经完成
999,2026-08-03T17:19:49+08:00,0.58,代码,research/families/f02_empirical_p3_touch/audit/p3_touch_exact_distance_surface.py,28935,近期变更待观察,P4,3,research/families/f02_empirical_p3_touch/audit/p3_touch_decision_cadence_transport.py | research/families/f05_fill_quality_quote_ev/audit/run_conditional_p3_joint_quote_value_preflight.py | research/families/f05_fill_quality_quote_ev/docs/conditional_p3_joint_quote_value_preflight_v1_spec_20260803.json,,检查测试、文档、registry 与冻结 hash 是否随本次变更同步,高,近期修改不等于语义审计或 action 权限已经完成
1000,2026-08-03T17:19:49+08:00,0.58,测试,tests/test_p3_touch_exact_distance_surface.py,13689,保留：回归/合同测试,P4,0,,,确认仍保护当前实现或冻结身份；只随对应代码原子退役,中,测试零静态引用属正常，不是删除证据
1001,2026-08-03T17:34:35+08:00,0.57,代码,research/families/f05_fill_quality_quote_ev/audit/conditional_p3_joint_quote_value_preflight.py,12358,近期变更待观察,P4,3,research/families/f05_fill_quality_quote_ev/audit/run_conditional_p3_joint_quote_value_preflight.py | research/families/f05_fill_quality_quote_ev/docs/conditional_p3_joint_quote_value_preflight_v1_spec_20260803.json | tests/test_conditional_p3_joint_quote_value_preflight.py,,检查测试、文档、registry 与冻结 hash 是否随本次变更同步,高,近期修改不等于语义审计或 action 权限已经完成
1002,2026-08-03T17:34:35+08:00,0.57,代码,research/families/f05_fill_quality_quote_ev/audit/run_conditional_p3_joint_quote_value_preflight.py,15431,近期变更待观察,P4,1,research/families/f05_fill_quality_quote_ev/docs/conditional_p3_joint_quote_value_preflight_v1_spec_20260803.json,,检查测试、文档、registry 与冻结 hash 是否随本次变更同步,高,近期修改不等于语义审计或 action 权限已经完成
1003,2026-08-03T17:34:35+08:00,0.57,测试,tests/test_conditional_p3_joint_quote_value_preflight.py,4498,保留：回归/合同测试,P4,0,,,确认仍保护当前实现或冻结身份；只随对应代码原子退役,中,测试零静态引用属正常，不是删除证据
1004,2026-08-03T17:35:20+08:00,0.57,冻结规范/登记表,research/families/f05_fill_quality_quote_ev/docs/conditional_p3_joint_quote_value_preflight_v1_spec_20260803.json,4232,受保护：历史/冻结证据,P3,2,research/families/f05_fill_quality_quote_ev/audit/run_conditional_p3_joint_quote_value_preflight.py | research/families/f05_fill_quality_quote_ev/docs/conditional_p3_joint_quote_value_owner_progression_v1_spec_20260804.json,,核对身份、hash 与 current/superseded 声明；禁止因年龄改写结论,高,冻结证据只允许索引、路径解析与解释层治理
1005,2026-08-03T17:47:16+08:00,0.56,代码,research/families/f02_empirical_p3_touch/audit/p3_touch_decision_cadence_context.py,22005,近期变更待观察,P4,8,research/families/f02_empirical_p3_touch/audit/p3_touch_decision_cadence_transport.py | research/families/f02_empirical_p3_touch/audit/p3_touch_policy_visible_decision_context.py | research/families/f02_empirical_p3_touch/audit/run_p3_touch_decision_cadence_transport.py,,检查测试、文档、registry 与冻结 hash 是否随本次变更同步,高,近期修改不等于语义审计或 action 权限已经完成
1006,2026-08-03T17:47:16+08:00,0.56,测试,tests/test_p3_touch_decision_cadence_context.py,8806,保留：回归/合同测试,P4,0,,,确认仍保护当前实现或冻结身份；只随对应代码原子退役,中,测试零静态引用属正常，不是删除证据
1007,2026-08-03T17:54:00+08:00,0.56,代码,research/families/f02_empirical_p3_touch/audit/p3_touch_decision_cadence_transport.py,32868,近期变更待观察,P4,5,research/families/f02_empirical_p3_touch/audit/run_p3_touch_decision_cadence_transport.py | research/families/f02_empirical_p3_touch/audit/run_p3_touch_policy_visible_decision_transport.py | research/families/f02_empirical_p3_touch/docs/p3_touch_decision_cadence_transport_v1_spec_20260803.json,,检查测试、文档、registry 与冻结 hash 是否随本次变更同步,高,近期修改不等于语义审计或 action 权限已经完成
1008,2026-08-03T17:54:00+08:00,0.56,测试,tests/test_p3_touch_decision_cadence_transport.py,7486,保留：回归/合同测试,P4,0,,,确认仍保护当前实现或冻结身份；只随对应代码原子退役,中,测试零静态引用属正常，不是删除证据
1009,2026-08-03T17:57:32+08:00,0.55,代码,research/families/f02_empirical_p3_touch/audit/run_p3_touch_decision_cadence_transport.py,12505,近期变更待观察,P4,1,research/families/f02_empirical_p3_touch/docs/p3_touch_decision_cadence_transport_v1_spec_20260803.json,,检查测试、文档、registry 与冻结 hash 是否随本次变更同步,高,近期修改不等于语义审计或 action 权限已经完成
1010,2026-08-03T17:59:26+08:00,0.55,冻结规范/登记表,research/families/f02_empirical_p3_touch/docs/p3_touch_decision_cadence_transport_v1_spec_20260803.json,6126,受保护：历史/冻结证据,P3,0,,,核对身份、hash 与 current/superseded 声明；禁止因年龄改写结论,高,冻结证据只允许索引、路径解析与解释层治理
1011,2026-08-03T18:22:03+08:00,0.54,测试,tests/test_p3_touch_policy_visible_decision_context.py,7399,保留：回归/合同测试,P4,0,,,确认仍保护当前实现或冻结身份；只随对应代码原子退役,中,测试零静态引用属正常，不是删除证据
1012,2026-08-03T18:22:03+08:00,0.54,代码,research/families/f02_empirical_p3_touch/audit/p3_touch_policy_visible_decision_context.py,19037,近期变更待观察,P4,3,research/families/f02_empirical_p3_touch/audit/run_p3_touch_policy_visible_decision_transport.py | research/families/f02_empirical_p3_touch/docs/p3_touch_policy_visible_decision_cadence_transport_v1_spec_20260803.json | tests/test_p3_touch_policy_visible_decision_context.py,,检查测试、文档、registry 与冻结 hash 是否随本次变更同步,高,近期修改不等于语义审计或 action 权限已经完成
1013,2026-08-03T18:22:03+08:00,0.54,代码,research/families/f02_empirical_p3_touch/audit/run_p3_touch_policy_visible_decision_transport.py,15671,近期变更待观察,P4,1,research/families/f02_empirical_p3_touch/docs/p3_touch_policy_visible_decision_cadence_transport_v1_spec_20260803.json,,检查测试、文档、registry 与冻结 hash 是否随本次变更同步,高,近期修改不等于语义审计或 action 权限已经完成
1014,2026-08-03T18:24:18+08:00,0.54,冻结规范/登记表,research/families/f02_empirical_p3_touch/docs/p3_touch_policy_visible_decision_cadence_transport_v1_spec_20260803.json,8174,受保护：历史/冻结证据,P3,2,research/families/f02_empirical_p3_touch/docs/p3_touch_policy_visible_decision_cadence_transport_v1_contract_errata_20260803.json | research/registry.json,,核对身份、hash 与 current/superseded 声明；禁止因年龄改写结论,高,冻结证据只允许索引、路径解析与解释层治理
1015,2026-08-03T18:29:46+08:00,0.53,文档,research/families/f05_fill_quality_quote_ev/docs/conditional_p3_joint_quote_value_preflight_v1_development_20260803.md,2403,受保护：历史/冻结证据,P3,1,research/registry.json,2026-08-03,核对身份、hash 与 current/superseded 声明；禁止因年龄改写结论,高,冻结证据只允许索引、路径解析与解释层治理
1016,2026-08-03T18:34:28+08:00,0.53,文档,research/families/f02_empirical_p3_touch/docs/p3_touch_policy_visible_decision_cadence_transport_v1_development_20260803.md,5622,受保护：历史/冻结证据,P3,1,research/registry.json,2026-08-03,核对身份、hash 与 current/superseded 声明；禁止因年龄改写结论,高,冻结证据只允许索引、路径解析与解释层治理
1017,2026-08-03T18:34:59+08:00,0.53,文档,research/families/f02_empirical_p3_touch/docs/p3_touch_policy_visible_decision_cadence_transport_v1_contract_errata_20260803.md,1475,受保护：历史/冻结证据,P3,1,research/registry.json,2026-08-03,核对身份、hash 与 current/superseded 声明；禁止因年龄改写结论,高,冻结证据只允许索引、路径解析与解释层治理
1018,2026-08-03T18:35:16+08:00,0.53,冻结规范/登记表,research/families/f02_empirical_p3_touch/docs/p3_touch_policy_visible_decision_cadence_transport_v1_contract_errata_20260803.json,2332,受保护：历史/冻结证据,P3,1,research/registry.json,,核对身份、hash 与 current/superseded 声明；禁止因年龄改写结论,高,冻结证据只允许索引、路径解析与解释层治理
1019,2026-08-03T18:54:14+08:00,0.51,测试,tests/test_live_post_fill_quote_response.py,2097,保留：回归/合同测试,P4,0,,,确认仍保护当前实现或冻结身份；只随对应代码原子退役,中,测试零静态引用属正常，不是删除证据
1020,2026-08-03T18:54:14+08:00,0.51,测试,tests/test_state_conditioned_quote_policy.py,8215,保留：回归/合同测试,P4,0,,,确认仍保护当前实现或冻结身份；只随对应代码原子退役,中,测试零静态引用属正常，不是删除证据
1021,2026-08-03T18:54:14+08:00,0.51,测试,tests/test_cross_venue_fair_price.py,13124,保留：回归/合同测试,P4,3,research/families/f04_external_market_alpha/docs/cross_venue_causal_fair_price_v1_spec_20260801.json | research/families/f09_campaign_action_uplift/docs/cross_venue_fair_center_shift_randomized_replay_v1_1_spec_20260801.json | research/families/f09_campaign_action_uplift/docs/cross_venue_fair_center_shift_randomized_replay_v1_spec_20260801.json,,确认仍保护当前实现或冻结身份；只随对应代码原子退役,高,测试零静态引用属正常，不是删除证据
1022,2026-08-03T19:05:33+08:00,0.51,文档,research/shared/replay_lifecycle/docs/quote_decision_snapshot_atomicity_v1_implementation_20260803.md,3720,受保护：历史/冻结证据,P3,0,,2026-08-03,核对身份、hash 与 current/superseded 声明；禁止因年龄改写结论,高,冻结证据只允许索引、路径解析与解释层治理
1023,2026-08-04T02:44:16+08:00,0.19,代码,models/audit/research_progression.py,4981,近期变更待观察,P4,4,research/families/f05_fill_quality_quote_ev/audit/conditional_p3_joint_quote_owner_progression.py | research/families/f05_fill_quality_quote_ev/docs/conditional_p3_joint_quote_value_owner_progression_v1_spec_20260804.json | research/shared/experiment_governance/README.md,,检查测试、文档、registry 与冻结 hash 是否随本次变更同步,高,近期修改不等于语义审计或 action 权限已经完成
1024,2026-08-04T02:45:35+08:00,0.19,代码,research/families/f05_fill_quality_quote_ev/audit/conditional_p3_joint_quote_owner_progression.py,9231,近期变更待观察,P4,1,research/families/f05_fill_quality_quote_ev/docs/conditional_p3_joint_quote_value_owner_progression_v1_spec_20260804.json,,检查测试、文档、registry 与冻结 hash 是否随本次变更同步,高,近期修改不等于语义审计或 action 权限已经完成
1025,2026-08-04T02:49:37+08:00,0.18,代码,research/families/f05_fill_quality_quote_ev/audit/conditional_p3_joint_quote_sparse_value_diagnostic.py,29971,近期变更待观察,P4,1,research/families/f05_fill_quality_quote_ev/docs/conditional_p3_joint_quote_sparse_value_diagnostic_v1_spec_20260804.json,,检查测试、文档、registry 与冻结 hash 是否随本次变更同步,高,近期修改不等于语义审计或 action 权限已经完成
1026,2026-08-04T02:51:11+08:00,0.18,冻结规范/登记表,research/families/f05_fill_quality_quote_ev/docs/conditional_p3_joint_quote_value_owner_progression_v1_spec_20260804.json,4258,受保护：历史/冻结证据,P3,2,research/families/f05_fill_quality_quote_ev/docs/conditional_p3_joint_quote_sparse_value_diagnostic_v1_spec_20260804.json | research/registry.json,,核对身份、hash 与 current/superseded 声明；禁止因年龄改写结论,高,冻结证据只允许索引、路径解析与解释层治理
1027,2026-08-04T02:54:07+08:00,0.18,冻结规范/登记表,research/families/f05_fill_quality_quote_ev/docs/conditional_p3_joint_quote_sparse_value_diagnostic_v1_spec_20260804.json,3797,受保护：历史/冻结证据,P3,0,,,核对身份、hash 与 current/superseded 声明；禁止因年龄改写结论,高,冻结证据只允许索引、路径解析与解释层治理
1028,2026-08-04T02:55:22+08:00,0.18,测试,tests/test_research_progression_dual_path.py,2662,保留：回归/合同测试,P4,0,,,确认仍保护当前实现或冻结身份；只随对应代码原子退役,中,测试零静态引用属正常，不是删除证据
1029,2026-08-04T02:55:45+08:00,0.18,测试,tests/test_conditional_p3_joint_quote_sparse_value_diagnostic.py,1768,保留：回归/合同测试,P4,0,,,确认仍保护当前实现或冻结身份；只随对应代码原子退役,中,测试零静态引用属正常，不是删除证据
1030,2026-08-04T02:57:44+08:00,0.18,文档,research/families/f05_fill_quality_quote_ev/docs/conditional_p3_joint_quote_sparse_value_diagnostic_v1_development_20260804.md,2818,受保护：历史/冻结证据,P3,2,research/families/f05_fill_quality_quote_ev/docs/conditional_p3_quote_mapping_status_closure_v1_20260804.json | research/registry.json,2026-08-04,核对身份、hash 与 current/superseded 声明；禁止因年龄改写结论,高,冻结证据只允许索引、路径解析与解释层治理
1031,2026-08-04T03:30:26+08:00,0.16,代码,live/config.py,53024,当前权威：需与 v9 baseline/registry 同步,P0,70,.github/skills/mm-as-glft-ml-spread/SKILL.md | bench/bench_live_path.py | docs/repository_lru_audit_20260727.md,,核对 runtime、config、artifact、Feature DAG、权限与文档 hash；禁止按年龄删除,高,当前运营或研究治理入口；working-tree 变化必须以新身份绑定
1032,2026-08-04T03:30:26+08:00,0.16,代码,live/main.py,38595,当前权威：需与 v9 baseline/registry 同步,P0,30,.github/skills/mm-as-glft-ml-spread/SKILL.md | bench/bench_live_path.py | docs/ops/live_dry_run.md,,核对 runtime、config、artifact、Feature DAG、权限与文档 hash；禁止按年龄删除,高,当前运营或研究治理入口；working-tree 变化必须以新身份绑定
1033,2026-08-04T03:30:26+08:00,0.16,工程配置,live/config.yaml,12651,当前权威：需与 v9 baseline/registry 同步,P0,52,.github/skills/mm-as-glft-ml-spread/SKILL.md | Makefile | README.md,,核对 runtime、config、artifact、Feature DAG、权限与文档 hash；禁止按年龄删除,高,当前运营或研究治理入口；working-tree 变化必须以新身份绑定
1034,2026-08-04T03:36:19+08:00,0.15,代码,scripts/preflight_live_deploy.py,6444,当前权威：需与 v9 baseline/registry 同步,P0,12,Makefile | docs/ops/live_dry_run.md | research/families/f10_live_replay_attribution/docs/buy_q90_action_suspension_operational_release_v1_20260802.md,,核对 runtime、config、artifact、Feature DAG、权限与文档 hash；禁止按年龄删除,高,当前运营或研究治理入口；working-tree 变化必须以新身份绑定
1035,2026-08-04T03:36:19+08:00,0.15,测试,tests/test_preflight_live_deploy.py,7346,保留：回归/合同测试,P4,4,research/families/f10_live_replay_attribution/docs/buy_q90_dual_clock_terminal_routing_contract_v2_implementation_20260802.json | research/families/f10_live_replay_attribution/docs/buy_q90_runtime_authority_contract_v3_implementation_20260802.json | research/shared/replay_lifecycle/docs/quote_decision_snapshot_atomicity_v2_implementation_20260804.json,,确认仍保护当前实现或冻结身份；只随对应代码原子退役,高,测试零静态引用属正常，不是删除证据
1036,2026-08-04T03:51:10+08:00,0.14,测试,tests/test_buy_q90_runtime_authority_contract_v3.py,2425,保留：回归/合同测试,P4,2,research/families/f09_campaign_action_uplift/docs/causal_v12_ranked_toxicity_exposure_guard_full_path_adapter_v1_4_execution_amendment_20260802.json | research/families/f10_live_replay_attribution/docs/buy_q90_runtime_authority_contract_v3_implementation_20260802.json,,确认仍保护当前实现或冻结身份；只随对应代码原子退役,高,测试零静态引用属正常，不是删除证据
1037,2026-08-04T03:52:19+08:00,0.14,代码,strategy/maker_engine.py,279230,当前权威：需与 v9 baseline/registry 同步,P0,53,.github/skills/mm-as-glft-ml-spread/SKILL.md | bench/bench_live_path.py | cpp/README.md,,核对 runtime、config、artifact、Feature DAG、权限与文档 hash；禁止按年龄删除,高,当前运营或研究治理入口；working-tree 变化必须以新身份绑定
1038,2026-08-04T03:53:37+08:00,0.14,代码,strategy/signal.py,136908,当前权威：需与 v9 baseline/registry 同步,P0,43,.github/skills/mm-as-glft-ml-spread/SKILL.md | bench/bench_global_flow_batch.py | bench/bench_live_path.py,,核对 runtime、config、artifact、Feature DAG、权限与文档 hash；禁止按年龄删除,高,当前运营或研究治理入口；working-tree 变化必须以新身份绑定
1039,2026-08-04T03:53:37+08:00,0.14,测试,tests/test_quote_decision_snapshot_atomicity.py,16098,保留：回归/合同测试,P4,2,research/shared/replay_lifecycle/docs/quote_decision_snapshot_atomicity_v1_implementation_20260803.md | research/shared/replay_lifecycle/docs/quote_decision_snapshot_atomicity_v2_implementation_20260804.json,,确认仍保护当前实现或冻结身份；只随对应代码原子退役,高,测试零静态引用属正常，不是删除证据
1040,2026-08-04T03:55:36+08:00,0.14,代码,scripts/audit_quote_snapshot_integrity.py,18137,近期变更待观察,P4,5,research/families/f10_live_replay_attribution/docs/operational_baseline_identity_20260804_v8.json | research/families/f10_live_replay_attribution/docs/operational_baseline_identity_20260804_v9.json | research/families/f10_live_replay_attribution/docs/quote_decision_snapshot_atomicity_v2_operational_release_20260804.json,,检查测试、文档、registry 与冻结 hash 是否随本次变更同步,高,近期修改不等于语义审计或 action 权限已经完成
1041,2026-08-04T03:55:36+08:00,0.14,测试,tests/test_quote_snapshot_integrity_audit.py,3652,保留：回归/合同测试,P4,1,research/shared/replay_lifecycle/docs/quote_decision_snapshot_atomicity_v2_implementation_20260804.json,,确认仍保护当前实现或冻结身份；只随对应代码原子退役,高,测试零静态引用属正常，不是删除证据
1042,2026-08-04T03:59:25+08:00,0.14,冻结规范/登记表,research/shared/replay_lifecycle/docs/quote_decision_snapshot_atomicity_v2_implementation_20260804.json,2751,受保护：历史/冻结证据,P3,2,research/families/f10_live_replay_attribution/docs/quote_decision_snapshot_atomicity_v2_operational_release_20260804.json | research/shared/replay_lifecycle/docs/quote_decision_snapshot_atomicity_v2_implementation_20260804.md,,核对身份、hash 与 current/superseded 声明；禁止因年龄改写结论,高,冻结证据只允许索引、路径解析与解释层治理
1043,2026-08-04T03:59:25+08:00,0.14,文档,research/shared/replay_lifecycle/docs/quote_decision_snapshot_atomicity_v2_implementation_20260804.md,2612,受保护：历史/冻结证据,P3,1,research/families/f10_live_replay_attribution/docs/quote_decision_snapshot_atomicity_v2_operational_release_20260804.json,2026-08-04,核对身份、hash 与 current/superseded 声明；禁止因年龄改写结论,高,冻结证据只允许索引、路径解析与解释层治理
1044,2026-08-04T03:59:25+08:00,0.14,文档,research/shared/replay_lifecycle/README.md,1683,近期变更待观察,P4,1,research/governance/migrations/layout_v2.json,2026-08-03,检查测试、文档、registry 与冻结 hash 是否随本次变更同步,高,近期修改不等于语义审计或 action 权限已经完成
1045,2026-08-04T04:44:08+08:00,0.11,冻结规范/登记表,research/families/f10_live_replay_attribution/docs/quote_decision_snapshot_atomicity_v2_operational_release_20260804.json,5954,受保护：历史/冻结证据,P3,2,research/families/f10_live_replay_attribution/docs/operational_baseline_identity_20260804_v8.json | research/registry.json,,核对身份、hash 与 current/superseded 声明；禁止因年龄改写结论,高,冻结证据只允许索引、路径解析与解释层治理
1046,2026-08-04T04:44:08+08:00,0.11,文档,research/families/f10_live_replay_attribution/docs/quote_decision_snapshot_atomicity_v2_operational_release_20260804.md,2548,受保护：历史/冻结证据,P3,2,research/families/f10_live_replay_attribution/docs/operational_baseline_identity_20260804_v8.json | research/registry.json,2026-08-04,核对身份、hash 与 current/superseded 声明；禁止因年龄改写结论,高,冻结证据只允许索引、路径解析与解释层治理
1047,2026-08-04T04:45:19+08:00,0.1,冻结规范/登记表,research/families/f10_live_replay_attribution/docs/operational_baseline_identity_20260804_v8.json,7073,受保护：历史/冻结证据,P3,3,project.md | research/families/f10_live_replay_attribution/docs/operational_baseline_identity_20260804_v9.json | research/registry.json,,核对身份、hash 与 current/superseded 声明；禁止因年龄改写结论,高,冻结证据只允许索引、路径解析与解释层治理
1048,2026-08-04T04:51:04+08:00,0.1,文档,research/families/f03_causal_13_head/README.md,2155,近期变更待观察,P4,1,research/governance/migrations/layout_v2.json,2026-08-04,检查测试、文档、registry 与冻结 hash 是否随本次变更同步,高,近期修改不等于语义审计或 action 权限已经完成
1049,2026-08-04T04:58:29+08:00,0.1,文档,research/families/f05_fill_quality_quote_ev/docs/conditional_p3_quote_mapping_status_closure_v1_20260804.md,2563,受保护：历史/冻结证据,P3,1,research/registry.json,2026-08-04,核对身份、hash 与 current/superseded 声明；禁止因年龄改写结论,高,冻结证据只允许索引、路径解析与解释层治理
1050,2026-08-04T05:00:10+08:00,0.09,文档,research/shared/experiment_governance/docs/dual_path_research_progression_contract_v1.md,1911,当前权威：需与 v9 baseline/registry 同步,P0,3,research/families/f05_fill_quality_quote_ev/docs/conditional_p3_quote_mapping_status_closure_v1_20260804.json | research/registry.json | research/shared/experiment_governance/docs/action_bound_full_path_direct_promotion_contract_v1.json,2026-08-04,核对 runtime、config、artifact、Feature DAG、权限与文档 hash；禁止按年龄删除,高,当前运营或研究治理入口；working-tree 变化必须以新身份绑定
1051,2026-08-04T05:00:29+08:00,0.09,冻结规范/登记表,research/families/f05_fill_quality_quote_ev/docs/conditional_p3_quote_mapping_status_closure_v1_20260804.json,4410,受保护：历史/冻结证据,P3,1,research/registry.json,,核对身份、hash 与 current/superseded 声明；禁止因年龄改写结论,高,冻结证据只允许索引、路径解析与解释层治理
1052,2026-08-04T05:51:25+08:00,0.06,文档,research/shared/experiment_governance/README.md,1139,近期变更待观察,P4,1,research/governance/migrations/layout_v2.json,2026-08-04,检查测试、文档、registry 与冻结 hash 是否随本次变更同步,高,近期修改不等于语义审计或 action 权限已经完成
1053,2026-08-04T05:51:25+08:00,0.06,文档,research/families/f02_empirical_p3_touch/README.md,4820,近期变更待观察,P4,1,research/governance/migrations/layout_v2.json,2026-08-04,检查测试、文档、registry 与冻结 hash 是否随本次变更同步,高,近期修改不等于语义审计或 action 权限已经完成
1054,2026-08-04T06:06:58+08:00,0.05,代码,models/audit/action_bound_full_path_promotion.py,24354,近期变更待观察,P4,3,research/shared/experiment_governance/README.md | research/shared/experiment_governance/docs/action_bound_full_path_direct_promotion_contract_v1.json | tests/test_action_bound_full_path_promotion.py,,检查测试、文档、registry 与冻结 hash 是否随本次变更同步,高,近期修改不等于语义审计或 action 权限已经完成
1055,2026-08-04T06:07:18+08:00,0.05,测试,tests/test_action_bound_full_path_promotion.py,10496,保留：回归/合同测试,P4,1,research/shared/experiment_governance/docs/action_bound_full_path_direct_promotion_contract_v1.json,,确认仍保护当前实现或冻结身份；只随对应代码原子退役,高,测试零静态引用属正常，不是删除证据
1056,2026-08-04T06:11:48+08:00,0.04,冻结规范/登记表,research/shared/experiment_governance/docs/action_bound_full_path_direct_promotion_contract_v1.json,6705,当前权威：需与 v9 baseline/registry 同步,P0,2,research/registry.json | tests/test_action_bound_full_path_promotion.py,,核对 runtime、config、artifact、Feature DAG、权限与文档 hash；禁止按年龄删除,高,当前运营或研究治理入口；working-tree 变化必须以新身份绑定
1057,2026-08-04T06:13:52+08:00,0.04,文档,research/shared/experiment_governance/docs/action_bound_full_path_direct_promotion_contract_v1.md,3870,当前权威：需与 v9 baseline/registry 同步,P0,1,research/registry.json,2026-08-04,核对 runtime、config、artifact、Feature DAG、权限与文档 hash；禁止按年龄删除,高,当前运营或研究治理入口；working-tree 变化必须以新身份绑定
1058,2026-08-04T07:04:31+08:00,0.01,文档,research/families/f05_fill_quality_quote_ev/docs/buy_fill_selection_live_shadow_retirement_operational_release_v3_20260804.md,4962,受保护：历史/冻结证据,P3,2,research/families/f10_live_replay_attribution/docs/operational_baseline_identity_20260804_v9.json | research/registry.json,2026-08-04,核对身份、hash 与 current/superseded 声明；禁止因年龄改写结论,高,冻结证据只允许索引、路径解析与解释层治理
1059,2026-08-04T07:04:31+08:00,0.01,冻结规范/登记表,research/families/f05_fill_quality_quote_ev/docs/buy_fill_selection_live_shadow_retirement_operational_release_v3_20260804.json,4290,受保护：历史/冻结证据,P3,2,research/families/f10_live_replay_attribution/docs/operational_baseline_identity_20260804_v9.json | research/registry.json,,核对身份、hash 与 current/superseded 声明；禁止因年龄改写结论,高,冻结证据只允许索引、路径解析与解释层治理
1060,2026-08-04T07:07:31+08:00,0.01,冻结规范/登记表,research/families/f10_live_replay_attribution/docs/operational_baseline_identity_20260804_v9.json,7417,当前权威：需与 v9 baseline/registry 同步,P0,6,README.md | README.zh-CN.md | docs/repository_lru_audit_20260727.md,,核对 runtime、config、artifact、Feature DAG、权限与文档 hash；禁止按年龄删除,高,当前运营或研究治理入口；working-tree 变化必须以新身份绑定
1061,2026-08-04T07:07:51+08:00,0.01,冻结规范/登记表,research/families/f10_live_replay_attribution/docs/operational_baseline_current.json,1644,当前权威：需与 v9 baseline/registry 同步,P0,11,README.md | README.zh-CN.md | docs/repository_lru_audit_20260727.md,,核对 runtime、config、artifact、Feature DAG、权限与文档 hash；禁止按年龄删除,高,当前运营或研究治理入口；working-tree 变化必须以新身份绑定
1062,2026-08-04T07:08:07+08:00,0.01,测试,tests/test_operational_backtest_baseline.py,7585,保留：回归/合同测试,P4,0,,,确认仍保护当前实现或冻结身份；只随对应代码原子退役,中,测试零静态引用属正常，不是删除证据
1063,2026-08-04T07:08:24+08:00,0.01,文档,research/families/f05_fill_quality_quote_ev/README.md,7598,近期变更待观察,P4,1,research/governance/migrations/layout_v2.json,2026-08-04,检查测试、文档、registry 与冻结 hash 是否随本次变更同步,高,近期修改不等于语义审计或 action 权限已经完成
1064,2026-08-04T07:08:42+08:00,0.0,文档,research/families/f10_live_replay_attribution/README.md,17011,近期变更待观察,P4,2,research/governance/migrations/layout_v2.json | tests/test_research_family_layout.py,2026-08-04,检查测试、文档、registry 与冻结 hash 是否随本次变更同步,高,近期修改不等于语义审计或 action 权限已经完成
1065,2026-08-04T07:08:57+08:00,0.0,文档,README.md,37285,当前权威：需与 v9 baseline/registry 同步,P0,7,.github/skills/mm-as-glft-ml-spread/SKILL.md | Dockerfile | README.zh-CN.md,2026-08-04,核对 runtime、config、artifact、Feature DAG、权限与文档 hash；禁止按年龄删除,高,当前运营或研究治理入口；working-tree 变化必须以新身份绑定
1066,2026-08-04T07:09:09+08:00,0.0,文档,README.zh-CN.md,35120,当前权威：需与 v9 baseline/registry 同步,P0,3,README.md | docs/ops/README.md | docs/repository_lru_audit_20260727.md,2026-08-04,核对 runtime、config、artifact、Feature DAG、权限与文档 hash；禁止按年龄删除,高,当前运营或研究治理入口；working-tree 变化必须以新身份绑定
1067,2026-08-04T07:10:15+08:00,0.0,文档,project.md,148992,当前权威：需与 v9 baseline/registry 同步,P0,5,README.md | README.zh-CN.md | docs/codebase_architecture_20260705.md,2026-08-04,核对 runtime、config、artifact、Feature DAG、权限与文档 hash；禁止按年龄删除,高,当前运营或研究治理入口；working-tree 变化必须以新身份绑定
1068,2026-08-04T07:11:40+08:00,0.0,代码,cpp/narrowgate_cpp/tick_replay.hpp,35001,近期变更待观察,P4,10,cpp/README.md | cpp/narrowgate_cpp/bindings.cpp | cpp/narrowgate_cpp/tick_replay.cpp,,检查测试、文档、registry 与冻结 hash 是否随本次变更同步,高,近期修改不等于语义审计或 action 权限已经完成
1069,2026-08-04T07:12:16+08:00,0.0,冻结规范/登记表,research/registry.json,64713,当前权威：需与 v9 baseline/registry 同步,P0,6,docs/codebase_architecture_20260705.md | docs/repository_lru_audit_20260727.md | research/README.md,,核对 runtime、config、artifact、Feature DAG、权限与文档 hash；禁止按年龄删除,高,当前运营或研究治理入口；working-tree 变化必须以新身份绑定
1070,2026-08-04T07:14:12+08:00,0.0,代码,cpp/narrowgate_cpp/tick_replay.cpp,264942,近期变更待观察,P4,9,cpp/README.md | research/families/f01_fixed_parameter_racing/campaign_outcome_replay_audit.py | research/families/f02_empirical_p3_touch/docs/p3_touch_conditional_curve_quote_mapping_v1_spec_20260803.json,,检查测试、文档、registry 与冻结 hash 是否随本次变更同步,高,近期修改不等于语义审计或 action 权限已经完成
1071,2026-08-04T07:14:41+08:00,0.0,文档,docs/repository_lru_audit_20260727.md,12806,近期变更待观察,P4,0,,2026-08-04,检查测试、文档、registry 与冻结 hash 是否随本次变更同步,中,近期修改不等于语义审计或 action 权限已经完成
1072,2026-08-04T07:15:31+08:00,0.0,代码,cpp/narrowgate_cpp/bindings.cpp,177584,近期变更待观察,P4,29,cpp/README.md | cpp/narrowgate_cpp/quote_core.hpp | research/families/f02_empirical_p3_touch/docs/p3_touch_conditional_curve_quote_mapping_v1_spec_20260803.json,,检查测试、文档、registry 与冻结 hash 是否随本次变更同步,高,近期修改不等于语义审计或 action 权限已经完成
